wmc,dit,noc,cbo,rfc,lcom,ca,ce,npm,lcom3,loc,dam,moa,mfa,cam,ic,cbm,amc,max_cc,avg_cc
5,3,0,1,16,8,0,1,3,1.246296296,2125,0.0,0,0.926829268,0.333333333,0,0,397.0,2,0.8
2,5,0,5,10,0,1,4,2,0.0,27,1.0,0,0.947368421,0.666666667,0,0,12.0,1,0.5
7,1,0,18,53,9,1,17,7,0.722222222,609,0.0,0,0.0,0.333333333,0,0,85.14285714,10,2.4286
13,1,0,4,40,8,0,4,2,0.697916667,516,0.0,4,0.0,0.15,0,0,38.07692308,7,2.7692
1,1,0,8,1,0,8,1,1,2.0,1,0.0,0,0.0,1.0,0,0,0.0,1,1.0
13,1,0,8,31,14,6,7,11,0.666666667,485,1.0,3,0.0,0.230769231,0,0,35.69230769,11,3.3077
11,2,0,7,21,35,2,5,9,0.8,107,0.5,0,0.55,0.257575758,1,4,8.545454545,2,0.9091
2,4,0,4,12,1,0,4,1,2.0,55,0.0,0,0.980392157,1.0,1,2,26.5,4,2.0
10,1,0,3,16,27,1,2,10,0.666666667,69,1.0,1,0.0,0.425,0,0,5.6,1,0.7
164,1,0,138,378,12328,109,49,126,0.94432226,5866,0.679245283,11,0.0,0.08271474,0,0,34.44512195,57,3.4817
3,2,0,11,29,3,0,11,3,2.0,192,0.0,0,0.75,0.555555556,0,0,63.0,11,4.0
1,1,0,1,1,0,0,1,1,2.0,1,0.0,0,0.0,1.0,0,0,0.0,1,1.0
8,1,0,24,20,22,21,3,6,0.571428571,176,1.0,1,0.0,0.25,0,0,20.875,1,0.75
7,1,0,8,21,9,2,6,7,0.833333333,207,1.0,5,0.0,0.571428571,0,0,27.71428571,2,1.0
7,2,2,9,15,1,8,1,4,0.583333333,92,1.0,1,0.454545455,0.464285714,1,1,11.57142857,1,0.8571
20,3,2,35,72,120,14,24,19,0.910931174,404,1.0,3,0.759493671,0.1875,1,4,18.55,7,1.8
2,2,0,6,4,1,4,2,0,2.0,39,0.0,0,0.923076923,0.666666667,1,3,18.5,4,2.0
10,4,1,3,20,43,2,2,9,1.0,64,0.5,0,0.897727273,0.325,2,8,5.2,2,1.0
3,4,0,1,4,1,0,1,2,1.428571429,1872,0.0,0,0.976190476,1.0,0,0,618.3333333,1,0.3333
10,1,4,17,81,5,4,13,4,0.783625731,743,1.0,7,0.0,0.259259259,0,0,71.4,14,4.2
9,1,0,13,16,0,13,0,9,0.6,152,0.2,0,0.0,0.518518519,1,1,15.33333333,3,1.1111
18,2,0,6,35,37,1,5,16,0.806722689,287,0.571428571,2,0.423076923,0.366666667,1,6,14.55555556,2,0.8889
17,7,2,15,117,100,4,12,8,0.701388889,878,1.0,1,0.977645306,0.176470588,4,9,50.11764706,15,2.9412
21,2,0,14,25,198,8,7,16,0.8,119,1.0,1,0.678571429,0.217687075,1,3,4.619047619,1,0.8571
19,1,34,78,23,119,75,5,16,0.873015873,125,1.0,4,0.0,0.218045113,0,0,5.210526316,2,1.0
1,1,0,4,2,0,1,3,0,2.0,54,0.0,3,0.0,1.0,0,0,48.0,0,0.0
13,1,0,28,104,76,2,26,8,0.916666667,691,1.0,1,0.0,0.227272727,0,0,52.07692308,8,1.6154
5,1,0,1,19,0,1,0,3,0.5,108,1.0,0,0.0,0.533333333,0,0,20.2,3,1.4
7,1,0,0,7,21,0,0,7,2.0,7,0.0,0,0.0,0.25,0,0,0.0,1,1.0
7,4,0,3,10,21,0,3,7,2.0,39,0.0,0,0.931818182,0.571428571,1,6,4.571428571,1,0.8571
3,2,1,10,4,0,8,2,2,1.125,22,0.0,0,0.888888889,0.5,0,0,5.0,1,0.6667
44,1,0,28,120,794,14,15,42,0.942857143,1110,0.571428571,7,0.0,0.146103896,0,0,23.43181818,12,2.1364
83,2,0,11,178,0,1,10,76,0.843089431,1124,1.0,1,0.514792899,0.116465863,2,10,12.36144578,10,1.2048
3,4,0,6,12,3,2,4,2,2.0,68,0.0,0,0.985714286,0.428571429,1,7,21.66666667,1,0.3333
6,5,0,5,46,11,1,4,1,0.88,251,0.8,2,0.993610224,0.3,0,0,40.0,8,2.5
1,1,0,0,2,0,0,0,1,2.0,40,0.0,0,0.0,1.0,0,0,3.0,0,0.0
4,1,0,0,18,0,0,0,3,1.166666667,130,0.5,0,0.0,0.333333333,0,0,30.0,6,2.5
16,3,0,9,65,38,3,7,13,0.666666667,670,0.777777778,0,0.729166667,0.185185185,2,5,40.3125,24,4.875
2,2,0,11,9,1,3,8,1,2.0,65,0.0,0,0.947368421,0.625,0,0,31.5,1,0.5
3,3,0,0,4,1,0,0,2,0.5,234,1.0,0,0.974358974,1.0,0,0,76.66666667,1,0.3333
17,1,1,15,45,46,7,8,16,0.395833333,444,1.0,2,0.0,0.294117647,0,0,24.94117647,8,2.2941
9,2,0,7,30,0,1,7,9,0.0,228,1.0,0,0.5,0.333333333,1,1,24.22222222,3,2.1111
9,1,0,11,58,28,1,10,4,0.75,465,0.666666667,1,0.0,0.25,0,0,50.33333333,30,4.5556
9,2,0,6,34,30,1,5,7,0.669117647,721,1.0,2,0.363636364,0.285714286,0,0,77.22222222,1,0.7778
7,1,0,7,20,9,2,5,7,0.833333333,173,1.0,5,0.0,0.571428571,0,0,22.85714286,2,1.0
1,1,0,5,1,0,3,2,1,2.0,1,0.0,0,0.0,1.0,0,0,0.0,1,1.0
25,2,0,16,74,206,6,15,18,0.800925926,448,1.0,1,0.361111111,0.19047619,1,1,16.56,4,1.32
3,5,0,1,9,0,0,1,3,0.5,33,1.0,0,0.894736842,0.555555556,0,0,9.333333333,1,0.6667
19,1,1,7,35,137,1,6,16,0.857142857,183,1.0,1,0.0,0.157894737,0,0,8.263157895,2,1.0
9,1,0,1,15,36,0,1,9,2.0,69,0.0,0,0.0,0.111111111,0,0,6.666666667,2,1.0
5,4,3,19,21,0,3,16,5,0.25,149,1.0,2,0.96969697,0.366666667,3,14,28.4,4,1.2
54,5,0,41,175,1183,21,27,25,0.930333817,1425,0.846153846,5,0.926241135,0.122895623,3,12,24.90740741,11,2.1296
4,1,0,9,28,2,2,8,2,0.333333333,475,0.0,1,0.0,0.583333333,0,0,117.25,1,0.75
10,2,7,17,26,31,11,6,6,0.666666667,156,1.0,1,0.222222222,0.266666667,0,0,14.4,3,1.2
3,4,0,1,4,1,0,1,2,1.428571429,1872,0.0,0,0.976190476,1.0,0,0,618.3333333,1,0.3333
5,2,0,2,12,0,1,1,5,0.125,82,0.5,0,0.5,0.466666667,1,1,15.0,1,0.8
2,4,0,4,4,0,1,3,1,0.0,16,1.0,1,0.9375,0.666666667,1,1,6.5,1,0.5
16,2,0,5,41,74,0,5,13,0.916666667,853,0.375,0,0.363636364,0.244444444,1,1,51.8125,7,2.0
8,1,0,1,8,28,0,1,8,2.0,8,0.0,0,0.0,0.28125,0,0,0.0,1,1.0
23,1,0,25,98,95,8,22,13,0.842424242,734,0.8,3,0.0,0.217391304,0,0,30.26086957,9,2.2174
17,2,0,9,20,124,4,7,13,0.75,99,1.0,1,0.730769231,0.235294118,1,3,4.764705882,1,0.8235
2,1,0,10,14,0,2,8,2,0.0,104,1.0,0,0.0,0.583333333,0,0,50.5,1,0.5
8,2,0,16,52,16,2,0,5,0.666666667,336,1.0,1,0.740740741,0.46875,1,1,40.625,2,1.0
15,2,0,6,27,7,1,6,7,0.612244898,287,1.0,1,0.44,0.2,1,3,17.66666667,3,1.0667
3,1,0,5,9,1,2,5,3,0.5,28,1.0,1,0.0,0.555555556,0,0,8.0,1,0.6667
9,3,0,9,29,0,0,9,9,0.583333333,168,1.0,1,0.822222222,0.444444444,0,0,17.33333333,2,1.4444
12,1,0,10,64,0,1,10,7,0.545454545,444,1.0,1,0.0,0.243055556,0,0,35.75,6,2.6667
5,3,0,9,24,10,1,9,3,2.0,137,0.0,0,0.882352941,0.4,0,0,26.4,6,2.8
1,1,0,43,1,0,43,0,1,2.0,1,0.0,0,0.0,1.0,0,0,0.0,1,1.0
0,1,0,1,0,0,1,0,0,2.0,0,0.0,0,0.0,0.0,0,0,0.0,0,0.0
87,2,0,8,100,3741,0,8,84,2.0,711,0.0,0,0.104166667,0.054675365,1,2,7.172413793,3,1.023
5,1,0,6,13,0,5,1,5,0.0,69,1.0,0,0.0,0.533333333,0,0,12.6,3,1.2
5,1,0,20,5,10,20,0,5,2.0,5,0.0,0,0.0,0.6,0,0,0.0,1,1.0
3,1,0,0,3,3,0,0,3,2.0,3,0.0,0,0.0,0.666666667,0,0,0.0,1,1.0
3,2,0,4,5,3,1,3,0,2.0,20,0.0,0,0.777777778,0.466666667,1,2,5.666666667,1,0.6667
15,3,0,20,50,79,6,19,9,0.988095238,410,1.0,7,0.779661017,0.205357143,2,14,24.73333333,2,0.9333
17,1,0,0,17,136,0,0,17,2.0,17,0.0,0,0.0,0.455882353,0,0,0.0,1,1.0
2,1,0,1,7,1,1,0,1,2.0,37,0.0,0,0.0,0.5,0,0,17.5,3,1.5
4,5,0,4,8,6,3,1,4,2.0,20,0.0,0,1.0,0.666666667,0,0,4.0,0,0.0
5,2,0,8,13,0,3,5,4,0.0,64,1.0,1,0.636363636,0.45,1,1,11.6,1,0.8
2,1,0,3,22,1,1,2,2,2.0,128,0.0,0,0.0,0.75,0,0,63.0,5,2.5
1,1,0,8,2,0,8,0,0,2.0,36,0.0,0,0.0,1.0,0,0,27.0,0,0.0
9,1,0,127,9,36,122,7,9,2.0,9,0.0,0,0.0,0.333333333,0,0,0.0,1,1.0
2,4,0,17,25,1,1,16,2,2.0,137,0.0,0,0.987012987,0.625,2,3,67.5,9,4.5
5,4,1,7,13,2,4,4,5,0.833333333,52,0.666666667,1,0.951807229,0.4,2,6,8.8,2,1.2
12,2,0,12,55,0,1,12,12,0.409090909,320,1.0,0,0.592592593,0.212962963,1,1,25.5,5,1.5833
3,3,0,10,25,0,1,10,2,0.0,134,1.0,0,0.92,0.5,1,1,43.33333333,2,1.0
3,3,0,8,14,3,0,8,3,2.0,45,0.0,0,0.777777778,0.555555556,0,0,14.0,3,1.3333
3,3,0,6,4,1,5,1,3,2.0,24,0.0,0,0.875,0.555555556,0,0,7.0,2,1.3333
2,2,0,1,6,1,0,1,2,2.0,13,0.0,0,0.928571429,1.0,0,0,5.5,1,0.5
25,1,0,4,29,0,4,0,24,0.388888889,629,1.0,0,0.0,0.36,1,1,24.04,9,2.6
10,3,0,8,20,3,6,2,10,0.555555556,86,1.0,0,0.793103448,0.38,1,4,7.4,1,0.6
1,1,0,1,2,0,1,0,0,2.0,6,0.0,0,0.0,1.0,0,0,3.0,0,0.0
6,3,0,6,17,3,1,5,6,0.4,60,1.0,0,0.975124378,0.444444444,2,4,8.833333333,1,0.8333
2,1,2,8,4,1,7,1,2,1.0,11,1.0,1,0.0,0.666666667,0,0,4.0,1,0.5
9,3,0,4,41,14,0,4,8,0.791666667,334,1.0,0,0.822222222,0.355555556,1,1,35.44444444,11,2.0
24,1,0,2,36,0,1,1,21,0.504347826,991,0.666666667,0,0.0,0.3125,0,0,39.66666667,7,1.5
11,1,0,2,26,53,1,2,6,1.033333333,226,1.0,0,0.0,0.157142857,0,0,19.27272727,24,3.6364
11,1,0,33,19,41,33,0,10,0.633333333,186,1.0,0,0.0,0.309090909,0,0,15.63636364,4,1.4545
3,1,0,7,13,3,0,7,3,2.0,113,0.0,0,0.0,0.533333333,0,0,36.66666667,1,0.6667
9,1,0,7,21,16,0,7,9,0.85,123,1.0,1,0.0,0.311111111,0,0,12.11111111,7,1.6667
0,1,0,0,0,0,0,0,0,2.0,0,0.0,0,0.0,0.0,0,0,0.0,0,0.0
4,2,0,8,13,2,0,8,3,0.666666667,61,1.0,0,0.6,0.666666667,0,0,13.75,3,1.0
8,1,0,7,14,10,3,6,8,0.642857143,76,1.0,0,0.0,0.270833333,0,0,8.25,3,1.0
14,1,1,18,17,91,18,0,14,2.0,189,0.0,0,0.0,0.297619048,0,0,12.5,1,0.9286
19,4,0,8,84,103,0,8,14,0.929487179,1034,1.0,1,0.821052632,0.26984127,0,0,52.05263158,1,0.8947
5,6,0,12,35,10,0,12,4,1.25,184,0.0,0,0.941176471,0.4,2,8,35.6,1,0.8
6,3,0,9,26,15,0,9,6,2.0,160,0.0,0,0.975124378,0.444444444,2,5,25.66666667,4,1.3333
10,1,0,3,40,39,0,3,4,0.962962963,470,1.0,0,0.0,0.388888889,0,0,45.7,8,2.3
4,2,0,8,6,0,1,7,4,0.0,37,1.0,0,0.8,0.45,0,0,8.0,3,1.25
16,1,0,9,43,112,5,4,14,0.6,273,1.0,0,0.0,0.4875,0,0,15.9375,1,0.875
32,1,1,40,161,236,27,26,17,0.806451613,1927,0.882352941,4,0.0,0.192708333,0,0,58.6875,18,3.5
2,1,0,26,5,1,25,1,1,1.556179775,500,0.0,1,0.0,1.0,0,0,160.0,0,0.0
35,2,0,8,53,535,3,5,30,0.941176471,396,0.818181818,0,0.255813953,0.225,1,5,10.0,7,1.6
19,2,0,9,20,159,4,7,15,0.666666667,105,1.0,1,0.703703704,0.233082707,1,3,4.473684211,1,0.8421
3,3,0,7,8,3,2,5,3,2.0,23,0.0,0,0.952380952,0.555555556,1,1,6.666666667,1,0.6667
2,1,0,0,2,1,0,0,2,2.0,2,0.0,0,0.0,1.0,0,0,0.0,1,1.0
2,4,0,2,4,1,1,1,1,2.0,13,0.0,0,0.923076923,0.666666667,1,1,5.5,2,1.0
3,1,0,12,3,3,11,1,3,2.0,3,0.0,0,0.0,0.833333333,0,0,0.0,1,1.0
10,3,0,36,70,7,1,35,7,0.644444444,658,1.0,2,0.861538462,0.3,1,9,64.3,13,4.0
13,1,5,43,14,78,40,13,13,2.0,40,0.0,0,0.0,0.203296703,0,0,2.076923077,1,0.9231
7,2,0,7,26,0,1,6,5,0.166666667,152,1.0,1,0.684210526,0.357142857,1,1,20.42857143,4,1.2857
7,3,0,4,16,0,1,3,6,0.333333333,179,1.0,2,0.571428571,0.476190476,1,3,24.14285714,1,0.8571
12,6,0,10,65,34,3,9,1,0.784090909,448,1.0,0,0.983655275,0.5,3,5,35.66666667,8,2.0833
3,1,0,10,22,1,1,9,2,0.5,157,1.0,2,0.0,0.666666667,0,0,50.66666667,6,2.0
11,1,0,4,36,51,4,0,8,1.01,314,0.6,0,0.0,0.22,0,0,26.63636364,4,1.3636
25,2,0,8,44,108,1,7,23,0.939393939,436,0.363636364,3,0.323529412,0.253333333,1,4,15.56,2,0.96
15,2,0,7,40,49,0,7,11,0.285714286,195,1.0,0,0.845238095,0.224242424,1,10,11.93333333,3,1.0
7,3,0,5,24,3,0,5,5,0.5,141,1.0,2,0.5,0.267857143,2,2,18.57142857,3,1.2857
12,1,0,3,25,0,2,1,0,0.436363636,212,1.0,0,0.0,0.395833333,0,0,16.25,3,1.3333
2,5,0,4,8,0,1,4,2,0.0,22,1.0,1,0.95,0.666666667,0,0,9.5,1,0.5
3,1,0,8,18,0,2,6,2,0.5,59,1.0,0,0.0,0.666666667,0,0,18.0,1,0.3333
1,1,0,8,1,0,8,0,1,2.0,1,0.0,0,0.0,1.0,0,0,0.0,1,1.0
27,1,0,33,78,219,23,13,24,0.737179487,394,1.0,5,0.0,0.150997151,0,0,13.37037037,4,1.2593
9,2,0,7,50,14,2,5,8,0.5625,348,1.0,1,0.884057971,0.481481481,2,4,37.22222222,8,3.4444
2,1,0,2,2,1,2,0,2,2.0,2,0.0,0,0.0,1.0,0,0,0.0,1,1.0
6,2,0,11,26,13,0,11,3,0.866666667,105,0.333333333,0,0.6,0.4,1,2,16.0,4,1.3333
3,1,0,2,13,1,2,0,2,0.5,95,1.0,0,0.0,0.5,0,0,30.33333333,4,1.3333
5,1,0,5,5,10,3,2,5,2.0,5,0.0,0,0.0,0.55,0,0,0.0,1,1.0
1,1,0,8,1,0,8,1,1,2.0,1,0.0,0,0.0,1.0,0,0,0.0,1,1.0
3,1,3,3,4,3,3,0,3,2.0,10,0.0,0,0.0,0.666666667,0,0,2.333333333,1,0.6667
38,1,0,4,68,0,3,1,38,0.081081081,267,1.0,0,0.0,0.192105263,1,1,6.0,2,1.0
6,1,0,6,9,15,4,3,6,2.0,34,0.0,0,0.0,0.611111111,0,0,4.666666667,2,1.0
2,3,0,4,8,1,0,4,1,2.0,18,0.0,0,0.971428571,0.666666667,1,2,8.0,1,0.5
5,3,0,12,19,6,4,8,4,0.75,159,1.0,0,0.571428571,0.75,0,0,30.6,9,3.2
11,1,0,18,11,55,6,12,11,2.0,11,0.0,0,0.0,0.263636364,0,0,0.0,1,1.0
3,5,0,6,14,3,5,2,3,2.0,52,0.0,0,0.96875,0.555555556,1,1,16.33333333,3,1.6667
5,7,0,7,34,0,3,7,3,0.666666667,159,1.0,1,0.995043371,0.32,3,13,30.2,4,1.6
5,7,0,9,64,6,3,8,3,0.75,312,1.0,0,0.993939394,0.3,2,5,61.0,1,0.8
8,1,0,2,27,18,1,1,6,0.428571429,567,1.0,0,0.0,0.314285714,0,0,68.875,8,2.5
5,3,3,4,7,4,4,0,5,0.5,29,1.0,0,0.944444444,0.6,0,0,4.6,1,0.2
19,1,36,51,30,147,47,7,19,0.888888889,240,0.5,4,0.0,0.233082707,0,0,11.31578947,6,1.6316
9,3,0,5,16,0,0,5,0,0.579545455,1583,1.0,0,0.826086957,0.366666667,1,3,173.6666667,1,0.8889
7,2,0,4,21,3,2,4,7,0.666666667,108,1.0,0,0.5,0.428571429,1,1,13.71428571,2,1.0
5,4,0,2,8,10,0,2,5,2.0,28,0.0,0,0.959183673,0.6,0,0,4.6,1,0.8
16,1,1,24,23,92,22,2,14,0.888888889,133,1.0,0,0.0,0.5625,0,0,6.9375,3,1.125
16,1,2,17,39,74,4,13,7,0.85,360,1.0,3,0.0,0.266666667,0,0,21.25,3,1.0
7,2,1,5,10,9,3,3,7,0.944444444,76,0.666666667,0,0.88,0.571428571,1,3,9.428571429,3,1.7143
7,3,0,12,32,17,1,11,4,0.888888889,228,0.333333333,0,0.642857143,0.366666667,1,2,31.14285714,10,2.8571
14,1,0,10,34,65,1,0,13,0.355769231,207,1.0,0,0.0,0.404761905,0,0,13.21428571,3,1.1429
9,1,0,6,18,0,6,1,8,1.015625,368,0.104166667,17,0.0,0.40625,0,0,34.55555556,2,1.0
3,1,0,1,4,0,1,0,3,0.642857143,55,0.0,0,0.0,0.666666667,0,0,15.0,0,0.0
4,3,18,20,16,6,19,1,3,1.333333333,425,0.0,0,0.926829268,0.416666667,0,0,100.75,3,1.25
0,1,0,0,0,0,0,0,0,2.0,0,0.0,0,0.0,0.0,0,0,0.0,0,0.0
4,1,0,6,7,4,1,5,4,0.333333333,23,1.0,0,0.0,0.5,0,0,4.5,1,0.75
21,5,2,15,83,142,2,13,8,0.78,799,1.0,5,0.862068966,0.186507937,3,7,36.57142857,9,1.5238
7,1,0,2,7,21,2,0,7,2.0,7,0.0,0,0.0,0.642857143,0,0,0.0,1,1.0
8,3,0,6,23,8,2,5,6,0.785714286,125,0.5,0,0.666666667,0.325,1,4,14.375,2,0.875
1,1,0,1,13,0,1,0,0,2.0,115,0.0,0,0.0,1.0,0,0,100.0,0,0.0
6,1,5,5,18,5,5,0,1,0.6,88,0.5,0,0.0,0.7,0,0,13.33333333,1,0.5
14,1,0,12,22,61,11,1,13,0.692307692,175,0.0,3,0.0,0.320512821,0,0,11.28571429,3,0.7143
6,2,0,5,16,7,1,5,2,0.7,59,1.0,0,0.636363636,0.36,1,1,8.5,2,0.8333
7,3,0,3,16,13,0,3,6,0.75,55,0.5,0,0.8,0.833333333,0,0,6.571428571,2,0.8571
5,6,0,7,34,2,3,6,1,0.8,202,1.0,2,0.99389313,0.35,0,0,38.4,1,0.8
14,4,0,5,29,91,2,4,12,1.0,172,1.0,1,0.878504673,0.357142857,0,0,11.21428571,4,1.7857
22,4,5,30,104,63,5,25,11,0.571428571,707,1.0,1,0.875739645,0.184659091,4,12,31.04545455,9,1.7727
6,1,0,10,38,9,6,4,2,1.026086957,388,0.652173913,0,0.0,0.3,0,0,59.83333333,10,2.8333
1,1,0,0,2,0,0,0,1,2.0,68,0.015625,0,0.0,1.0,0,0,3.0,0,0.0
2,0,0,4,6,1,0,4,2,2.0,18,0.0,0,0.0,1.0,0,0,8.0,1,0.5
24,2,0,6,42,0,1,5,22,0.818181818,423,0.636363636,5,0.34375,0.291666667,1,6,16.16666667,2,0.9167
5,1,0,7,14,0,3,4,4,1.211538462,391,0.051282051,1,0.0,0.375,0,0,69.4,2,0.8
5,1,0,5,7,10,1,4,5,2.0,30,0.0,0,0.0,0.25,0,0,5.0,1,0.8
11,2,0,4,16,55,2,3,11,1.1,96,0.333333333,0,0.25,0.272727273,0,0,7.454545455,1,0.8182
4,4,12,15,7,4,12,3,3,0.666666667,22,1.0,1,0.928571429,0.5,0,0,4.25,1,0.5
3,4,0,2,6,3,0,2,3,2.0,17,0.0,0,0.979166667,0.5,0,0,4.666666667,1,0.6667
6,2,0,6,36,0,1,0,5,0.3,165,1.0,0,0.583333333,0.5,1,2,26.16666667,3,1.8333
41,1,0,6,54,516,5,1,41,0.875,507,1.0,0,0.0,0.297560976,0,0,10.95121951,1,0.9268
3,1,0,4,6,0,2,2,2,0.5,33,1.0,1,0.0,0.666666667,0,0,9.0,2,1.0
16,1,0,13,31,76,5,8,13,0.791666667,165,1.0,2,0.0,0.1953125,0,0,8.8125,4,1.3125
7,1,0,36,7,21,36,0,7,2.0,7,0.0,0,0.0,0.523809524,0,0,0.0,1,1.0
6,1,0,2,11,3,1,1,4,0.6,53,1.0,0,0.0,0.666666667,0,0,7.5,1,0.8333
2,1,0,2,3,0,2,0,2,0.0,29,0.0,0,0.0,0.875,0,0,12.0,0,0.0
1,4,0,0,2,0,0,0,1,2.0,5,0.0,0,1.0,1.0,0,0,4.0,0,0.0
1,1,0,5,1,0,5,0,1,2.0,1,0.0,0,0.0,1.0,0,0,0.0,1,1.0
9,3,0,40,101,0,1,40,4,0.458333333,505,1.0,2,0.724137931,0.222222222,1,1,54.77777778,1,0.8889
23,1,0,111,23,253,105,10,23,2.0,23,0.0,0,0.0,0.202898551,0,0,0.0,1,1.0
4,2,0,7,10,6,4,5,4,2.0,28,0.0,0,0.9375,0.392857143,0,0,6.0,1,0.5
10,1,0,22,10,45,20,2,10,1.111111111,51,0.0,0,0.0,0.3,0,0,0.0,1,1.0
8,1,1,3,15,0,2,1,7,0.571428571,133,1.0,0,0.0,0.35,0,0,15.25,4,1.75
6,2,0,11,23,1,2,11,3,0.75,88,1.0,3,0.764705882,0.466666667,1,2,13.0,2,0.8333
12,6,0,12,58,38,5,11,1,0.8,306,1.0,1,0.983655275,0.25,4,12,24.08333333,3,1.5833
3,1,0,0,3,3,0,0,3,2.0,3,0.0,0,0.0,0.666666667,0,0,0.0,1,1.0
4,8,0,9,15,2,2,7,3,0.333333333,97,1.0,1,0.978571429,0.4375,2,2,22.75,4,1.5
8,2,0,3,22,0,1,2,6,0.619047619,109,1.0,1,0.7,0.3,1,1,12.25,1,0.75
15,4,0,22,89,51,1,22,11,0.826530612,776,0.857142857,1,0.847826087,0.373333333,2,2,49.8,5,1.4667
12,1,0,8,22,60,0,8,12,0.727272727,64,1.0,1,0.0,0.104166667,0,0,4.25,1,0.9167
6,1,5,9,10,7,7,2,2,0.72,174,0.0,1,0.0,0.44,0,0,27.16666667,6,1.8333
18,1,1,6,28,25,5,1,18,0.647058824,390,1.0,1,0.0,0.179012346,0,0,20.22222222,1,0.9444
2,3,0,1,4,1,1,0,2,2.0,15,0.0,0,0.933333333,0.75,0,0,6.5,2,1.0
3,1,0,5,12,0,0,5,3,0.875,61,0.75,1,0.0,0.555555556,0,0,18.0,4,1.6667
15,2,0,10,30,79,3,9,13,0.892857143,129,1.0,0,0.666666667,0.314285714,0,0,7.2,4,1.0
1,1,0,26,1,0,25,1,1,2.0,1,0.0,0,0.0,1.0,0,0,0.0,1,1.0
11,2,0,5,21,43,2,3,9,0.85,106,0.5,0,0.578947368,0.522727273,1,6,8.454545455,2,0.8182
13,2,0,4,27,46,1,3,11,0.777777778,201,0.333333333,0,0.523809524,0.333333333,1,6,14.23076923,2,1.0769
3,2,3,7,8,1,3,4,2,0.5,28,1.0,1,0.857142857,0.583333333,0,0,8.0,1,0.6667
7,2,0,1,13,0,1,0,7,0.0,213,1.0,0,0.684210526,0.342857143,1,2,29.28571429,1,0.8571
10,1,0,33,10,45,30,5,10,2.0,10,0.0,0,0.0,0.283333333,0,0,0.0,1,1.0
7,3,3,18,25,0,10,11,7,0.416666667,175,1.0,2,0.934210526,0.357142857,2,4,23.71428571,3,1.1429
1,1,0,8,1,0,8,0,1,2.0,1,0.0,0,0.0,1.0,0,0,0.0,1,1.0
6,1,0,6,13,0,3,3,6,0.4,55,1.0,1,0.0,0.458333333,0,0,7.833333333,2,1.0
6,1,0,14,7,7,14,0,6,0.8,38,1.0,0,0.0,0.375,0,0,4.666666667,1,0.8333
9,4,0,3,12,36,0,3,9,2.0,50,0.0,0,0.911111111,0.555555556,1,5,4.555555556,1,0.8889
8,2,0,2,17,0,1,1,6,0.171428571,514,1.0,1,0.65,0.3125,1,2,62.625,1,0.875
5,1,0,10,14,0,9,1,4,1.166666667,201,0.083333333,0,0.0,0.5,0,0,34.4,9,2.2
15,1,3,9,39,91,5,4,7,0.811688312,824,0.818181818,3,0.0,0.267857143,0,0,52.46666667,14,3.4667
6,2,0,5,23,9,1,5,3,1.05,160,1.0,0,0.864864865,0.555555556,2,3,25.0,4,1.8333
9,1,0,5,19,10,3,2,7,0.375,120,0.0,1,0.0,0.4375,0,0,12.11111111,4,1.6667
3,2,0,3,9,3,1,0,3,2.0,27,0.0,0,0.777777778,0.833333333,1,1,8.0,1,0.6667
23,2,0,13,49,201,2,13,21,0.918181818,266,1.0,0,0.534883721,0.176767677,1,1,10.13043478,1,0.8696
15,2,0,18,28,101,5,17,13,0.75,118,1.0,2,0.548387097,0.2,1,1,6.733333333,2,1.0667
2,2,0,2,3,1,1,1,2,2.0,10,0.0,0,1.0,0.75,0,0,4.0,0,0.0
5,3,0,4,18,0,0,4,5,0.666666667,107,1.0,0,0.902439024,0.8,1,1,19.8,1,0.8
6,1,6,10,10,7,8,2,2,0.72,174,0.0,1,0.0,0.44,0,0,27.16666667,6,1.8333
8,1,0,7,42,14,0,7,2,0.75,308,0.0,2,0.0,0.238095238,0,0,37.0,4,1.5
0,1,0,1,0,0,1,0,0,2.0,24,0.0,0,0.0,0.0,0,0,0.0,0,0.0
1,6,0,1,2,0,0,1,1,2.0,6,0.0,0,1.0,1.0,0,0,5.0,0,0.0
23,3,1,14,73,151,1,13,23,0.921717172,668,0.777777778,2,0.627118644,0.207729469,3,3,27.26086957,26,2.3913
3,3,0,10,25,0,1,10,2,0.0,136,1.0,0,0.945945946,0.5,1,1,44.0,2,1.0
2,1,0,4,2,1,4,0,2,2.0,2,0.0,0,0.0,0.666666667,0,0,0.0,1,1.0
3,1,0,2,21,1,0,2,2,0.5,120,1.0,0,0.0,0.666666667,0,0,38.33333333,6,3.0
23,3,52,55,42,253,53,3,17,2.0,249,0.0,0,0.765957447,0.456521739,1,2,9.826086957,4,1.6087
19,1,15,32,38,139,21,11,16,0.822222222,216,1.0,3,0.0,0.175438596,1,1,10.10526316,5,1.4737
1,1,0,66,1,0,65,1,1,2.0,1,0.0,0,0.0,1.0,0,0,0.0,1,1.0
0,1,0,0,0,0,0,0,0,2.0,3,0.0,0,0.0,0.0,0,0,0.0,0,0.0
5,1,0,5,18,4,4,3,4,0.821428571,112,1.0,2,0.0,0.35,0,0,20.0,2,1.2
8,1,0,15,32,0,8,9,3,0.766233766,356,0.0,1,0.0,0.375,0,0,42.125,1,0.375
18,6,3,26,60,69,23,6,15,0.705882353,252,1.0,1,0.982630273,0.277777778,3,7,12.83333333,15,1.9444
3,1,0,0,14,3,0,0,2,2.0,133,0.0,0,0.0,0.333333333,0,0,43.33333333,4,1.6667
6,1,2,5,13,0,2,3,4,0.5,107,1.0,2,0.0,0.458333333,0,0,16.5,3,1.1667
10,3,0,5,45,21,1,5,7,0.740740741,359,1.0,0,0.804347826,0.45,0,0,34.3,2,1.1
3,4,0,11,15,3,0,11,3,2.0,59,0.0,0,0.979591837,0.444444444,3,13,18.66666667,3,1.3333
8,1,2,8,14,8,2,6,7,0.428571429,175,1.0,0,0.0,0.4375,0,0,20.75,11,3.125
1,1,0,4,1,0,4,1,1,2.0,1,0.0,0,0.0,1.0,0,0,0.0,1,1.0
8,1,17,31,36,22,17,14,0,0.771428571,190,1.0,0,0.0,0.346938776,0,0,22.125,5,1.75
3,1,0,10,22,1,1,9,2,0.5,141,1.0,1,0.0,0.666666667,0,0,45.33333333,6,2.0
2,3,0,7,12,1,0,7,1,2.0,52,0.0,0,0.947368421,0.833333333,0,0,25.0,5,2.5
11,1,0,11,34,0,2,9,10,0.566666667,210,1.0,1,0.0,0.272727273,0,0,17.81818182,3,1.0909
7,1,0,7,34,15,1,6,2,0.75,288,0.5,1,0.0,0.333333333,0,0,39.85714286,5,1.5714
13,2,0,9,62,52,0,9,8,0.939814815,449,0.0,2,0.620689655,0.346153846,2,3,32.15384615,10,2.3846
8,1,0,1,14,0,1,0,5,0.142857143,574,0.0,0,0.0,0.520833333,0,0,70.375,8,5.625
107,1,1,2,117,5671,1,1,107,2.0,648,0.0,0,0.0,0.191069574,0,0,5.056074766,1,0.9907
0,1,0,2,0,0,1,1,0,2.0,0,0.0,0,0.0,0.0,0,0,0.0,0,0.0
2,4,0,8,11,1,0,8,2,2.0,44,0.0,0,0.979591837,0.75,1,6,21.0,1,0.5
1,3,1,5,2,0,4,1,1,2.0,4,0.0,0,1.0,1.0,0,0,3.0,0,0.0
7,2,2,10,27,1,2,8,6,0.333333333,134,1.0,1,0.666666667,0.342857143,2,3,18.0,5,1.5714
11,2,0,7,29,43,2,5,9,0.85,154,0.5,0,0.578947368,0.418181818,1,6,12.81818182,2,0.9091
11,1,1,2,20,53,2,1,0,0.9,90,1.0,0,0.0,0.4,0,0,7.090909091,2,0.9091
21,1,2,52,28,190,44,10,19,0.985,112,0.4,1,0.0,0.1625,0,0,3.857142857,1,0.9048
23,1,0,17,126,161,2,17,5,0.770833333,2117,0.791666667,0,0.0,0.148760331,0,0,90.0,53,4.5217
13,4,1,15,50,30,2,13,9,0.583333333,388,1.0,2,0.943925234,0.230769231,2,6,28.69230769,8,1.6923
3,1,0,2,4,0,2,0,3,0.0,20,1.0,0,0.0,1.0,0,0,5.333333333,1,0.6667
1,1,0,0,2,0,0,0,1,2.0,16,0.0,1,0.0,1.0,0,0,12.0,0,0.0
1,1,0,0,2,0,0,0,1,2.0,16,0.0,0,0.0,1.0,0,0,3.0,0,0.0
2,5,2,5,5,1,2,0,2,2.0,12,0.0,0,0.991935484,1.0,1,1,5.0,1,0.5
3,2,2,6,14,0,2,4,2,0.5,70,1.0,2,0.857142857,0.466666667,0,0,21.66666667,1,0.6667
3,2,26,37,9,3,29,8,2,2.0,24,0.0,0,0.964285714,0.5,1,2,7.0,1,0.6667
9,1,3,12,18,34,7,5,6,0.95,92,0.8,0,0.0,0.319444444,0,0,8.666666667,1,0.7778
4,2,0,21,12,0,11,11,2,0.0,169,0.0,0,0.857142857,0.583333333,1,1,41.0,1,0.75
38,4,4,21,104,613,4,0,29,0.897683398,839,1.0,1,0.644230769,0.22556391,1,1,20.71052632,18,1.8158
20,2,0,5,31,138,2,3,18,0.827067669,306,0.857142857,0,0.392857143,0.36,1,6,13.95,2,0.9
1,2,0,8,2,0,3,5,1,2.0,10,0.0,0,0.0,1.0,0,0,9.0,0,0.0
2,4,0,6,10,1,0,6,2,2.0,31,0.0,0,0.979591837,0.75,1,6,14.0,1,0.5
15,4,0,3,38,105,1,2,15,2.0,195,0.0,0,0.87037037,0.32,1,1,12.0,6,1.7333
13,1,0,19,30,26,15,6,13,0.733333333,274,1.0,3,0.0,0.338461538,0,0,19.69230769,5,2.1538
7,2,0,16,43,21,1,15,7,1.166666667,682,0.0,0,0.25,0.642857143,0,0,96.28571429,1,0.8571
7,4,0,2,20,21,1,0,7,2.0,67,0.0,0,0.910447761,0.571428571,2,2,8.571428571,2,1.0
46,1,0,3,53,1009,2,1,45,0.966666667,245,0.0,0,0.0,0.190217391,0,0,4.195652174,1,0.9783
4,1,0,5,8,2,4,3,1,1.0,239,0.2,3,0.0,0.5,0,0,56.25,6,3.25
3,5,0,6,10,3,1,5,1,2.0,30,0.0,0,0.990697674,0.583333333,1,2,9.0,1,0.6667
3,4,0,17,19,1,0,17,3,0.5,107,1.0,1,0.979591837,0.444444444,3,14,34.0,1,0.6667
11,2,0,5,21,49,2,3,9,0.85,106,0.5,0,0.578947368,0.522727273,1,6,8.454545455,2,0.8182
10,5,0,8,53,0,1,7,5,0.883141762,1073,1.0,1,0.954545455,0.211111111,2,8,100.5,11,3.4
9,5,0,11,43,0,2,9,8,0.71875,420,0.75,1,0.946969697,0.277777778,4,12,45.22222222,15,3.0
21,4,0,19,52,160,5,19,13,0.8625,287,1.0,4,0.641509434,0.166666667,1,2,12.28571429,5,1.6667
4,1,0,6,4,6,3,4,4,2.0,4,0.0,0,0.0,0.625,0,0,0.0,1,1.0
5,1,0,1,5,10,1,0,5,2.0,5,0.0,0,0.0,1.0,0,0,0.0,1,1.0
7,4,0,2,11,21,0,2,7,2.0,43,0.0,0,0.94,0.571428571,0,0,5.142857143,1,0.8571
9,3,0,4,12,30,1,4,9,0.25,50,1.0,0,0.766666667,0.555555556,2,5,4.444444444,1,0.7778
12,1,0,3,44,64,1,2,0,0.981818182,586,1.0,0,0.0,0.318181818,0,0,47.41666667,8,1.8333
49,2,1,10,124,608,2,8,41,0.9,1409,1.0,6,0.737142857,0.131944444,2,9,27.55102041,3,1.0408
11,5,0,13,30,5,4,9,9,0.65,168,1.0,0,0.91,0.327272727,2,10,13.90909091,3,1.2727
1,1,0,5,1,0,5,1,1,2.0,1,0.0,0,0.0,1.0,0,0,0.0,1,1.0
5,3,0,3,15,10,1,2,4,2.0,50,0.0,0,0.785714286,0.5,0,0,9.0,1,0.6
3,4,0,11,27,3,0,11,2,1.5,170,0.0,0,0.96,0.476190476,1,7,55.33333333,8,3.0
3,3,0,6,6,3,0,6,2,1.0,21,1.0,1,0.952380952,0.666666667,0,0,5.333333333,1,0.3333
5,2,0,1,14,4,0,1,4,0.25,94,1.0,0,0.764705882,0.533333333,0,0,17.6,1,0.8
14,2,0,8,34,41,1,7,12,0.711538462,225,0.0,0,0.458333333,0.285714286,1,5,14.78571429,9,2.0
5,1,0,2,6,8,1,1,3,0.75,20,1.0,1,0.0,0.5,0,0,2.8,1,0.6
5,3,0,22,38,0,0,22,4,0.5,205,1.0,1,0.933333333,0.333333333,2,7,39.6,6,2.0
17,1,0,60,64,78,44,16,17,0.96875,462,0.2,1,0.0,0.211764706,0,0,25.58823529,2,0.9412
2,1,0,9,2,1,8,1,2,2.0,2,0.0,0,0.0,0.75,0,0,0.0,1,1.0
69,1,3,23,112,1936,20,8,36,0.971362229,1158,0.894736842,1,0.0,0.118171683,0,0,15.50724638,31,2.3043
4,1,0,2,6,0,1,1,4,0.333333333,35,1.0,2,0.0,0.5,0,0,7.25,3,1.25
4,1,0,3,4,6,3,0,4,2.0,4,0.0,0,0.0,0.75,0,0,0.0,1,1.0
55,1,1,65,90,831,58,10,48,0.766666667,733,0.7,4,0.0,0.143874644,0,0,12.14545455,5,2.0545
3,5,2,6,6,3,5,1,3,1.5,17,1.0,0,1.0,0.777777778,0,0,4.333333333,0,0.0
1,1,0,1,1,0,1,0,1,2.0,1,0.0,0,0.0,1.0,0,0,0.0,1,1.0
2,1,0,1,13,1,1,0,2,2.0,103,0.0,0,0.0,0.5,0,0,49.5,10,5.0
3,1,0,4,5,3,0,4,3,2.0,12,0.0,0,0.0,0.833333333,0,0,3.0,1,0.6667
9,1,0,3,12,20,1,2,8,0.8125,54,1.0,3,0.0,0.375,0,0,4.555555556,1,0.7778
4,1,0,1,7,0,1,0,4,0.333333333,23,1.0,0,0.0,0.625,0,0,4.5,1,0.75
13,6,0,9,56,44,3,9,1,0.763888889,316,1.0,1,0.982378855,0.384615385,4,12,22.84615385,5,1.2308
3,2,0,3,6,3,0,3,3,2.0,17,0.0,0,0.965517241,0.533333333,0,0,4.666666667,1,0.3333
4,1,0,11,28,0,2,9,3,0.611111111,201,0.833333333,3,0.0,0.666666667,0,0,47.75,9,2.5
6,1,0,0,6,15,0,0,6,2.0,6,0.0,0,0.0,0.75,0,0,0.0,1,1.0
12,1,0,10,24,6,2,9,11,0.787878788,156,0.0,1,0.0,0.375,0,0,11.5,2,1.0
4,1,0,6,4,6,6,0,4,2.0,4,0.0,0,0.0,1.0,0,0,0.0,1,1.0
11,2,0,19,40,17,2,19,2,0.775,599,0.0,6,0.4,0.222222222,0,0,52.36363636,15,2.8182
3,3,0,6,21,3,1,5,2,2.0,102,0.0,0,0.875,0.722222222,2,2,33.0,3,1.0
11,1,3,13,16,41,11,2,10,0.84,93,0.6,1,0.0,0.327272727,0,0,7.0,1,0.8182
3,2,0,11,17,3,1,10,2,2.0,149,0.0,0,0.894736842,0.5,1,1,48.66666667,1,0.6667
21,4,2,9,55,162,4,5,18,0.71,361,1.0,1,0.768115942,0.19375,2,9,15.95238095,6,1.619
2,3,0,0,3,1,0,0,2,2.0,374,0.0,0,0.974358974,1.0,0,0,186.0,1,0.5
3,1,0,8,11,1,2,6,2,0.5,26,1.0,0,0.0,0.5,0,0,7.333333333,1,0.3333
4,3,0,1,15,6,0,1,3,1.333333333,2120,0.0,0,0.926829268,0.333333333,0,0,495.5,2,1.0
7,1,0,34,96,9,2,32,3,0.833333333,527,0.75,0,0.0,0.361111111,0,0,73.71428571,20,4.2857
10,2,0,4,14,45,2,2,10,1.111111111,67,0.333333333,0,0.272727273,0.32,0,0,5.4,1,0.8
15,1,0,10,75,105,10,0,9,2.0,591,0.0,0,0.0,0.276190476,0,0,38.4,11,3.4667
27,4,0,2,35,351,0,2,27,2.0,171,0.0,0,0.783333333,0.37962963,0,0,5.333333333,3,1.1111
7,0,0,9,22,21,1,8,1,2.0,137,0.0,0,0.0,0.5,0,0,18.57142857,9,2.2857
7,2,0,5,27,0,1,4,7,0.5,115,1.0,0,0.6,0.476190476,0,0,15.14285714,4,1.2857
34,3,0,12,86,0,2,10,27,0.998521803,822,1.0,1,0.536231884,0.308080808,1,1,21.97058824,4,1.5588
15,2,0,6,43,95,1,5,15,0.946428571,202,0.75,1,0.813333333,0.266666667,1,1,12.2,2,1.0667
5,3,0,1,16,8,0,1,3,1.246296296,2125,0.0,0,0.926829268,0.333333333,0,0,397.0,2,0.8
7,4,0,7,26,0,0,7,7,0.611111111,145,1.0,0,0.910447761,0.357142857,0,0,19.28571429,1,0.8571
12,1,0,11,17,18,9,4,12,0.681818182,103,1.0,2,0.0,0.241666667,0,0,7.083333333,1,0.75
8,1,0,15,54,0,3,14,2,0.428571429,378,1.0,0,0.0,0.342857143,0,0,45.875,5,1.875
6,1,1,5,17,3,3,2,5,0.4,121,1.0,0,0.0,0.388888889,0,0,18.83333333,5,1.8333
13,1,0,17,14,78,11,8,12,1.041666667,20,0.0,1,0.0,0.427083333,0,0,0.384615385,1,0.9231
16,4,0,37,79,10,5,35,13,0.566666667,921,1.0,0,0.829545455,0.232142857,2,9,56.3125,18,3.4375
6,1,0,1,27,15,1,0,5,2.0,264,0.0,0,0.0,0.291666667,0,0,43.0,1,0.8333
0,1,0,1,0,0,1,0,0,2.0,48,0.0,0,0.0,0.0,0,0,0.0,0,0.0
22,3,0,22,67,145,6,19,16,0.861904762,434,0.7,5,0.486486486,0.155844156,1,1,18.27272727,13,1.5455
3,1,0,4,8,1,3,1,0,0.5,45,1.0,0,0.0,0.5,0,0,13.66666667,2,0.6667
2,5,1,3,10,0,1,2,1,0.0,44,1.0,0,0.952380952,0.75,1,1,20.0,2,1.0
31,1,0,116,38,463,114,2,27,0.866666667,340,1.0,0,0.0,0.203703704,0,0,9.870967742,2,1.0968
2,5,0,6,8,1,0,6,2,2.0,34,0.0,0,0.98245614,0.75,1,6,16.0,1,0.5
94,1,11,63,186,4361,28,53,86,0.967741935,1012,0.8,3,0.0,0.067131328,0,0,9.712765957,2,1.0745
4,4,5,9,5,0,5,4,3,0.333333333,18,1.0,1,0.921052632,0.4375,0,0,3.25,1,0.75
1,1,0,0,1,0,0,0,1,2.0,2,0.0,0,0.0,1.0,0,0,0.0,1,1.0
4,4,0,6,18,6,2,4,2,2.0,110,0.0,0,0.971830986,0.392857143,1,10,26.5,1,0.5
5,1,0,2,14,0,1,1,4,1.24380805,1114,0.009287926,0,0.0,0.5,0,0,157.2,9,2.2
11,4,0,3,14,55,0,3,11,2.0,61,0.0,0,0.891304348,0.545454545,1,4,4.545454545,1,0.9091
11,1,0,19,11,55,15,4,11,2.0,11,0.0,0,0.0,0.262626263,0,0,0.0,1,1.0
2,1,0,9,2,1,9,0,2,2.0,2,0.0,0,0.0,1.0,0,0,0.0,1,1.0
14,3,0,10,90,63,1,10,9,0.923076923,615,1.0,0,0.74,0.222222222,1,1,42.14285714,3,1.2857
4,2,0,6,25,0,1,5,2,0.444444444,152,0.0,2,0.727272727,0.5625,1,4,36.25,1,0.75
13,1,0,7,33,26,5,2,12,0.604166667,261,1.0,0,0.0,0.252747253,0,0,18.76923077,7,1.4615
1,3,0,12,2,0,12,0,1,2.0,5,0.0,0,1.0,1.0,0,0,4.0,0,0.0
42,1,14,28,78,809,16,12,33,0.909756098,498,1.0,7,0.0,0.118466899,0,0,10.61904762,4,1.5714
17,1,0,62,64,78,47,15,17,0.96875,462,0.2,1,0.0,0.219607843,0,0,25.58823529,2,0.9412
6,1,0,6,39,0,1,5,5,0.6,339,1.0,1,0.0,0.333333333,0,0,54.66666667,4,1.3333
2,1,0,8,2,1,6,2,2,2.0,2,0.0,0,0.0,0.666666667,0,0,0.0,1,1.0
8,1,0,6,23,0,5,1,8,0.0,154,1.0,0,0.0,0.34375,0,0,18.125,2,1.0
6,1,2,6,14,15,2,4,5,2.0,50,0.0,0,0.0,0.541666667,0,0,7.333333333,2,1.0
27,4,0,2,35,351,0,2,27,2.0,171,0.0,0,0.783333333,0.37962963,0,0,5.333333333,3,1.1111
4,2,0,3,17,0,1,2,2,0.555555556,121,0.333333333,0,0.571428571,0.45,0,0,28.5,7,2.25
3,3,0,0,4,1,0,0,2,0.5,247,0.0,0,0.974358974,1.0,0,0,81.0,1,0.3333
8,3,0,4,18,10,0,4,6,0.714285714,172,1.0,0,0.840909091,0.75,0,0,20.125,4,1.75
4,2,0,4,16,4,1,4,2,0.833333333,109,0.0,0,0.769230769,0.4,0,0,25.75,3,1.75
2,1,0,4,4,1,2,2,1,2.0,10,0.0,0,0.0,0.75,0,0,4.0,1,0.5
15,1,0,7,34,105,6,1,14,1.071428571,338,0.0,0,0.0,0.103030303,0,0,21.46666667,6,1.8667
13,1,0,66,13,78,66,1,13,2.0,13,0.0,0,0.0,0.369230769,0,0,0.0,1,1.0
18,1,0,0,18,153,0,0,18,2.0,18,0.0,0,0.0,0.5,0,0,0.0,1,1.0
56,1,0,14,88,1436,1,13,45,0.663636364,650,1.0,1,0.0,0.125757576,0,0,10.5,6,1.125
6,1,0,0,6,15,0,0,6,2.0,6,0.0,0,0.0,1.0,0,0,0.0,1,1.0
9,1,0,4,15,0,2,2,8,0.1875,243,1.0,1,0.0,0.422222222,0,0,25.77777778,6,2.1111
16,0,0,17,35,102,4,14,10,0.858333333,189,1.0,3,0.0,0.222222222,0,0,10.3125,3,1.125
27,3,0,8,101,157,5,3,15,0.824786325,1286,0.888888889,1,0.294117647,0.183760684,1,7,45.62962963,4,1.1111
3,4,0,8,9,1,1,7,3,0.5,26,0.0,1,0.99086758,0.555555556,0,0,7.333333333,1,0.6667
43,1,0,13,91,783,4,9,1,0.962585034,1954,0.166666667,2,0.0,0.328042328,0,0,43.46511628,19,1.5349
3,1,0,4,5,3,0,4,3,2.0,18,0.0,0,0.0,0.833333333,0,0,5.0,1,0.6667
18,3,0,8,43,63,1,8,14,0.411764706,260,1.0,0,0.68627451,0.277777778,2,7,13.38888889,4,1.3333
7,2,0,8,11,19,4,6,6,0.833333333,39,1.0,1,0.444444444,0.333333333,0,0,4.428571429,1,0.7143
16,2,1,13,36,78,1,12,10,0.75,188,1.0,1,0.333333333,0.2375,1,1,10.5,3,1.0625
8,1,0,0,8,28,0,0,8,2.0,8,0.0,0,0.0,0.354166667,0,0,0.0,1,1.0
22,2,0,42,54,199,13,32,20,0.571428571,466,1.0,0,0.622641509,0.215909091,2,4,20.13636364,7,1.4091
6,3,0,5,27,3,1,5,4,0.4,135,1.0,0,0.880952381,0.5,0,0,21.16666667,2,1.0
3,1,0,0,14,3,0,0,2,2.0,102,0.0,0,0.0,0.333333333,0,0,33.0,1,0.6667
10,1,0,1,10,45,1,0,10,1.111111111,11,0.0,0,0.0,0.4,0,0,0.0,1,1.0
2,1,0,0,2,1,0,0,2,2.0,2,0.0,0,0.0,0.75,0,0,0.0,1,1.0
4,3,0,11,14,0,0,11,4,0.333333333,44,1.0,0,0.959459459,0.4,2,7,9.75,1,0.75
3,2,1,8,43,3,2,6,1,2.0,250,0.0,0,0.9,0.555555556,1,1,82.33333333,9,3.3333
4,1,0,0,4,6,0,0,4,2.0,4,0.0,0,0.0,1.0,0,0,0.0,1,1.0
2,1,0,16,2,1,15,1,2,2.0,2,0.0,0,0.0,1.0,0,0,0.0,1,1.0
0,1,0,0,0,0,0,0,0,2.0,15,0.0,0,0.0,0.0,0,0,0.0,0,0.0
9,1,0,9,34,0,1,8,8,0.458333333,206,1.0,1,0.0,0.416666667,0,0,21.55555556,2,0.8889
26,1,0,0,40,0,0,0,24,0.08,723,0.0,0,0.0,0.528846154,0,0,26.73076923,5,2.6538
6,1,0,0,36,15,0,0,0,0.933333333,304,0.333333333,0,0.0,0.333333333,0,0,49.16666667,1,0.8333
12,2,0,6,23,46,2,4,10,0.818181818,122,0.5,0,0.55,0.4,1,6,9.0,2,0.8333
3,2,0,3,5,3,1,2,0,2.0,24,0.0,0,0.5,0.555555556,0,0,7.0,2,1.3333
1,1,0,188,1,0,187,1,1,2.0,1,0.0,0,0.0,1.0,0,0,0.0,1,1.0
8,5,0,11,32,18,0,0,7,0.666666667,149,1.0,0,0.936936937,0.5,1,2,17.25,2,1.0
13,0,0,16,29,52,4,13,4,0.854166667,120,1.0,1,0.0,0.202380952,0,0,7.923076923,2,1.0
11,1,0,13,40,0,2,11,10,0.663636364,580,1.0,3,0.0,0.246753247,0,0,50.72727273,3,1.1818
53,1,0,100,145,1370,96,8,49,0.988461538,2291,0.0,0,0.0,0.076923077,0,0,42.13207547,22,4.8113
10,1,0,7,42,39,1,6,6,0.644444444,328,1.0,0,0.0,0.314285714,0,0,31.3,9,2.8
10,2,0,1,22,29,1,0,9,0.311111111,117,1.0,0,0.454545455,0.333333333,1,1,10.2,1,0.6
13,1,0,8,45,42,4,5,13,0.625,345,0.5,0,0.0,0.340659341,0,0,25.38461538,5,1.8462
6,4,0,4,51,15,0,4,3,1.2,304,1.0,0,0.915254237,0.366666667,2,4,49.16666667,1,0.8333
6,3,0,2,7,3,1,1,6,0.6,33,1.0,0,0.975124378,0.666666667,1,2,4.166666667,1,0.8333
0,1,0,0,0,0,0,0,0,2.0,0,0.0,0,0.0,0.0,0,0,0.0,0,0.0
7,1,0,2,12,9,2,0,7,0.333333333,47,1.0,0,0.0,0.476190476,0,0,5.428571429,1,0.7143
3,4,0,10,34,3,1,9,1,1.5,170,0.0,0,0.990566038,0.666666667,1,1,55.33333333,1,0.6667
2,1,0,0,2,1,0,0,2,2.0,2,0.0,0,0.0,0.75,0,0,0.0,1,1.0
14,1,0,5,14,91,5,0,14,2.0,14,0.0,0,0.0,0.271428571,0,0,0.0,1,1.0
2,1,0,5,2,1,5,0,2,2.0,2,0.0,0,0.0,0.75,0,0,0.0,1,1.0
10,1,0,2,12,25,1,0,10,0.805555556,53,1.0,0,0.0,0.7,0,0,3.9,1,0.9
11,1,0,4,25,0,1,3,6,0.52,241,1.0,1,0.0,0.242857143,0,0,20.45454545,3,1.4545
5,1,0,3,10,8,1,2,5,0.5,57,1.0,0,0.0,0.3,0,0,10.2,2,1.0
6,1,5,8,7,7,5,3,6,0.7,28,1.0,1,0.0,0.444444444,0,0,3.333333333,1,0.8333
9,1,0,7,34,0,0,7,8,0.75,298,0.25,0,0.0,0.592592593,0,0,31.66666667,5,2.7778
7,2,0,1,13,0,1,0,7,0.0,65,1.0,0,0.684210526,0.342857143,1,2,8.142857143,1,0.8571
2,1,0,6,13,1,1,5,2,2.0,53,0.0,0,0.0,0.5,0,0,25.5,1,0.5
10,5,0,6,29,0,1,5,7,0.688888889,212,1.0,0,0.777777778,0.3,2,5,19.7,5,1.2
9,4,0,3,12,36,0,3,9,2.0,50,0.0,0,0.911111111,0.555555556,1,4,4.555555556,1,0.8889
30,1,0,0,88,177,0,0,24,0.882032668,887,0.736842105,9,0.0,0.126666667,0,0,27.93333333,4,1.2333
7,1,2,7,23,21,2,5,3,2.0,133,0.0,0,0.0,0.666666667,0,0,18.0,5,1.8571
15,1,0,20,63,105,10,18,12,2.0,397,0.0,0,0.0,0.259259259,0,0,25.46666667,6,2.2
4,1,0,9,21,4,1,8,2,0.666666667,113,1.0,0,0.0,0.666666667,0,0,27.0,1,0.5
4,3,0,5,17,0,1,5,1,0.666666667,85,0.5,0,0.946428571,0.5,2,7,19.75,1,0.75
37,3,1,9,69,180,1,8,34,0.7,725,0.8,2,0.682692308,0.171171171,2,9,18.45945946,12,2.2973
8,4,9,18,21,8,9,9,4,2.0,110,0.0,0,0.872727273,0.5,2,5,12.75,2,1.125
25,1,0,7,78,194,2,5,17,0.878787879,530,0.727272727,3,0.0,0.261904762,0,0,19.76,3,1.04
6,4,0,18,21,15,7,11,6,1.0,80,0.0,0,0.981900452,0.375,3,8,12.16666667,1,0.6667
36,2,0,21,49,590,5,19,36,0.963809524,261,1.0,2,0.406779661,0.160493827,1,2,5.833333333,2,1.0
6,1,0,5,6,15,4,1,6,2.0,6,0.0,0,0.0,0.444444444,0,0,0.0,1,1.0
2,3,0,4,4,1,0,4,1,2.0,9,0.0,0,0.916666667,0.75,1,1,3.5,1,0.5
11,3,0,16,42,17,7,9,10,0.7,291,1.0,2,0.75,0.287878788,1,1,25.0,3,1.9091
8,2,0,4,15,0,1,4,6,0.821428571,102,0.75,2,0.142857143,0.238095238,0,0,10.75,3,1.0
5,2,0,5,19,0,1,5,3,0.583333333,78,1.0,2,0.636363636,0.466666667,1,1,14.0,2,1.0
6,1,5,25,8,15,24,1,6,2.0,21,0.0,0,0.0,0.583333333,0,0,2.5,1,0.8333
2,4,0,2,4,1,0,2,1,2.0,20,0.0,0,0.971428571,0.75,1,1,9.0,3,1.5
1,1,0,5,1,0,5,1,1,2.0,1,0.0,0,0.0,1.0,0,0,0.0,1,1.0
11,2,0,5,21,49,2,3,9,1.0,109,0.2,0,0.578947368,0.522727273,1,6,8.454545455,2,0.8182
19,7,1,10,108,137,4,8,10,0.767676768,767,0.909090909,0,0.97473997,0.194736842,4,8,38.78947368,10,2.4211
3,1,0,8,3,3,8,0,3,2.0,3,0.0,0,0.0,0.666666667,0,0,0.0,1,1.0
11,2,0,5,21,49,2,3,9,0.85,106,0.5,0,0.578947368,0.522727273,1,6,8.454545455,2,0.8182
3,3,0,6,7,3,1,5,2,2.0,23,0.0,0,0.9,0.5,1,1,6.666666667,2,1.0
7,2,0,6,15,9,2,4,7,0.722222222,64,1.0,1,0.454545455,0.357142857,1,1,7.714285714,1,0.8571
6,6,0,12,22,11,1,12,5,0.6,87,1.0,1,0.857142857,0.305555556,0,0,13.16666667,1,0.8333
3,4,0,2,14,3,1,2,3,2.0,60,0.0,0,0.979166667,0.666666667,0,0,19.0,3,1.6667
4,1,0,0,4,6,0,0,4,2.0,4,0.0,0,0.0,0.75,0,0,0.0,1,1.0
14,3,0,24,39,23,13,13,13,0.8,256,0.0,0,0.745098039,0.198412698,2,9,16.92857143,3,1.5
1,4,0,2,2,0,1,1,1,2.0,4,0.0,0,1.0,1.0,0,0,3.0,0,0.0
94,1,0,5,126,413,1,4,10,0.802541544,10760,0.272727273,1,0.0,0.338709677,0,0,113.1170213,95,10.5426
5,3,0,5,7,0,1,4,4,0.0,34,1.0,0,0.75,0.533333333,1,1,5.6,1,0.6
11,4,0,3,14,55,0,3,11,2.0,61,0.0,0,0.891304348,0.545454545,1,6,4.545454545,1,0.9091
15,1,0,5,32,33,3,2,14,0.595238095,210,1.0,0,0.0,0.226190476,0,0,12.6,3,1.1333
7,1,1,8,19,21,4,4,7,1.0,70,1.0,1,0.0,0.785714286,0,0,8.857142857,4,1.2857
5,3,0,29,45,4,1,29,4,0.5,267,1.0,1,0.933333333,0.333333333,1,6,52.2,4,1.8
7,3,0,16,27,19,4,12,7,2.0,105,0.0,0,0.814814815,0.371428571,0,0,14.0,4,1.4286
86,1,0,98,300,2749,45,54,48,0.914285714,3446,1.0,5,0.0,0.167320261,0,0,38.90697674,35,2.2209
6,2,0,4,22,3,1,3,0,1.0625,288,0.0,0,0.636363636,0.285714286,1,2,44.33333333,25,5.1667
2,3,0,4,5,1,1,3,2,2.0,17,0.0,0,0.976190476,0.75,1,1,7.0,1,0.5
2,2,0,5,8,0,1,4,2,0.0,33,1.0,0,0.973684211,0.625,0,0,15.0,2,1.0
51,1,0,27,115,1275,11,25,40,1.02,2159,0.0,0,0.0,0.181372549,0,0,40.82352941,18,3.3333
8,3,0,18,18,4,7,11,5,0.571428571,75,1.0,0,0.922077922,0.325,2,8,8.125,1,0.75
6,1,0,8,47,13,0,8,3,0.8,257,0.5,0,0.0,0.2,0,0,41.5,6,1.5
1,4,0,2,2,0,1,1,1,2.0,5,0.0,0,1.0,1.0,0,0,4.0,0,0.0
2,1,0,6,8,1,2,4,2,2.0,33,0.0,0,0.0,0.5,0,0,15.5,3,1.5
10,3,4,124,15,27,120,5,9,0.888888889,87,1.0,2,0.898734177,0.288888889,0,0,6.9,1,0.8
3,1,0,3,8,0,1,2,3,0.5,29,0.0,0,0.0,0.666666667,0,0,8.0,1,0.6667
12,2,0,5,26,42,1,4,10,0.787878788,182,0.333333333,0,0.523809524,0.226190476,1,4,13.91666667,2,1.1667
47,2,0,23,100,943,9,22,38,0.87458194,1056,1.0,1,0.274193548,0.104859335,0,0,21.19148936,6,1.3617
3,2,0,10,21,3,4,6,2,2.0,106,0.0,0,0.75,0.666666667,1,3,34.33333333,11,4.0
5,1,0,13,5,10,11,3,5,2.0,5,0.0,0,0.0,0.45,0,0,0.0,1,1.0
5,4,0,3,8,10,0,3,5,2.0,28,0.0,0,0.953488372,0.6,1,4,4.6,1,0.8
2,2,0,10,9,1,2,8,1,2.0,40,0.0,0,0.947368421,0.6,1,2,18.5,1,0.5
1,1,1,23,2,0,23,0,1,2.0,12,0.0,0,0.0,1.0,0,0,9.0,0,0.0
4,2,0,11,12,2,1,11,3,0.444444444,62,1.0,0,0.625,0.45,1,2,13.75,1,0.75
10,2,0,11,24,45,4,7,7,2.0,99,0.0,0,0.8875,0.328571429,1,5,8.9,2,1.1
14,7,0,12,98,43,4,11,2,0.866396761,1049,0.894736842,1,0.980568012,0.204081633,0,0,72.57142857,9,2.4286
3,3,0,0,4,1,0,0,2,0.5,1248,1.0,0,0.974358974,1.0,0,0,414.6666667,1,0.3333
1,4,0,2,2,0,1,1,1,2.0,4,0.0,0,1.0,1.0,0,0,3.0,0,0.0
5,1,0,1,6,0,1,0,5,0.5,30,1.0,0,0.0,0.8,0,0,4.6,1,0.8
3,3,0,0,4,1,0,0,2,0.5,1248,1.0,0,0.974358974,1.0,0,0,414.6666667,1,0.3333
10,1,0,5,10,45,2,3,10,1.111111111,13,0.0,0,0.0,0.3,0,0,0.0,1,1.0
10,2,0,8,21,0,5,3,7,0.388888889,156,1.0,0,0.578947368,0.5,1,6,14.4,3,1.1
11,1,0,9,29,7,2,7,8,0.806666667,324,0.733333333,3,0.0,0.35,0,0,27.09090909,5,1.2727
4,4,0,7,19,6,0,7,4,2.0,74,0.0,0,0.947368421,0.875,0,0,17.5,2,1.0
5,5,0,28,7,0,25,3,5,0.6875,45,1.0,0,0.823529412,0.5,0,0,7.2,1,0.6
3,4,0,1,4,1,0,1,2,1.423076923,3769,0.0,0,0.976190476,1.0,0,0,1251.0,1,0.3333
4,1,0,4,5,4,4,0,4,0.333333333,76,0.0,0,0.0,0.666666667,0,0,16.0,1,0.75
55,1,5,100,118,1101,75,45,10,0.912037037,1164,1.0,6,0.0,0.149691358,0,0,19.94545455,18,2.1636
5,1,0,0,18,4,0,0,3,0.625,157,1.0,0,0.0,0.25,0,0,30.0,6,1.8
111,1,0,13,150,5301,0,13,97,0.944318182,1851,0.666666667,8,0.0,0.119886364,0,0,15.45945946,10,1.5315
5,1,0,7,11,8,1,7,5,0.5,44,1.0,1,0.0,0.466666667,0,0,7.6,1,0.8
4,0,0,10,17,2,1,9,3,0.666666667,71,1.0,2,0.0,0.833333333,0,0,16.0,1,0.5
2,2,0,2,3,1,2,2,2,2.0,8,0.0,0,0.888888889,0.625,0,0,3.0,1,0.5
54,2,0,15,138,1241,7,0,16,0.877358491,1573,1.0,1,0.267605634,0.205450734,1,1,27.7962963,5,1.2037
2,2,0,2,4,1,1,1,2,2.0,10,0.0,0,0.923076923,0.75,0,0,4.0,1,0.5
1,1,0,1,1,0,1,0,1,2.0,1,0.0,0,0.0,1.0,0,0,0.0,1,1.0
6,1,0,0,6,15,0,0,6,2.0,6,0.0,0,0.0,0.75,0,0,0.0,1,1.0
4,3,0,17,26,0,0,17,3,0.333333333,123,1.0,1,0.949152542,0.4,2,6,29.5,2,1.0
14,3,0,31,48,37,21,11,14,0.794871795,389,1.0,0,0.628571429,0.3,1,4,26.35714286,29,2.9286
21,2,0,6,38,122,1,5,19,0.94,334,0.4,1,0.379310345,0.301587302,1,6,14.19047619,2,0.9048
1,1,0,1,1,0,0,1,1,2.0,1,0.0,0,0.0,1.0,0,0,0.0,1,1.0
4,2,1,13,21,0,1,12,2,2.0,178,0.0,0,0.666666667,0.5,2,3,43.5,9,3.25
8,2,0,11,18,18,1,11,5,0.87755102,90,1.0,2,0.461538462,0.3125,0,0,9.375,1,0.875
2,4,0,18,25,1,2,16,2,2.0,137,0.0,0,0.987012987,0.625,2,3,67.5,9,4.5
5,2,0,4,21,0,0,4,4,0.166666667,144,1.0,0,0.666666667,0.533333333,1,1,27.2,5,2.4
1,1,0,1,1,0,1,0,1,2.0,1,0.0,0,0.0,1.0,0,0,0.0,1,1.0
16,1,0,2,16,120,1,1,16,2.0,16,0.0,0,0.0,0.375,0,0,0.0,1,1.0
4,2,0,6,16,4,1,5,3,0.666666667,52,1.0,0,0.888888889,0.466666667,0,0,11.75,1,0.25
8,1,0,2,13,14,2,0,6,0.571428571,69,1.0,0,0.0,0.625,0,0,7.375,3,1.25
16,1,0,2,16,120,1,1,16,2.0,16,0.0,0,0.0,0.375,0,0,0.0,1,1.0
10,3,2,7,26,29,2,5,6,0.555555556,162,1.0,0,0.804347826,0.5,0,0,15.0,4,1.2
17,2,0,8,33,0,1,7,15,0.6875,227,0.8,3,0.423076923,0.254901961,1,4,12.05882353,2,0.9412
5,2,0,3,8,10,1,3,5,1.25,25,0.0,0,0.936170213,0.466666667,1,4,3.8,1,0.6
3,1,0,35,3,3,32,4,3,2.0,3,0.0,0,0.0,0.666666667,0,0,0.0,1,1.0
17,4,0,7,39,100,0,7,14,0.9375,241,0.461538462,0,0.75,0.382352941,2,3,12.41176471,7,1.4118
16,1,0,2,30,88,1,1,14,0.683333333,250,0.0,1,0.0,0.21875,0,0,14.375,4,1.125
7,1,0,9,12,0,7,3,7,0.5,40,1.0,1,0.0,0.428571429,0,0,4.428571429,1,0.8571
11,5,0,16,23,37,3,13,10,0.916666667,141,1.0,0,0.93877551,0.225,2,5,10.72727273,2,0.9091
10,1,0,56,18,17,56,0,10,0.777777778,106,1.0,0,0.0,0.4,1,1,9.1,2,1.0
2,2,0,2,3,1,0,2,2,2.0,6,0.0,0,0.8,0.666666667,0,0,2.0,1,0.5
0,1,0,2,0,0,1,1,0,2.0,0,0.0,0,0.0,0.0,0,0,0.0,0,0.0
8,3,0,5,29,0,1,4,6,0.428571429,177,1.0,0,0.833333333,0.3125,1,1,20.875,5,2.0
4,1,0,6,4,6,5,2,4,2.0,4,0.0,0,0.0,0.666666667,0,0,0.0,1,1.0
17,2,0,8,30,114,1,7,13,0.828125,200,1.0,0,0.642857143,0.3625,1,1,10.29411765,4,0.8235
4,3,0,19,31,0,5,15,4,0.833333333,132,1.0,0,0.949152542,0.416666667,1,4,31.5,4,2.0
12,2,0,11,20,24,10,1,12,2.0,153,0.0,0,0.64,0.527777778,1,14,11.75,2,1.0
4,3,0,6,15,6,1,5,4,2.0,39,0.0,0,0.959459459,0.5,2,12,8.75,1,0.75
2,1,0,4,9,1,1,3,2,2.0,57,0.0,0,0.0,0.625,0,0,27.5,7,3.5
2,4,0,12,10,1,0,12,2,2.0,31,0.0,0,0.989690722,0.6,2,5,14.5,1,0.5
18,1,0,23,83,151,18,5,15,0.970588235,638,1.0,0,0.0,0.194117647,0,0,34.33333333,5,1.5556
10,1,0,6,22,27,2,4,8,0.80952381,222,1.0,2,0.0,0.5,0,0,20.5,4,1.5
9,5,0,23,83,20,2,22,9,0.833333333,538,0.666666667,1,0.965811966,0.311111111,5,10,58.44444444,1,0.8889
7,2,0,6,13,17,4,2,7,0.75,46,1.0,1,0.333333333,0.428571429,0,0,5.285714286,1,0.8571
69,1,0,36,198,2330,20,18,64,1.005793226,2601,0.303030303,0,0.0,0.102076125,0,0,36.2173913,49,4.2464
8,1,0,2,11,0,2,0,0,0.688311688,256,0.0,1,0.0,0.265625,0,0,29.625,12,2.75
3,1,0,11,29,3,2,11,3,2.0,157,0.0,0,0.0,0.666666667,0,0,51.33333333,10,3.6667
8,5,0,6,26,0,1,5,5,0.571428571,173,1.0,0,0.823529412,0.375,2,5,20.25,4,1.125
3,1,0,4,6,0,2,2,2,0.5,33,1.0,1,0.0,0.666666667,0,0,9.0,2,1.0
3,2,0,8,19,3,0,8,3,2.0,88,0.0,0,0.75,0.555555556,0,0,28.33333333,8,3.0
8,1,0,7,42,14,0,7,2,0.75,308,0.0,2,0.0,0.238095238,0,0,37.0,4,1.5
17,5,0,15,90,108,3,15,3,0.75,539,1.0,3,0.974276527,0.22875817,3,4,30.41176471,15,2.5294
1,1,0,4,1,0,3,1,1,2.0,1,0.0,0,0.0,1.0,0,0,0.0,1,1.0
6,3,0,2,7,3,1,1,6,0.6,33,1.0,0,0.975124378,0.666666667,1,2,4.166666667,1,0.8333
8,3,0,14,38,0,0,14,7,0.80952381,255,0.444444444,2,0.922077922,0.265306122,2,8,29.75,3,1.375
3,2,0,3,6,3,0,3,3,2.0,17,0.0,0,0.964285714,0.533333333,0,0,4.666666667,1,0.3333
5,1,0,32,5,10,32,0,5,2.0,5,0.0,0,0.0,0.666666667,0,0,0.0,1,1.0
7,2,0,11,11,15,4,10,6,0.5,44,1.0,0,0.772727273,0.265306122,0,0,5.142857143,1,0.7143
4,3,0,1,6,0,0,1,3,0.0,21,1.0,0,0.921052632,0.625,2,2,4.0,1,0.75
43,1,0,9,100,825,4,7,35,0.838095238,785,0.8,1,0.0,0.261904762,0,0,17.02325581,1,0.8372
5,6,0,7,32,2,3,6,1,0.8,202,1.0,2,0.99389313,0.35,0,0,38.4,1,0.8
10,2,0,11,48,7,2,9,7,0.759259259,312,0.666666667,0,0.428571429,0.222222222,0,0,29.6,6,1.8
2,1,0,10,14,0,2,8,2,0.0,104,1.0,0,0.0,0.583333333,0,0,50.5,1,0.5
6,3,0,10,24,11,1,9,4,0.866666667,206,0.666666667,0,0.428571429,0.466666667,1,1,32.83333333,9,2.8333
31,1,0,34,108,197,9,27,28,0.64,1228,1.0,2,0.0,0.112903226,0,0,38.29032258,23,3.129
8,5,0,3,33,28,1,2,7,2.0,143,0.0,0,0.992974239,0.5,1,1,16.875,3,1.125
17,2,4,12,48,44,4,8,13,0.75,298,1.0,0,0.458333333,0.3875,1,6,16.35294118,4,1.3529
2,4,0,2,6,0,1,1,2,0.0,20,1.0,0,0.944444444,0.75,0,0,8.5,1,0.5
6,3,0,42,56,0,1,41,5,0.55,531,1.0,4,0.923076923,0.361111111,2,4,86.83333333,4,1.6667
3,1,0,0,8,3,0,0,2,2.0,25,0.0,0,0.0,0.333333333,0,0,7.333333333,1,0.6667
7,2,0,3,17,0,3,1,7,0.611111111,66,1.0,0,0.333333333,0.392857143,0,0,8.0,2,1.0
4,2,0,7,17,0,1,6,4,0.5,78,1.0,1,0.571428571,0.4,0,0,18.0,2,1.0
2,4,0,8,11,1,0,8,2,2.0,44,0.0,0,0.979591837,0.75,1,6,21.0,1,0.5
11,2,1,8,27,21,2,7,9,0.733333333,94,1.0,1,0.608695652,0.4,2,3,7.272727273,1,0.8182
3,1,3,3,4,3,3,0,3,2.0,10,0.0,0,0.0,0.666666667,0,0,2.333333333,1,0.6667
7,2,0,6,14,9,5,2,5,0.5,48,1.0,1,0.848484848,0.342857143,0,0,5.714285714,1,0.7143
26,1,0,16,78,65,4,12,19,0.75,984,0.6,4,0.0,0.147928994,0,0,36.07692308,20,2.8846
4,3,0,5,9,2,0,5,4,0.666666667,48,1.0,0,0.925,0.5,0,0,10.5,1,0.75
1,1,0,3,1,0,3,0,1,2.0,1,0.0,0,0.0,1.0,0,0,0.0,1,1.0
13,1,0,6,46,8,2,5,9,0.716666667,528,0.7,0,0.0,0.221153846,0,0,38.84615385,35,4.0769
2,2,0,9,11,0,1,8,2,0.0,53,1.0,1,0.923076923,0.625,0,0,25.0,4,2.0
4,1,0,4,40,0,0,4,3,0.333333333,240,1.0,0,0.0,0.333333333,0,0,58.0,12,3.75
7,4,0,3,10,21,0,3,7,2.0,39,0.0,0,0.931818182,0.571428571,1,6,4.571428571,1,0.8571
8,2,0,2,17,0,1,1,6,0.171428571,514,1.0,1,0.65,0.3125,1,2,62.625,1,0.875
7,2,0,6,14,9,5,2,5,0.5,48,1.0,1,0.848484848,0.342857143,0,0,5.714285714,1,0.7143
2,1,0,55,2,1,54,1,2,2.0,2,0.0,0,0.0,0.75,0,0,0.0,1,1.0
3,1,0,4,9,1,4,0,2,1.456896552,583,0.896551724,0,0.0,0.5,0,0,174.0,3,1.0
28,1,0,53,49,268,49,4,28,0.562962963,741,0.8,0,0.0,0.285714286,1,1,25.28571429,9,1.4286
4,5,0,1,13,0,0,1,3,0.833333333,47,1.0,0,0.894736842,0.5,0,0,10.25,2,0.75
2,1,0,4,2,1,3,2,2,2.0,2,0.0,0,0.0,0.75,0,0,0.0,1,1.0
7,3,0,13,56,9,0,13,6,1.0,901,0.0,0,0.571428571,0.349206349,2,5,127.4285714,7,1.8571
23,2,0,6,39,39,1,5,21,0.772727273,382,0.875,4,0.35483871,0.356521739,1,6,15.26086957,2,0.913
45,2,0,60,112,932,23,41,15,0.568181818,1178,0.6,1,0.328125,0.175925926,1,1,25.06666667,12,1.2222
2,1,0,6,4,1,6,0,1,1.692307692,80,0.0,0,0.0,1.0,0,0,26.0,0,0.0
3,5,1,6,14,3,5,2,3,2.0,52,0.0,0,0.96875,0.555555556,1,1,16.33333333,3,1.6667
12,1,0,7,35,16,2,6,8,0.727272727,359,0.555555556,2,0.0,0.319444444,0,0,28.16666667,9,2.0
13,1,0,14,49,24,11,4,12,0.65,298,1.0,0,0.0,0.346153846,0,0,21.53846154,4,1.8462
6,1,0,1,7,3,1,0,6,0.6,34,1.0,0,0.0,0.555555556,0,0,4.333333333,1,0.6667
17,2,0,9,56,84,4,8,11,0.739583333,304,1.0,0,0.318181818,0.25,1,1,16.52941176,4,1.4118
13,1,0,6,46,8,2,5,9,0.716666667,528,0.7,0,0.0,0.221153846,0,0,38.84615385,35,4.0769
5,1,0,3,12,0,2,1,3,0.53125,256,1.0,0,0.0,0.6,0,0,48.6,10,3.8
1,1,0,3,1,0,2,1,1,2.0,1,0.0,0,0.0,1.0,0,0,0.0,1,1.0
1,1,0,1,1,0,0,1,1,2.0,1,0.0,0,0.0,1.0,0,0,0.0,1,1.0
5,1,0,4,5,10,4,0,5,2.0,5,0.0,0,0.0,1.0,0,0,0.0,1,1.0
2,3,0,3,8,1,1,3,2,2.0,33,0.0,0,0.96969697,1.0,0,0,15.5,1,0.5
20,1,0,10,38,62,5,5,13,0.708133971,601,0.636363636,4,0.0,0.233082707,0,0,28.5,11,2.65
12,3,2,56,25,14,55,3,9,0.606060606,216,0.0,2,0.607142857,0.395833333,1,2,16.75,3,1.6667
10,4,0,9,18,39,3,9,10,0.666666667,68,1.0,0,0.783783784,0.35,1,1,5.7,1,0.8
3,1,0,4,9,0,1,3,3,0.0,27,1.0,1,0.0,0.555555556,0,0,7.666666667,1,0.6667
3,2,0,5,6,3,4,3,3,2.0,17,0.0,0,0.967741935,0.533333333,0,0,4.666666667,1,0.3333
33,1,0,21,108,70,13,13,15,0.659375,1485,0.6,7,0.0,0.232142857,0,0,43.6969697,19,4.0909
20,4,0,26,95,144,2,26,13,0.842105263,433,1.0,0,0.727272727,0.197368421,4,5,20.3,3,1.0
13,2,7,15,25,24,7,8,11,0.555555556,137,1.0,1,0.911764706,0.230769231,1,5,9.307692308,2,0.8462
71,1,2,24,151,1037,8,16,48,0.878405316,2724,0.604651163,6,0.0,0.133333333,0,0,36.76056338,12,1.507
10,5,0,9,16,27,1,8,9,0.844444444,79,1.0,0,0.945205479,0.263888889,2,5,6.4,2,0.9
4,1,4,5,6,6,4,1,1,2.0,15,0.0,0,0.0,0.666666667,0,0,2.75,1,0.75
5,2,0,6,63,0,1,6,5,0.541666667,435,1.0,2,0.80952381,0.4,1,1,84.8,1,0.8
3,2,0,12,20,3,1,11,1,1.0,294,0.0,0,0.9,0.533333333,1,1,96.66666667,1,0.6667
5,1,0,7,8,6,4,3,5,0.625,31,1.0,1,0.0,0.466666667,0,0,4.8,1,0.8
17,5,1,17,41,0,8,11,16,0.4375,281,1.0,2,0.892857143,0.165775401,2,9,15.41176471,7,1.8824
1,1,0,3,1,0,2,1,1,2.0,1,0.0,0,0.0,1.0,0,0,0.0,1,1.0
27,2,0,7,42,209,3,4,24,0.846153846,372,0.9,3,0.323529412,0.346153846,1,6,12.40740741,2,0.8889
2,3,0,6,7,0,1,6,2,0.0,24,1.0,1,0.956521739,0.6,0,0,10.5,1,0.5
17,1,3,14,19,84,11,3,16,0.994047619,152,0.0,2,0.0,0.317647059,0,0,6.705882353,4,1.1176
6,3,0,5,15,1,0,5,6,0.7,75,1.0,0,0.880952381,0.555555556,0,0,10.83333333,1,0.8333
1,1,0,1,2,0,1,0,0,2.0,27,0.0,0,0.0,0.0,0,0,10.0,0,0.0
4,3,0,11,14,0,0,11,4,0.333333333,44,1.0,0,0.959459459,0.4,2,7,9.75,1,0.75
7,1,0,9,25,0,2,7,7,0.5,199,0.5,1,0.0,0.357142857,0,0,27.14285714,1,0.8571
24,4,2,7,50,270,2,5,20,0.434782609,250,1.0,1,0.706666667,0.162037037,2,15,9.375,5,1.375
3,1,0,10,29,3,2,10,3,2.0,157,0.0,0,0.0,0.666666667,0,0,51.33333333,10,3.6667
3,2,0,2,6,3,0,2,1,2.0,12,0.0,0,0.714285714,0.666666667,1,2,3.0,1,0.6667
11,1,0,11,34,0,2,9,10,0.566666667,210,1.0,1,0.0,0.272727273,0,0,17.81818182,3,1.0909
4,1,0,5,8,0,1,4,3,0.0,79,1.0,1,0.0,0.5625,0,0,18.5,5,2.0
2,5,0,5,9,1,0,5,2,2.0,43,0.0,0,0.982142857,0.75,3,8,20.0,1,0.5
5,3,0,4,18,8,0,4,5,0.375,173,1.0,2,0.818181818,0.366666667,2,3,32.4,7,2.6
8,2,0,3,17,0,1,2,6,0.5,236,0.875,1,0.708333333,0.270833333,1,4,27.5,2,1.0
2,1,0,1,2,1,1,0,2,2.0,2,0.0,0,0.0,1.0,0,0,0.0,1,1.0
13,1,0,24,82,22,5,19,13,0.783333333,552,0.9,4,0.0,0.147435897,0,0,40.69230769,6,1.3846
4,4,0,2,6,6,1,2,4,1.333333333,16,0.0,0,0.975308642,0.625,2,5,2.75,1,0.5
5,2,0,8,40,10,2,0,5,2.0,338,0.0,0,0.6,0.48,1,3,66.6,14,3.4
1,6,0,1,2,0,1,1,1,2.0,6,0.0,0,1.0,1.0,0,0,5.0,0,0.0
12,4,0,5,60,16,0,5,8,0.902097902,720,0.538461538,1,0.876404494,0.305555556,1,2,57.91666667,3,1.0833
12,1,1,13,35,34,3,12,3,0.803030303,217,1.0,1,0.0,0.261363636,0,0,16.58333333,4,1.0
4,4,0,2,6,6,1,2,4,1.333333333,16,0.0,0,0.975308642,0.625,2,5,2.75,1,0.5
31,2,0,8,77,317,5,3,22,0.858333333,615,0.916666667,0,0.469387755,0.14,1,1,18.4516129,5,1.5161
12,1,134,155,21,66,154,1,10,2.0,63,0.0,0,0.0,0.283333333,0,0,4.25,1,0.8333
1,2,0,2,2,0,2,0,1,2.0,4,0.0,0,1.0,1.0,0,0,3.0,0,0.0
19,1,1,32,29,107,29,3,19,0.895833333,186,0.875,3,0.0,0.195488722,0,0,8.368421053,5,1.2105
6,1,1,21,8,9,21,1,5,0.6,41,1.0,0,0.0,0.444444444,0,0,5.333333333,1,0.6667
2,1,0,6,7,1,2,4,1,2.0,21,0.0,0,0.0,0.5,0,0,9.5,1,0.5
13,1,0,11,60,44,4,10,6,0.833333333,487,0.6,0,0.0,0.180555556,0,0,36.07692308,6,2.6923
28,1,0,2,35,198,1,1,28,0.841750842,388,1.0,0,0.0,0.383928571,0,0,12.46428571,12,1.75
10,5,0,7,42,43,4,5,9,0.666666667,219,1.0,0,0.990654206,0.375,1,1,20.8,4,1.6
13,1,1,8,20,46,6,2,8,0.666666667,111,1.0,0,0.0,0.615384615,0,0,7.230769231,1,0.7692
34,1,13,45,75,561,15,43,34,2.0,361,0.0,0,0.0,0.196078431,0,0,9.617647059,5,1.1176
3,5,0,4,6,0,1,4,1,0.75,44,0.5,0,0.969230769,0.555555556,3,22,13.0,2,1.0
9,0,2,16,44,36,2,14,2,2.0,217,0.0,0,0.0,0.37037037,0,0,23.11111111,2,1.0
1,4,1,0,2,0,0,0,1,2.0,11,0.0,0,1.0,1.0,0,0,7.0,0,0.0
5,4,0,7,14,10,1,6,5,2.0,34,0.0,0,0.983957219,0.466666667,2,4,5.8,1,0.6
6,1,0,3,9,9,1,2,6,0.866666667,44,0.0,0,0.0,0.458333333,0,0,5.833333333,2,1.1667
1,1,0,2,1,0,2,0,1,2.0,1,0.0,0,0.0,1.0,0,0,0.0,1,1.0
5,4,0,7,15,10,1,7,5,2.0,41,0.0,0,0.98136646,0.466666667,2,3,7.2,1,0.6
5,2,0,11,28,6,0,11,3,0.833333333,216,0.666666667,0,0.25,0.416666667,0,0,41.6,14,3.2
3,1,0,1,7,1,1,0,0,0.5,42,0.0,0,0.0,0.5,0,0,11.66666667,2,0.6667
2,1,0,1,7,1,0,1,2,2.0,26,0.0,0,0.0,0.75,0,0,12.0,1,0.5
1,1,0,3,1,0,1,2,1,2.0,1,0.0,0,0.0,1.0,0,0,0.0,1,1.0
15,1,0,6,31,89,2,0,15,0.107142857,133,1.0,1,0.0,0.333333333,0,0,7.733333333,2,1.0
17,1,0,5,17,136,4,1,17,2.0,17,0.0,0,0.0,0.394957983,0,0,0.0,1,1.0
5,1,0,16,7,4,14,2,5,0.25,30,1.0,0,0.0,0.7,0,0,4.8,1,0.8
6,3,0,5,34,0,0,5,3,0.866666667,237,1.0,0,0.880952381,0.444444444,0,0,38.0,1,0.8333
8,3,0,5,25,16,1,5,7,0.761904762,152,1.0,0,0.840909091,0.75,0,0,17.625,3,1.375
3,1,1,6,9,0,4,2,3,0.0,47,1.0,0,0.0,0.666666667,0,0,14.33333333,1,0.6667
9,4,0,3,12,36,0,3,9,2.0,50,0.0,0,0.911111111,0.555555556,1,5,4.555555556,1,0.8889
9,1,0,2,32,20,2,0,8,0.625,291,1.0,0,0.0,0.301587302,0,0,31.0,8,2.4444
6,1,0,5,34,0,1,4,6,0.4,211,1.0,1,0.0,0.5,0,0,33.5,2,1.1667
3,1,0,2,3,3,2,0,3,1.5,4,0.0,0,0.0,0.666666667,0,0,0.0,1,1.0
12,2,0,5,22,54,2,3,10,0.818181818,117,0.5,0,0.55,0.5,1,6,8.583333333,2,0.8333
22,1,1,5,38,67,2,3,21,0.873015873,384,0.166666667,2,0.0,0.327272727,0,0,16.18181818,8,1.5455
5,2,0,11,33,6,1,10,1,0.625,204,0.0,0,0.818181818,0.433333333,1,1,39.4,1,0.8
4,2,0,9,16,2,0,9,4,0.666666667,66,0.0,1,0.7,0.4375,1,1,15.25,1,0.75
9,2,0,6,13,30,1,5,8,0.625,59,1.0,0,0.785714286,0.518518519,1,4,5.333333333,2,0.7778
1,1,0,0,1,0,0,0,1,2.0,1,0.0,0,0.0,1.0,0,0,0.0,1,1.0
8,8,0,12,20,28,3,9,5,2.0,146,0.0,0,0.994074074,0.46875,1,3,17.25,1,0.5
21,4,0,19,86,156,3,18,15,0.84375,407,1.0,1,0.677419355,0.210884354,2,3,18.0,3,1.0476
1,1,0,0,2,0,0,0,1,2.0,68,0.015625,0,0.0,1.0,0,0,3.0,0,0.0
4,1,0,9,12,2,3,7,3,0.666666667,52,1.0,3,0.0,0.4,0,0,11.25,1,0.75
2,1,0,24,2,1,24,0,2,2.0,2,0.0,0,0.0,0.75,0,0,0.0,1,1.0
5,3,0,5,12,10,2,3,5,2.0,39,0.0,0,0.98,0.7,2,4,6.8,1,0.8
6,2,0,12,19,15,6,6,6,2.0,82,0.0,0,0.733333333,0.30952381,1,1,12.66666667,2,0.8333
12,1,0,2,21,42,2,1,4,0.654545455,146,0.8,0,0.0,0.263888889,0,0,10.75,1,0.8333
10,5,0,5,30,0,1,4,6,0.688888889,328,1.0,1,0.777777778,0.375,2,5,30.8,12,2.3
4,2,0,4,8,4,0,4,3,0.666666667,27,1.0,0,0.6,0.666666667,0,0,5.5,1,0.5
4,3,0,9,15,4,0,9,1,0.333333333,62,1.0,1,0.92,0.666666667,1,1,14.25,4,1.25
8,1,0,11,8,28,7,5,8,2.0,8,0.0,0,0.0,0.363636364,0,0,0.0,1,1.0
1,1,0,0,1,0,0,0,1,2.0,1,0.0,0,0.0,1.0,0,0,0.0,1,1.0
18,2,0,9,36,51,5,4,16,0.852941176,300,0.625,0,0.407407407,0.259259259,1,4,15.22222222,2,0.9444
4,3,0,11,12,6,1,10,3,2.0,43,0.0,0,0.949152542,0.4,1,4,9.75,1,0.75
31,3,2,22,78,239,11,13,26,0.733333333,1095,0.4,2,0.641975309,0.180107527,2,9,34.16129032,17,3.0645
12,4,0,5,22,4,1,4,11,0.484848485,148,0.333333333,0,0.921875,0.25,3,15,11.08333333,2,1.0
3,1,0,6,6,3,0,6,3,2.0,41,0.0,0,0.0,0.444444444,0,0,12.66666667,6,2.3333
2,1,0,23,2,1,23,0,2,2.0,2,0.0,0,0.0,1.0,0,0,0.0,1,1.0
5,3,0,1,16,8,0,1,3,1.243589744,1171,0.0,0,0.926829268,0.333333333,0,0,217.6,2,0.8
48,3,0,22,151,498,0,22,38,0.860883797,1000,1.0,4,0.44047619,0.122222222,1,3,19.5625,2,1.125
7,1,0,1,19,1,1,0,6,0.75,437,0.5,0,0.0,0.5,0,0,60.0,6,3.0
12,2,14,22,23,0,17,7,12,0.363636364,149,1.0,2,0.731707317,0.21875,1,7,11.25,5,1.5833
2,1,0,2,3,1,0,2,2,2.0,7,0.0,0,0.0,0.75,0,0,2.5,1,0.5
15,1,2,19,18,105,19,0,15,2.0,196,0.0,0,0.0,0.311111111,0,0,12.06666667,1,0.9333
1,3,0,0,2,0,0,0,1,2.0,5,0.0,0,1.0,1.0,0,0,4.0,0,0.0
13,4,1,4,26,8,2,2,12,0.541666667,257,0.5,0,0.771428571,0.269230769,2,4,18.61538462,5,1.8462
3,1,0,0,8,3,0,0,1,1.0,27,0.0,0,0.0,0.333333333,0,0,7.666666667,2,1.0
7,3,3,18,25,0,10,11,7,0.416666667,175,1.0,2,0.934210526,0.357142857,2,4,23.71428571,3,1.1429
8,5,0,5,10,28,2,3,8,2.0,31,0.0,0,0.951048951,0.416666667,3,19,2.875,2,1.0
51,1,0,25,117,1275,11,23,40,1.02,2140,0.0,0,0.0,0.181372549,0,0,40.45098039,18,3.3333
8,1,0,1,14,8,1,0,6,0.071428571,178,1.0,1,0.0,0.425,0,0,20.75,6,1.875
9,1,0,11,43,28,0,11,6,0.6875,416,1.0,0,0.0,0.333333333,0,0,45.0,13,3.2222
7,4,1,11,47,15,2,9,3,0.333333333,268,1.0,0,0.972222222,0.5,1,1,37.14285714,1,0.8571
4,3,0,5,7,0,3,2,4,0.833333333,33,0.5,0,0.909090909,0.583333333,0,0,6.75,2,1.0
11,1,0,15,45,0,1,15,9,0.633333333,360,1.0,2,0.0,0.222222222,0,0,31.18181818,11,2.4545
2,5,0,2,7,0,1,1,2,0.0,25,1.0,0,0.944444444,0.666666667,0,0,11.0,1,0.5
8,3,0,13,57,4,0,13,7,0.909090909,377,1.0,1,0.840909091,0.5,1,1,44.75,7,1.875
22,2,0,7,46,105,1,6,20,0.920634921,422,0.4,2,0.366666667,0.253246753,1,6,17.5,2,0.9091
4,1,0,2,4,6,1,1,4,2.0,4,0.0,0,0.0,0.75,0,0,0.0,1,1.0
147,1,0,127,346,9847,99,51,118,0.929969248,5007,0.714285714,12,0.0,0.077947846,0,0,32.72789116,39,3.7959
11,3,0,8,26,0,0,8,11,0.0,76,1.0,1,0.787234043,0.287878788,2,2,5.818181818,1,0.9091
56,1,0,33,146,1146,12,23,56,0.853535354,1086,1.0,5,0.0,0.079545455,0,0,18.07142857,6,1.4107
5,1,0,1,11,0,0,1,5,0.0,41,1.0,0,0.0,0.36,0,0,7.0,1,0.8
6,3,0,4,34,13,1,3,5,1.2,194,0.0,0,0.875,0.333333333,2,3,31.16666667,1,0.6667
23,1,0,5,46,123,1,4,4,0.659090909,668,1.0,1,0.0,0.267080745,0,0,27.60869565,8,2.3043
6,1,3,4,12,15,3,1,6,2.0,49,0.0,0,0.0,0.416666667,0,0,7.166666667,2,1.5
0,1,0,0,0,0,0,0,0,2.0,4,0.0,0,0.0,0.0,0,0,0.0,0,0.0
27,2,0,11,53,229,8,3,23,0.802197802,405,1.0,0,0.5,0.138047138,1,1,13.74074074,6,1.5185
4,2,2,7,17,4,2,5,1,0.666666667,60,1.0,0,0.4,0.666666667,0,0,13.75,2,1.25
10,2,0,6,22,0,2,4,10,0.111111111,78,0.0,1,0.689655172,0.28,1,1,6.7,2,1.0
6,1,0,4,7,3,3,1,6,0.75,41,1.0,1,0.0,0.366666667,0,0,5.166666667,1,0.8333
27,2,0,29,92,213,2,27,18,0.887362637,596,0.714285714,0,0.193548387,0.196153846,0,0,20.55555556,11,2.3704
1,2,0,1,2,0,0,1,1,2.0,338,0.0,0,0.0,1.0,0,0,3.0,0,0.0
3,4,0,4,9,0,1,4,3,0.5,33,1.0,2,0.894736842,0.555555556,0,0,9.333333333,1,0.6667
2,2,0,2,3,1,1,1,2,2.0,7,0.0,0,0.5,1.0,0,0,2.5,1,0.5
2,5,0,3,3,0,2,1,2,0.0,13,1.0,0,0.954545455,0.75,0,0,5.0,1,0.5
3,1,0,2,4,1,2,0,3,0.5,14,1.0,0,0.0,0.666666667,0,0,3.333333333,1,0.6667
4,0,1,7,7,4,5,2,4,0.666666667,24,1.0,0,0.0,0.5,0,0,4.75,1,0.5
4,1,0,6,4,6,4,2,4,2.0,4,0.0,0,0.0,0.55,0,0,0.0,1,1.0
7,2,1,5,12,15,3,3,7,0.916666667,80,0.75,0,0.88,0.523809524,1,4,9.857142857,3,1.8571
13,2,0,10,38,0,3,7,4,0.766666667,367,0.533333333,6,0.294117647,0.211538462,1,2,26.07692308,1,0.9231
3,4,0,1,4,1,0,1,2,1.423076923,3769,0.0,0,0.976190476,1.0,0,0,1251.0,1,0.3333
7,2,0,11,24,5,1,11,6,0.583333333,131,1.0,2,0.9,0.238095238,1,5,17.42857143,6,1.8571
35,4,0,11,78,439,2,10,35,0.909926471,564,1.0,0,0.642105263,0.371428571,3,4,14.65714286,3,1.0286
4,3,3,51,12,6,48,4,3,2.0,50,0.0,0,0.894736842,0.625,0,0,11.5,3,1.0
39,4,0,18,119,617,1,18,30,0.870813397,1667,0.545454545,1,0.712121212,0.142857143,2,17,41.46153846,42,4.6154
15,1,0,1,16,99,1,0,14,0.857142857,3574,0.0,0,0.0,0.339285714,0,0,237.2,8,3.3333
3,1,0,13,17,3,6,7,1,1.0,132,1.0,0,0.0,0.5,0,0,42.66666667,6,2.0
5,4,0,10,42,10,0,10,1,2.0,481,0.0,0,0.952380952,0.6,4,6,95.2,15,5.2
2,1,0,1,13,0,1,0,2,0.0,57,0.0,0,0.0,0.625,0,0,26.0,1,0.5
3,4,0,1,4,1,0,1,2,0.5,583,0.0,0,0.976190476,1.0,0,0,193.0,1,0.3333
38,1,0,0,38,703,0,0,38,2.0,38,0.0,0,0.0,0.355263158,0,0,0.0,1,1.0
2,1,0,4,2,1,2,2,2,2.0,2,0.0,0,0.0,1.0,0,0,0.0,1,1.0
4,1,0,2,4,6,1,1,4,2.0,4,0.0,0,0.0,0.75,0,0,0.0,1,1.0
3,4,0,1,4,1,0,1,2,1.3,875,0.0,0,0.976190476,1.0,0,0,289.0,1,0.3333
14,1,0,13,33,43,4,9,14,0.834319527,300,0.769230769,0,0.0,0.205357143,0,0,19.5,2,1.0714
27,3,0,6,51,0,4,3,27,0.557692308,167,0.5,1,0.882882883,0.24691358,2,5,5.111111111,2,1.0
5,4,0,5,18,10,0,5,4,2.0,81,0.0,0,0.948717949,0.8,1,2,15.2,3,1.2
3,1,0,2,10,0,2,1,3,0.5,162,0.333333333,1,0.0,0.666666667,0,0,52.0,10,5.0
10,6,0,7,47,19,4,5,4,0.592592593,254,1.0,1,0.987860395,0.271428571,2,2,23.8,4,1.3
1,4,0,2,2,0,2,0,1,2.0,5,0.0,0,1.0,1.0,0,0,4.0,0,0.0
3,3,0,4,8,0,1,4,1,0.0,26,1.0,1,0.916666667,0.555555556,1,1,7.333333333,1,0.6667
3,3,0,1,6,1,1,0,3,0.5,28,1.0,0,0.944444444,0.555555556,1,1,8.0,3,1.0
1,1,0,2,1,0,2,0,0,2.0,2064,0.0,0,0.0,0.0,0,0,2052.0,0,0.0
12,7,0,13,69,32,2,12,3,0.872727273,692,1.0,3,0.983508246,0.291666667,1,1,55.41666667,8,1.5
25,1,1,13,59,248,9,4,20,0.875,290,1.0,1,0.0,0.173333333,0,0,10.36,6,1.4
29,1,0,0,29,406,0,0,29,2.0,29,0.0,0,0.0,0.370689655,0,0,0.0,1,1.0
5,2,0,12,13,0,2,10,4,0.666666667,93,0.0,4,0.428571429,0.28,0,0,16.4,2,1.0
3,4,0,2,8,3,0,2,3,2.0,20,0.0,0,0.979166667,0.5,0,0,5.666666667,1,0.6667
5,1,0,8,26,0,1,7,4,0.625,127,1.0,2,0.0,0.314285714,0,0,23.6,4,1.6
4,1,0,7,6,0,7,0,2,0.875,83,0.125,7,0.0,0.555555556,1,1,17.75,5,1.5
4,3,0,1,15,6,0,1,3,1.333333333,2120,0.0,0,0.926829268,0.333333333,0,0,495.5,2,1.0
20,1,0,0,20,190,0,0,20,2.0,20,0.0,0,0.0,0.75,0,0,0.0,1,1.0
3,2,0,3,6,3,0,3,3,2.0,17,0.0,0,0.965517241,0.533333333,0,0,4.666666667,1,0.3333
5,4,0,2,8,10,0,2,5,2.0,28,0.0,0,0.959183673,0.6,0,0,4.6,1,0.8
24,1,6,10,39,234,7,9,0,1.023550725,268,0.0,1,0.0,0.195652174,0,0,9.166666667,2,0.9583
3,2,0,7,18,3,1,6,1,1.25,82,0.0,0,0.666666667,0.583333333,1,2,25.66666667,1,0.6667
1,1,0,7,2,0,7,0,1,2.0,13,0.0,0,0.0,1.0,0,0,3.0,0,0.0
23,2,0,9,36,221,5,4,21,0.727272727,350,0.75,0,0.35483871,0.304347826,1,6,14.04347826,7,1.8261
31,4,0,10,57,117,1,10,29,0.5,904,0.5,0,0.802721088,0.150537634,4,20,28.03225806,15,3.0
6,1,0,0,6,15,0,0,6,2.0,6,0.0,0,0.0,0.611111111,0,0,0.0,1,1.0
37,2,0,12,80,470,6,6,32,0.863425926,866,0.833333333,0,0.244444444,0.219594595,1,6,22.08108108,7,1.8919
8,1,0,7,17,0,2,5,7,0.571428571,134,1.0,2,0.0,0.458333333,0,0,15.375,3,1.375
4,3,0,4,14,4,1,3,2,0.833333333,74,0.0,0,0.777777778,0.416666667,1,2,17.0,1,0.5
2,6,0,2,7,0,1,1,2,0.0,25,1.0,0,0.944444444,0.666666667,0,0,11.0,1,0.5
2,3,0,5,15,1,2,3,1,2.0,77,0.0,0,0.962962963,0.666666667,2,5,37.5,2,1.0
7,1,1,5,8,3,5,0,7,0.75,47,1.0,0,0.0,0.476190476,0,0,5.142857143,1,0.8571
9,4,0,2,12,36,0,2,9,2.0,50,0.0,0,0.921568627,0.555555556,0,0,4.555555556,1,0.8889
20,1,0,2,20,190,1,1,20,2.0,20,0.0,0,0.0,0.375,0,0,0.0,1,1.0
4,3,0,6,13,0,1,6,1,0.666666667,84,0.5,0,0.94,0.5,2,7,19.5,2,1.0
10,2,0,11,36,13,4,8,9,0.694444444,291,0.75,1,0.829787234,0.377777778,2,2,27.7,4,1.7
15,4,1,9,27,57,6,4,14,0.821428571,200,0.875,3,0.858695652,0.383333333,2,8,11.8,2,1.5333
25,3,0,6,49,0,4,3,25,0.520833333,161,0.5,1,0.890909091,0.253333333,1,1,5.36,2,1.0
3,2,0,4,7,0,1,3,3,0.0,33,1.0,0,0.818181818,0.666666667,0,0,9.666666667,1,0.6667
19,2,0,17,38,147,10,9,14,0.805555556,193,1.0,1,0.5,0.167464115,1,3,9.052631579,3,1.0
7,2,0,5,16,3,1,4,7,0.80952381,115,1.0,0,0.7,0.392857143,1,1,14.42857143,3,1.4286
2,3,0,0,3,1,0,0,2,2.0,374,0.0,0,0.974358974,1.0,0,0,186.0,1,0.5
3,5,0,2,8,0,2,0,3,0.0,28,1.0,0,0.928571429,0.666666667,0,0,8.0,1,0.3333
11,1,0,3,17,0,3,0,10,0.1,514,0.0,0,0.0,0.4,0,0,45.54545455,11,2.4545
7,1,0,1,9,13,1,0,6,1.083333333,720,1.0,0,0.0,0.25,0,0,100.1428571,11,3.5714
14,1,0,0,14,91,0,0,14,2.0,14,0.0,0,0.0,0.5,0,0,0.0,1,1.0
5,1,1,3,13,4,1,2,5,0.5,48,1.0,0,0.0,0.4,0,0,8.4,3,1.2
4,2,0,4,7,4,3,1,2,0.916666667,56,0.25,4,0.857142857,0.444444444,1,1,12.0,1,0.5
2,1,3,16,3,1,15,1,2,2.0,5,0.0,0,0.0,1.0,0,0,1.5,1,0.5
2,1,0,5,2,1,4,2,2,2.0,2,0.0,0,0.0,1.0,0,0,0.0,1,1.0
13,1,2,12,37,56,4,10,4,0.770833333,269,1.0,2,0.0,0.205128205,0,0,19.38461538,7,1.3846
12,1,4,28,18,54,27,3,12,0.727272727,49,1.0,0,0.0,0.3125,0,0,3.0,1,0.9167
23,1,0,9,52,0,1,8,22,0.672727273,245,0.2,2,0.0,0.186956522,0,0,9.434782609,4,1.1739
10,5,0,7,32,0,1,6,7,0.688888889,221,1.0,0,0.777777778,0.3,2,5,20.6,5,1.2
1,1,0,0,2,0,0,0,1,2.0,7,0.0,0,0.0,1.0,0,0,3.0,0,0.0
3,2,0,10,23,3,1,9,2,2.0,145,0.0,0,0.92,1.0,0,0,47.33333333,10,3.6667
21,3,0,3,43,0,0,3,19,0.5,498,1.0,0,0.5,0.220238095,1,2,22.47619048,3,1.0476
4,1,0,8,4,6,5,3,4,2.0,4,0.0,0,0.0,0.75,0,0,0.0,1,1.0
20,1,0,5,21,130,3,2,20,0.852631579,125,1.0,0,0.0,0.36,0,0,5.0,4,1.05
1,1,0,12,1,0,11,1,1,2.0,1,0.0,0,0.0,1.0,0,0,0.0,1,1.0
3,1,0,5,8,0,1,4,0,0.833333333,84,0.0,2,0.0,0.466666667,0,0,25.0,4,2.0
4,1,0,7,4,6,6,1,4,2.0,4,0.0,0,0.0,0.7,0,0,0.0,1,1.0
0,1,0,0,0,0,0,0,0,2.0,0,0.0,0,0.0,0.0,0,0,0.0,0,0.0
1,1,0,9,1,0,8,1,1,2.0,1,0.0,0,0.0,1.0,0,0,0.0,1,1.0
4,1,0,8,20,0,4,4,4,0.777777778,106,1.0,1,0.0,0.625,0,0,24.75,5,1.75
2,3,0,5,5,0,2,3,1,0.0,30,1.0,0,0.833333333,0.666666667,1,1,13.5,2,1.0
7,4,0,3,10,21,0,3,7,2.0,39,0.0,0,0.931818182,0.571428571,1,6,4.571428571,1,0.8571
1,3,0,3,2,0,3,0,1,2.0,5,0.0,0,1.0,1.0,0,0,4.0,0,0.0
2,4,0,5,7,1,0,5,2,2.0,608,0.0,0,0.976190476,1.0,0,0,303.0,1,0.5
24,1,0,5,30,0,5,0,21,0.543478261,486,1.0,0,0.0,0.316666667,0,0,19.08333333,8,1.7083
10,1,0,8,21,0,1,8,10,0.711111111,205,0.0,5,0.0,0.4,0,0,18.5,3,1.7
12,1,0,6,30,34,6,0,9,0.690909091,306,1.0,0,0.0,0.375,0,0,24.08333333,6,1.5833
12,1,0,5,44,64,3,2,0,0.981818182,586,1.0,0,0.0,0.318181818,0,0,47.41666667,8,1.8333
7,7,0,23,40,1,0,23,7,0.583333333,297,1.0,0,0.951612903,0.314285714,5,11,41.14285714,4,1.5714
26,1,0,10,55,0,0,10,22,0.344,705,1.0,4,0.0,0.184615385,0,0,25.73076923,2,1.1538
2,1,0,2,2,1,1,1,2,2.0,2,0.0,0,0.0,0.75,0,0,0.0,1,1.0
3,1,0,4,3,3,2,2,3,2.0,3,0.0,0,0.0,0.555555556,0,0,0.0,1,1.0
30,4,0,16,87,297,3,16,17,0.880636605,793,1.0,1,0.555555556,0.166144201,1,1,25.0,17,2.7333
1,1,0,1,1,0,1,0,1,2.0,1,0.0,0,0.0,1.0,0,0,0.0,1,1.0
11,5,1,10,20,37,6,4,11,0.5,117,1.0,1,0.957446809,0.363636364,1,3,9.454545455,3,1.0909
12,3,0,11,75,44,1,11,7,0.936363636,455,0.5,0,0.770833333,0.236111111,0,0,36.08333333,4,1.75
19,1,0,6,46,51,1,5,16,0.763888889,405,1.0,0,0.0,0.218045113,0,0,19.89473684,3,1.2632
4,1,0,2,17,6,2,0,4,2.0,147,0.0,0,0.0,0.333333333,0,0,35.75,1,0.75
4,0,2,10,20,6,2,8,1,1.333333333,85,1.0,0,0.0,0.5,0,0,20.0,5,2.0
8,2,0,12,15,18,2,12,6,0.714285714,56,1.0,2,0.666666667,0.291666667,1,1,5.75,1,0.875
25,1,0,19,77,170,3,17,0,0.810897436,1041,0.846153846,5,0.0,0.208333333,0,0,40.12,5,1.2
0,1,0,8,0,0,8,0,0,2.0,0,0.0,0,0.0,0.0,0,0,0.0,0,0.0
9,1,3,14,14,28,14,2,8,0.982142857,116,0.571428571,2,0.0,0.288888889,0,0,11.11111111,3,1.1111
8,2,0,9,32,0,2,7,8,0.571428571,219,1.0,1,0.65,0.375,0,0,26.0,15,2.625
28,2,0,18,49,330,3,16,28,0.771604938,241,1.0,5,0.074074074,0.117346939,0,0,7.392857143,2,1.0
7,2,0,3,10,21,3,1,7,2.0,54,0.0,0,0.714285714,0.5,1,2,6.714285714,1,0.8571
7,3,0,8,18,21,2,6,4,2.0,66,0.0,0,0.875,0.326530612,0,0,8.428571429,2,0.7143
2,5,0,3,4,1,2,1,1,2.0,9,0.0,0,0.875,0.666666667,1,1,3.5,1,0.5
44,3,0,8,95,716,3,5,40,0.930232558,683,1.0,0,0.730263158,0.15034965,2,13,14.5,1,0.9318
21,2,0,14,25,198,8,7,16,0.8,119,1.0,1,0.678571429,0.217687075,1,3,4.619047619,1,0.8571
3,7,0,5,27,3,1,5,3,1.0,110,1.0,0,0.996946565,0.666666667,0,0,35.33333333,1,0.6667
7,2,0,15,50,11,0,15,5,0.911111111,555,0.866666667,0,0.545454545,0.351851852,0,0,76.14285714,2,1.0
4,2,0,3,8,0,1,2,3,0.333333333,62,1.0,1,0.5,0.583333333,0,0,14.0,4,1.5
9,5,4,12,23,6,5,8,8,0.375,124,0.0,1,0.875,0.355555556,4,15,12.66666667,6,1.7778
4,2,0,2,16,0,0,2,4,0.333333333,89,1.0,0,0.884615385,0.583333333,1,1,21.0,1,0.75
7,1,0,1,8,21,0,1,7,1.0,30,1.0,1,0.0,0.5,0,0,3.0,1,0.8571
3,2,2,5,4,3,4,1,3,2.0,10,0.0,0,0.942857143,1.0,0,0,2.333333333,1,0.6667
19,1,3,29,25,167,26,3,18,0.962962963,343,1.0,1,0.0,0.25,0,0,16.89473684,1,0.8947
9,1,0,3,9,36,2,1,9,2.0,9,0.0,0,0.0,0.333333333,0,0,0.0,1,1.0
1,1,0,7,1,0,5,2,1,2.0,1,0.0,0,0.0,1.0,0,0,0.0,1,1.0
3,2,0,4,10,3,2,2,2,2.0,40,0.0,0,0.96,0.583333333,0,0,12.33333333,2,1.0
42,1,0,24,109,653,6,19,30,0.899825784,1212,1.0,3,0.0,0.146341463,0,0,27.19047619,40,2.2619
9,1,2,9,24,6,4,7,8,0.375,174,1.0,0,0.0,0.296296296,0,0,18.22222222,6,1.8889
4,1,1,4,11,6,2,2,4,0.666666667,36,1.0,1,0.0,0.5,0,0,7.75,2,1.0
6,1,4,15,17,13,14,1,5,0.9,89,0.5,0,0.0,0.6,0,0,13.5,1,0.6667
4,1,0,0,18,0,0,0,3,1.166666667,127,0.5,0,0.0,0.333333333,0,0,29.25,6,2.5
7,1,0,14,10,1,11,6,7,0.666666667,47,1.0,2,0.0,0.314285714,0,0,5.285714286,1,0.8571
3,1,0,7,13,0,1,6,2,0.5,72,1.0,0,0.0,0.6,0,0,22.33333333,6,2.0
3,1,0,10,18,3,1,9,1,1.1,106,0.0,0,0.0,0.444444444,0,0,32.66666667,1,0.6667
29,2,0,6,61,282,1,5,26,0.669642857,710,0.0,0,0.282051282,0.232758621,1,3,23.34482759,7,2.2069
3,1,0,5,3,3,5,0,3,2.0,3,0.0,0,0.0,0.583333333,0,0,0.0,1,1.0
25,1,0,0,29,0,0,0,24,0.388888889,629,1.0,0,0.0,0.313333333,1,1,24.04,9,2.6
6,1,0,4,9,9,0,4,5,0.2,41,1.0,0,0.0,0.416666667,0,0,5.666666667,2,1.0
5,1,0,11,28,8,1,10,3,0.25,122,1.0,0,0.0,0.3125,0,0,23.2,6,1.8
4,1,0,2,10,0,0,2,4,0.0,83,0.0,0,0.0,0.4,0,0,19.5,2,0.5
24,3,2,14,65,222,2,12,13,0.937888199,348,0.928571429,3,0.616666667,0.238095238,0,0,12.91666667,4,1.5417
2,1,0,3,3,0,1,2,2,0.0,12,1.0,1,0.0,0.75,0,0,4.5,1,0.5
9,1,0,8,45,36,1,8,5,2.0,3581,0.0,0,0.0,0.296296296,0,0,396.8888889,3,1.3333
10,1,0,3,13,31,1,2,10,0.703703704,76,1.0,1,0.0,0.375,0,0,6.3,2,1.1
2,2,0,2,4,1,1,1,2,2.0,10,0.0,0,0.8,0.666666667,0,0,4.0,1,0.5
2,2,0,10,9,1,2,8,1,2.0,40,0.0,0,0.947368421,0.6,1,2,18.5,1,0.5
3,1,0,13,4,0,13,0,3,0.0,19,1.0,0,0.0,0.555555556,0,0,5.0,1,0.6667
8,1,0,0,8,28,0,0,8,2.0,8,0.0,0,0.0,0.46875,0,0,0.0,1,1.0
7,1,0,6,7,21,3,3,7,2.0,7,0.0,0,0.0,1.0,0,0,0.0,1,1.0
5,3,0,16,20,0,2,14,5,0.0,86,1.0,1,0.946666667,0.333333333,2,7,16.0,2,1.0
10,4,0,16,25,23,11,6,10,0.5,135,0.0,0,0.777777778,0.328571429,1,2,12.3,2,1.1
8,2,0,9,39,8,0,9,5,0.5,288,1.0,0,0.631578947,0.375,1,1,34.75,7,2.25
3,4,0,1,4,1,0,1,2,0.5,575,0.0,0,0.976190476,1.0,0,0,190.3333333,1,0.3333
22,1,0,1,77,219,1,0,5,0.972789116,2261,0.142857143,0,0.0,0.227513228,0,0,101.1363636,8,3.4091
12,1,0,3,25,0,2,1,0,0.436363636,218,1.0,0,0.0,0.395833333,0,0,16.75,3,1.3333
1,1,0,8,1,0,7,1,1,2.0,1,0.0,0,0.0,1.0,0,0,0.0,1,1.0
20,4,0,11,49,112,2,9,3,0.789473684,840,1.0,0,0.64,0.195454545,3,13,40.9,5,1.45
4,1,0,2,5,6,1,1,4,2.0,16,0.0,0,0.0,0.875,0,0,3.0,1,0.75
3,3,0,4,7,3,0,4,3,2.0,20,0.0,0,0.777777778,0.555555556,2,3,5.666666667,1,0.6667
20,6,1,53,99,50,8,46,13,0.831578947,1165,1.0,1,0.838983051,0.225,3,8,56.75,7,2.55
25,1,0,17,69,200,2,15,22,0.856481481,586,0.222222222,4,0.0,0.16,0,0,22.08,6,1.92
3,1,0,8,11,1,2,6,2,0.5,26,1.0,0,0.0,0.5,0,0,7.333333333,1,0.3333
3,4,0,18,17,0,0,18,3,0.0,108,1.0,2,0.979591837,0.444444444,3,14,34.33333333,1,0.6667
57,1,3,10,126,920,3,7,38,0.771428571,2036,0.933333333,4,0.0,0.136302294,0,0,34.45614035,7,1.2456
5,1,0,2,10,8,0,2,5,0.5,57,1.0,0,0.0,0.3,0,0,10.2,2,1.0
32,1,0,23,52,490,11,22,32,0.892473118,171,1.0,3,0.0,0.136363636,0,0,4.25,1,0.9688
4,4,0,1,11,4,0,1,2,1.285714286,1903,0.0,0,0.953488372,0.5,2,2,471.25,2,0.75
2,1,0,1,7,1,0,1,2,2.0,26,0.0,0,0.0,0.75,0,0,12.0,1,0.5
14,1,0,23,44,29,11,13,14,0.769230769,546,1.0,0,0.0,0.206349206,0,0,37.64285714,4,1.8571
11,1,0,15,15,29,12,3,11,0.825,57,1.0,3,0.0,0.272727273,0,0,3.818181818,1,0.9091
17,2,0,12,55,12,3,10,13,0.625,404,1.0,0,0.428571429,0.158823529,2,4,22.52941176,7,2.0588
11,2,0,8,38,35,1,7,7,0.833333333,253,0.666666667,2,0.307692308,0.232323232,0,0,21.18181818,6,1.2727
4,1,0,6,4,6,6,1,4,2.0,4,0.0,0,0.0,0.625,0,0,0.0,1,1.0
4,1,0,16,6,6,15,3,3,1.0,15,0.0,2,0.0,0.833333333,0,0,2.25,1,0.75
4,4,0,1,6,0,1,0,3,0.666666667,37,1.0,0,0.972222222,0.45,0,0,7.75,2,0.75
12,0,1,37,74,28,1,36,9,2.0,566,0.0,0,0.0,0.256944444,0,0,46.16666667,6,2.0833
5,2,0,5,12,0,2,3,0,0.375,127,1.0,0,0.636363636,0.3,1,2,24.0,4,1.6
7,1,0,7,10,0,7,1,2,0.625,64,1.0,1,0.0,0.428571429,0,0,7.571428571,2,1.1429
3,3,0,3,5,3,1,3,1,2.0,25,0.0,0,0.944444444,0.777777778,1,2,7.333333333,1,0.6667
9,2,0,11,34,34,1,10,6,0.75,239,1.0,0,0.5,0.333333333,0,0,25.44444444,6,1.4444
20,1,0,4,42,130,0,4,18,0.736842105,376,1.0,1,0.0,0.284210526,0,0,17.45,3,1.15
3,4,0,17,14,0,0,17,3,0.0,62,1.0,1,0.979591837,0.444444444,3,13,19.33333333,1,0.6667
14,5,17,20,32,67,18,2,12,0.711538462,395,1.0,0,0.98048048,0.446428571,0,0,26.92857143,2,1.2143
11,1,0,16,45,11,3,13,10,0.616666667,250,1.0,3,0.0,0.316666667,0,0,21.18181818,14,2.3636
8,2,0,17,25,4,4,14,2,0.482142857,252,0.0,4,0.708333333,0.45,1,1,29.5,4,1.375
2,1,0,2,11,0,1,1,2,0.666666667,86,0.666666667,0,0.0,0.625,0,0,40.5,1,0.5
3,1,0,3,6,3,1,2,3,2.0,14,0.0,0,0.0,1.0,0,0,3.666666667,1,0.6667
3,5,0,7,10,3,1,6,2,2.0,40,0.0,0,0.990697674,0.583333333,2,4,12.33333333,1,0.6667
11,3,0,4,25,0,1,3,7,0.625,447,1.0,0,0.444444444,0.287878788,1,3,39.27272727,6,1.5455
23,3,52,55,42,253,53,3,17,2.0,249,0.0,0,0.765957447,0.456521739,1,2,9.826086957,4,1.6087
0,1,0,1,0,0,1,0,0,2.0,0,0.0,0,0.0,0.0,0,0,0.0,0,0.0
17,2,0,3,34,0,1,2,16,0.4625,403,1.0,0,0.515151515,0.183006536,1,15,22.41176471,8,2.2353
10,1,0,6,25,0,3,3,10,0.703703704,180,1.0,2,0.0,0.325,0,0,16.4,3,1.1
4,1,0,7,54,4,1,7,3,1.0,318,1.0,0,0.0,0.5,0,0,77.75,9,4.5
3,2,0,7,19,3,1,6,2,1.0,96,0.0,0,0.866666667,0.5,0,0,30.66666667,1,0.6667
11,3,0,9,21,29,6,4,11,0.825,135,1.0,0,0.951456311,0.340909091,2,5,10.90909091,2,1.0
4,1,0,4,10,0,1,3,4,0.0,39,1.0,0,0.0,0.583333333,0,0,8.5,1,0.75
7,3,0,20,16,1,1,19,7,0.333333333,70,1.0,0,0.922077922,0.371428571,2,8,8.857142857,2,1.1429
3,2,0,6,9,0,4,2,3,0.0,36,1.0,0,0.6,0.666666667,1,1,10.66666667,1,0.6667
2,1,0,10,2,1,5,5,2,2.0,2,0.0,0,0.0,0.666666667,0,0,0.0,1,1.0
10,1,0,8,65,0,3,5,7,0.305555556,611,0.75,1,0.0,0.44,0,0,59.7,1,0.7
52,2,1,36,112,1166,4,33,38,0.91349481,993,1.0,8,0.213114754,0.08875129,1,1,17.76923077,7,1.3846
9,1,0,8,23,0,5,3,8,0.5,148,1.0,1,0.0,0.288888889,0,0,14.88888889,4,1.3333
3,1,0,4,9,1,4,0,2,1.456896552,583,0.896551724,0,0.0,0.5,0,0,174.0,3,1.0
22,2,1,12,52,89,4,9,22,0.721088435,417,0.857142857,2,0.269230769,0.198863636,1,2,17.63636364,8,1.1818
19,1,0,2,19,171,1,1,19,1.055555556,22,0.0,0,0.0,0.308270677,0,0,0.0,1,1.0
7,3,0,12,28,0,1,12,2,0.633333333,227,0.8,1,0.8,0.333333333,1,1,30.71428571,3,1.0
3,1,0,11,27,1,2,9,2,0.5,166,1.0,0,0.0,0.5,0,0,54.0,11,3.6667
14,2,0,5,24,77,2,3,11,0.876923077,202,0.8,0,0.5,0.517857143,1,5,13.07142857,2,1.0
6,1,0,3,11,9,1,3,5,0.488888889,135,1.0,3,0.0,0.333333333,0,0,20.0,6,1.6667
34,2,2,32,67,453,12,26,32,0.772727273,334,1.0,3,0.444444444,0.121848739,1,1,8.647058824,3,1.0294
18,1,1,6,28,47,5,1,18,0.720588235,357,1.0,1,0.0,0.179012346,0,0,18.38888889,3,1.7778
6,3,0,7,13,3,1,6,4,0.0,46,1.0,1,0.782608696,0.375,1,1,6.5,1,0.8333
4,1,0,2,18,0,1,1,4,0.222222222,129,1.0,1,0.0,0.4375,1,1,30.5,6,2.5
12,3,0,11,28,36,5,6,10,0.727272727,214,1.0,2,0.731707317,0.555555556,1,1,16.25,1,0.9167
11,1,0,7,25,3,2,6,8,0.733333333,303,0.777777778,3,0.0,0.328571429,0,0,24.90909091,5,1.2727
4,2,1,5,11,4,1,5,4,2.0,63,0.0,0,0.823529412,0.5,1,4,14.75,5,1.75
10,1,0,10,44,23,7,3,10,0.805555556,421,1.0,1,0.0,0.257142857,0,0,40.7,13,2.9
7,1,2,10,8,21,7,3,0,2.0,10,0.0,0,0.0,0.4,0,0,0.428571429,1,0.8571
22,1,0,2,56,139,1,1,22,0.682539683,432,1.0,0,0.0,0.266233766,0,0,18.36363636,9,1.7727
14,3,0,6,33,65,0,6,14,0.91025641,404,1.0,1,0.74,0.595238095,2,3,27.0,2,1.0
141,2,13,102,286,9792,59,69,130,0.895238095,1747,0.888888889,3,0.073333333,0.057142857,0,0,11.32624113,6,1.156
15,1,0,18,22,21,16,2,14,0.966165414,268,0.263157895,3,0.0,0.211111111,1,1,15.6,3,1.5333
5,1,0,12,21,0,9,3,5,0.0,75,1.0,0,0.0,0.4,0,0,13.8,2,1.0
10,4,0,8,22,27,1,8,10,0.611111111,87,1.0,1,0.951807229,0.32,2,3,7.5,2,0.9
27,4,0,2,33,351,0,2,27,2.0,151,0.0,0,0.783333333,0.388888889,0,0,4.592592593,1,0.963
4,3,0,4,7,0,1,4,3,0.333333333,28,1.0,0,0.918918919,0.4375,1,1,5.75,1,0.75
3,2,0,8,22,3,2,6,2,2.0,165,0.0,0,0.75,0.666666667,1,3,54.0,15,5.3333
6,3,2,20,13,7,17,3,3,0.4,56,1.0,1,0.733333333,0.433333333,1,4,8.0,1,0.6667
13,1,0,3,49,64,1,2,0,0.916666667,699,0.833333333,0,0.0,0.3125,0,0,52.30769231,16,2.4615
2,1,0,11,12,0,4,7,2,0.4,116,1.0,4,0.0,0.625,0,0,54.5,9,4.5
8,4,0,18,33,22,4,18,7,0.142857143,141,1.0,0,0.872340426,0.3125,0,0,16.5,1,0.75
12,1,0,3,12,66,3,0,12,2.0,12,0.0,0,0.0,0.583333333,0,0,0.0,1,1.0
3,4,0,2,6,0,1,1,3,0.0,48,1.0,0,1.0,0.777777778,0,0,14.66666667,0,0.0
10,1,0,4,37,0,0,4,9,0.388888889,278,1.0,0,0.0,0.34,0,0,26.6,5,1.6
8,2,0,9,39,10,1,9,7,0.714285714,180,1.0,1,0.915662651,0.267857143,1,1,21.0,8,1.75
5,2,7,15,22,8,7,8,1,0.75,73,0.5,0,0.666666667,0.3125,1,2,13.2,3,1.0
19,1,0,23,46,65,22,3,17,0.416666667,448,1.0,0,0.0,0.289473684,0,0,22.47368421,16,2.4211
4,4,0,10,7,6,10,0,4,2.0,21,0.0,0,1.0,0.666666667,0,0,4.25,0,0.0
12,2,0,5,24,46,1,4,10,0.818181818,141,0.5,0,0.55,0.5,1,6,10.58333333,2,0.8333
3,1,0,9,12,3,2,7,3,2.0,121,0.0,0,0.0,0.583333333,0,0,39.33333333,1,0.6667
4,1,0,0,4,6,0,0,4,2.0,4,0.0,0,0.0,1.0,0,0,0.0,1,1.0
11,1,0,6,43,23,4,2,8,0.925,419,0.375,1,0.0,0.3,0,0,36.36363636,10,3.1818
10,1,0,2,10,45,1,1,10,2.0,10,0.0,0,0.0,0.5,0,0,0.0,1,1.0
8,3,0,7,46,10,0,7,7,0.771428571,394,1.0,0,0.840909091,0.375,1,1,47.625,2,1.0
10,2,0,3,37,45,0,3,10,2.0,341,0.0,0,0.181818182,0.275,0,0,33.1,5,2.6
4,2,0,4,13,0,1,3,4,0.333333333,89,1.0,0,0.75,0.5,0,0,20.75,1,0.75
5,1,0,4,6,0,4,1,5,0.6875,82,0.0,1,0.0,0.666666667,0,0,13.8,0,0.0
6,1,0,3,25,13,0,3,2,0.7,202,0.0,0,0.0,0.277777778,0,0,32.33333333,2,1.3333
2,2,0,3,7,1,1,2,2,2.0,21,0.0,0,0.987179487,0.666666667,1,1,9.5,1,0.5
8,1,1,14,66,8,2,12,2,0.75,380,0.75,1,0.0,0.321428571,0,0,46.0,11,2.125
12,1,0,29,61,0,2,28,11,0.454545455,395,1.0,2,0.0,0.25,0,0,31.5,9,2.0
28,1,21,41,49,354,29,12,21,0.851851852,281,1.0,3,0.0,0.157142857,1,1,8.857142857,5,1.3214
1,0,0,6,4,0,4,2,1,2.0,9,0.0,0,0.0,1.0,0,0,8.0,0,0.0
5,1,0,8,9,8,4,4,3,0.75,29,1.0,1,0.0,0.5,0,0,4.6,2,0.8
37,1,0,47,37,666,47,0,37,2.0,37,0.0,0,0.0,0.191891892,1,1,0.0,1,1.0
1,1,0,3,1,0,2,1,1,2.0,1,0.0,0,0.0,1.0,0,0,0.0,1,1.0
4,1,0,0,4,6,0,0,4,2.0,4,0.0,0,0.0,1.0,0,0,0.0,1,1.0
6,1,0,3,15,15,0,3,5,2.0,45,0.0,0,0.0,0.291666667,0,0,6.5,1,0.8333
3,0,0,1,20,3,1,0,2,2.0,106,0.0,0,0.0,0.777777778,0,0,34.33333333,9,3.6667
3,2,0,5,18,3,2,3,3,2.0,65,0.0,0,0.882352941,0.416666667,0,0,20.66666667,4,1.6667
11,2,0,5,22,43,1,4,9,0.85,117,0.5,0,0.578947368,0.522727273,1,6,9.454545455,2,0.8182
3,1,0,5,3,3,5,1,3,2.0,3,0.0,0,0.0,0.666666667,0,0,0.0,1,1.0
32,1,0,3,67,484,1,3,21,0.854070661,651,0.523809524,0,0.0,0.253456221,0,0,18.6875,7,1.7813
18,5,0,16,63,59,1,16,10,0.764705882,389,1.0,1,0.693877551,0.209150327,1,1,20.16666667,3,0.9444
6,1,2,5,18,13,3,3,5,0.8,127,0.0,1,0.0,0.533333333,0,0,20.0,14,3.3333
10,1,0,8,28,3,7,2,8,0.666666667,230,1.0,1,0.0,0.35,0,0,21.5,5,1.8
22,1,1,8,49,41,6,2,9,0.843537415,596,0.857142857,1,0.0,0.227272727,0,0,25.77272727,11,2.4545
5,7,0,6,40,6,3,4,3,0.75,214,1.0,0,0.993939394,0.3,2,5,41.4,1,0.8
7,2,0,6,21,0,1,6,5,0.666666667,99,0.333333333,0,0.5,0.375,2,2,12.71428571,3,1.0
10,1,0,43,19,0,43,1,9,0.920634921,146,0.714285714,0,0.0,0.333333333,0,0,12.9,4,1.9
31,3,0,15,109,365,0,15,27,0.888095238,778,1.0,2,0.552238806,0.114919355,1,3,23.64516129,22,2.2903
2,5,0,4,3,0,1,3,2,0.5,17,1.0,2,0.944444444,0.625,0,0,6.5,1,0.5
4,1,0,4,9,0,4,0,3,0.555555556,49,1.0,0,0.0,0.555555556,0,0,10.5,2,0.75
2,1,0,8,2,1,7,1,2,2.0,2,0.0,0,0.0,0.7,0,0,0.0,1,1.0
6,2,0,5,16,13,3,4,6,2.0,58,0.0,0,0.863636364,0.388888889,2,3,8.666666667,1,0.5
24,1,0,11,47,226,1,10,23,0.850931677,244,1.0,1,0.0,0.154166667,0,0,8.875,1,0.9583
7,4,0,3,10,21,0,3,7,2.0,39,0.0,0,0.931818182,0.571428571,1,6,4.571428571,1,0.8571
6,3,0,2,19,15,2,0,4,1.12,184,0.0,0,0.85,0.5,1,1,28.83333333,14,2.8333
10,2,0,5,18,39,2,4,9,0.851851852,75,0.333333333,0,0.5,0.228571429,1,2,6.2,1,0.7
4,1,0,1,7,0,1,0,4,0.333333333,23,1.0,0,0.0,0.625,0,0,4.5,1,0.75
10,4,1,6,29,43,3,4,9,0.944444444,115,0.5,0,0.890243902,0.325,1,6,10.3,6,1.5
2,4,0,1,5,1,0,1,2,2.0,10,0.0,0,0.985507246,0.75,1,1,4.0,1,0.5
13,2,0,14,35,52,10,4,13,0.333333333,204,1.0,2,0.388888889,0.282051282,1,1,14.53846154,5,1.2308
9,3,0,3,15,6,0,3,8,0.4375,82,1.0,2,0.666666667,0.416666667,1,2,7.888888889,3,0.8889
10,1,1,6,41,0,3,3,7,0.333333333,437,0.666666667,1,0.0,0.475,0,0,42.4,1,0.8
2,3,0,0,3,1,0,0,2,2.0,229,0.0,0,0.974358974,1.0,0,0,113.5,1,0.5
7,1,0,29,17,0,26,3,7,0.0,155,1.0,0,0.0,0.464285714,0,0,21.0,4,1.8571
6,4,0,9,31,5,1,9,3,0.5,143,0.5,1,0.8,0.305555556,1,1,22.5,1,0.8333
61,1,0,55,154,540,26,30,58,0.893939394,940,1.0,2,0.0,0.097916667,0,0,14.2295082,10,1.5574
27,2,0,24,71,339,3,23,23,0.912087912,311,0.857142857,1,0.358974359,0.15034965,1,2,10.25925926,2,1.037
5,3,0,1,16,8,0,1,3,1.243589744,1171,0.0,0,0.926829268,0.333333333,0,0,217.6,2,0.8
19,2,0,10,23,165,6,6,15,0.833333333,105,1.0,1,0.604651163,0.273684211,1,3,4.473684211,1,0.8947
13,3,13,24,45,46,13,11,9,1.020833333,189,0.3,0,0.770833333,0.375,0,0,12.0,3,1.0
8,1,0,11,38,0,2,9,3,0.781512605,1004,1.0,4,0.0,0.375,0,0,122.375,2,1.0
4,4,0,4,8,6,3,1,4,2.0,20,0.0,0,1.0,0.666666667,0,0,4.0,0,0.0
4,3,0,2,8,6,2,0,4,1.333333333,21,1.0,0,1.0,0.666666667,0,0,4.0,0,0.0
36,1,0,5,52,282,1,4,7,0.720300752,2855,0.210526316,1,0.0,0.405714286,0,0,77.77777778,102,7.0556
5,1,0,8,17,0,2,6,5,0.25,124,1.0,0,0.0,0.6,0,0,23.6,5,3.0
5,1,0,7,14,0,2,5,5,0.25,128,0.0,0,0.0,0.6,0,0,24.4,5,3.0
6,4,0,6,17,0,1,5,4,0.4,85,1.0,1,0.857142857,0.4,1,2,12.83333333,1,0.8333
7,2,0,5,26,15,1,4,5,0.666666667,95,1.0,0,0.375,0.433333333,1,3,12.42857143,2,1.0
15,1,0,3,21,0,1,2,15,0.628571429,158,1.0,2,0.0,0.311111111,0,0,9.2,2,0.8667
10,3,0,6,13,3,2,4,10,0.722222222,69,0.5,0,0.466666667,0.3,1,2,5.7,1,0.8
1,1,0,10,1,0,9,1,1,2.0,1,0.0,0,0.0,1.0,0,0,0.0,1,1.0
7,1,0,7,13,5,1,6,7,0.366666667,1019,1.0,3,0.0,0.387755102,0,0,143.8571429,1,0.7143
5,2,0,3,13,4,2,3,5,1.0,61,1.0,3,0.904761905,0.5,1,1,10.0,1,0.4
4,3,3,57,37,6,49,31,4,2.0,242,0.0,0,0.978723404,0.642857143,0,0,59.5,2,1.0
9,1,2,8,12,28,4,4,6,0.75,91,1.0,3,0.0,0.37037037,0,0,8.777777778,3,1.3333
2,5,0,6,7,1,0,6,2,2.0,36,0.0,0,0.98245614,0.75,1,6,17.0,1,0.5
11,1,0,13,44,7,3,10,5,0.918181818,525,0.181818182,1,0.0,0.28,0,0,44.72727273,5,1.5455
7,2,2,7,10,15,2,5,4,0.333333333,44,1.0,0,0.814814815,0.285714286,0,0,5.142857143,3,1.0
6,1,0,0,6,15,0,0,6,2.0,6,0.0,0,0.0,0.75,0,0,0.0,1,1.0
5,4,0,20,22,4,0,20,5,0.25,126,1.0,2,0.96,0.4,3,14,23.8,1,0.8
7,5,0,5,18,0,1,4,5,0.708333333,126,1.0,0,0.848484848,0.476190476,2,5,16.42857143,5,1.2857
11,1,0,2,15,17,2,0,11,0.725,95,1.0,0,0.0,0.727272727,0,0,7.272727273,2,0.9091
4,2,0,2,6,4,1,1,4,0.333333333,24,1.0,0,0.916666667,0.75,1,2,4.75,1,0.5
8,1,0,16,8,28,10,6,8,2.0,8,0.0,0,0.0,0.34375,0,0,0.0,1,1.0
3,2,0,12,31,3,0,12,3,2.0,144,0.0,0,0.75,0.555555556,0,0,47.0,11,4.0
14,2,0,5,24,69,2,3,12,0.769230769,155,0.666666667,0,0.5,0.482142857,1,6,9.857142857,2,0.8571
67,1,0,96,67,2211,93,4,67,1.015151515,83,0.0,0,0.0,0.242537313,0,0,0.0,1,1.0
12,3,0,8,19,60,1,8,9,0.363636364,101,1.0,0,0.620689655,0.354166667,1,1,7.333333333,3,1.1667
5,1,0,4,20,0,0,4,4,0.333333333,144,1.0,1,0.0,0.9,0,0,27.2,5,2.2
1,1,0,28,1,0,28,0,1,2.0,1,0.0,0,0.0,1.0,0,0,0.0,1,1.0
2,1,0,6,2,1,4,2,2,2.0,2,0.0,0,0.0,1.0,0,0,0.0,1,1.0
9,4,0,11,54,10,1,11,7,0.803571429,345,1.0,0,0.870967742,0.314814815,1,1,36.55555556,1,0.8889
4,2,0,7,19,4,1,7,1,0.666666667,78,1.0,1,0.818181818,0.444444444,1,1,18.25,5,1.5
43,2,0,44,52,897,0,44,41,0.011904762,340,1.0,0,0.505882353,0.06760411,0,0,6.860465116,4,1.0698
3,4,0,7,19,3,1,6,2,2.0,54,0.0,0,0.990566038,0.666666667,2,3,17.0,1,0.6667
3,3,0,5,12,3,1,4,3,2.0,33,0.0,0,0.777777778,0.555555556,0,0,10.0,2,1.0
20,1,0,0,20,190,0,0,20,2.0,20,0.0,0,0.0,0.75,0,0,0.0,1,1.0
7,2,0,6,21,0,1,6,5,0.666666667,90,0.666666667,0,0.5,0.375,2,2,11.42857143,3,1.0
3,1,0,5,5,0,1,4,3,0.0,24,1.0,0,0.0,1.0,0,0,6.666666667,1,0.6667
1,1,0,13,1,0,13,0,1,2.0,1,0.0,0,0.0,1.0,0,0,0.0,1,1.0
3,3,0,4,8,0,1,4,1,0.0,26,1.0,1,0.92,0.555555556,1,1,7.333333333,1,0.6667
12,2,0,6,23,46,2,4,10,0.818181818,122,0.5,0,0.55,0.4,1,6,9.0,2,0.8333
1,1,0,0,2,0,0,0,1,2.0,16,0.0,1,0.0,1.0,0,0,12.0,0,0.0
12,4,0,4,22,4,1,3,11,0.484848485,148,0.333333333,0,0.921875,0.25,3,15,11.08333333,2,1.0
3,6,0,4,13,1,2,3,2,0.5,54,1.0,1,0.997382199,0.4,1,1,16.66666667,1,0.6667
12,1,0,3,44,64,1,2,0,0.981818182,586,1.0,0,0.0,0.318181818,0,0,47.41666667,8,1.8333
6,1,5,9,10,7,7,2,2,0.72,174,0.0,1,0.0,0.44,0,0,27.16666667,6,1.8333
8,4,0,26,12,0,25,1,8,0.285714286,64,1.0,0,0.818181818,0.4375,0,0,6.75,1,0.5
1,1,0,6,2,0,5,1,1,2.0,12,0.0,2,0.0,1.0,0,0,3.0,0,0.0
10,1,0,7,16,0,6,1,1,0.066666667,471,0.0,0,0.0,0.566666667,0,0,45.6,7,2.8
3,3,0,3,6,3,1,3,2,2.0,16,0.0,0,0.888888889,0.555555556,1,1,4.333333333,1,0.6667
21,2,0,16,55,116,12,4,13,0.67,361,1.0,1,0.444444444,0.345238095,1,1,15.95238095,3,1.4762
14,3,0,5,29,53,1,4,6,0.692307692,514,1.0,1,0.541666667,0.333333333,1,4,34.92857143,14,2.2857
11,2,0,6,29,43,2,4,9,0.85,156,0.5,0,0.578947368,0.418181818,1,6,13.0,2,0.9091
3,3,0,7,16,3,2,5,3,2.0,70,0.0,0,0.916666667,0.833333333,1,2,22.33333333,8,3.0
6,3,0,5,17,5,0,5,5,0.733333333,94,1.0,0,0.880952381,0.5,0,0,14.16666667,1,0.8333
2,1,0,5,2,1,5,0,2,2.0,17,0.0,0,0.0,1.0,0,0,0.0,1,1.0
9,1,0,8,12,0,8,0,7,0.40625,117,1.0,0,0.0,0.5,1,2,11.55555556,4,1.1111
4,2,0,10,20,6,4,8,4,2.0,131,0.0,0,0.931034483,0.416666667,1,1,31.75,1,0.5
1,5,0,5,2,0,5,0,1,2.0,5,0.0,0,1.0,1.0,0,0,4.0,0,0.0
5,3,9,18,12,10,16,2,4,2.0,62,0.0,0,0.882352941,0.533333333,1,1,11.4,5,2.0
32,4,2,17,84,354,6,12,28,0.88172043,656,1.0,2,0.86695279,0.180555556,3,19,19.21875,10,1.8438
12,2,0,4,24,46,0,4,10,0.818181818,141,0.5,0,0.55,0.5,1,6,10.58333333,2,0.8333
7,5,0,5,18,0,1,4,5,0.555555556,113,1.0,0,0.848484848,0.476190476,2,4,14.71428571,4,1.1429
2,1,0,8,2,1,8,0,2,2.0,2,0.0,0,0.0,1.0,0,0,0.0,1,1.0
6,1,0,20,6,15,17,4,6,2.0,6,0.0,0,0.0,0.404761905,0,0,0.0,1,1.0
4,1,0,6,38,6,2,4,2,1.0,242,0.0,0,0.0,0.375,0,0,59.25,9,4.5
7,1,0,1,8,21,0,1,7,1.0,30,1.0,1,0.0,0.5,0,0,3.0,1,0.8571
20,1,0,3,50,74,2,2,18,0.6,721,1.0,2,0.0,0.28125,0,0,34.8,7,2.4
5,1,0,11,22,0,1,10,4,0.166666667,153,1.0,0,0.0,0.4,0,0,29.0,2,1.0
3,2,0,5,18,3,2,3,3,2.0,65,0.0,0,0.875,0.416666667,0,0,20.66666667,4,1.6667
25,2,0,9,51,228,6,3,20,0.770833333,419,0.833333333,0,0.333333333,0.251428571,2,6,15.52,6,1.64
2,4,0,4,6,1,0,4,2,2.0,633,0.0,0,0.976190476,1.0,0,0,315.5,1,0.5
3,4,0,22,24,0,0,22,3,0.0,191,1.0,4,0.979591837,0.444444444,3,13,61.33333333,3,1.3333
11,1,1,2,20,53,2,1,0,0.9,90,1.0,0,0.0,0.4,0,0,7.090909091,2,0.9091
5,4,0,12,41,0,1,12,3,0.25,262,1.0,1,0.870967742,0.36,1,1,50.8,1,0.8
5,1,12,31,6,10,31,0,5,2.0,19,0.0,0,0.0,0.9,0,0,2.8,1,0.8
38,2,0,21,63,617,4,21,36,0.926640927,358,1.0,1,0.396551724,0.144963145,1,1,8.052631579,2,0.9474
7,2,1,6,21,0,2,5,4,0.333333333,90,1.0,0,0.6,0.464285714,0,0,11.57142857,3,1.2857
4,3,2,18,15,6,18,0,3,1.333333333,1008,0.0,0,0.926829268,0.333333333,0,0,235.5,2,1.0
5,5,0,4,18,0,1,3,3,0.616666667,353,1.0,0,0.989528796,0.485714286,1,1,66.6,2,0.6
11,2,0,8,29,25,3,7,9,0.75,185,1.0,0,0.615384615,0.386363636,1,2,15.63636364,3,1.6364
14,1,0,13,58,41,1,12,7,0.779264214,1675,1.0,7,0.0,0.307692308,0,0,117.0,3,1.0
9,4,0,0,15,28,0,0,8,0.375,106,1.0,0,0.8,0.466666667,0,0,10.33333333,1,0.5556
3,5,0,17,33,1,1,16,2,0.5,177,1.0,0,0.98245614,0.75,1,7,57.66666667,1,0.3333
2,2,2,4,5,0,2,2,1,0.0,19,1.0,1,0.923076923,0.625,0,0,8.0,1,0.5
3,2,0,6,38,3,1,5,1,2.0,198,0.0,0,0.9,0.555555556,1,1,65.0,6,2.3333
5,2,0,4,21,0,0,0,4,0.166666667,144,1.0,0,0.636363636,0.533333333,1,1,27.2,5,2.4
4,8,0,9,15,2,2,7,3,0.333333333,97,1.0,1,0.978571429,0.4375,2,2,22.75,4,1.5
10,1,1,12,46,0,1,11,7,0.814814815,357,0.5,1,0.0,0.422222222,0,0,34.1,2,1.1
4,2,0,4,12,0,1,3,4,0.333333333,70,1.0,0,0.75,0.5,0,0,16.0,1,0.75
5,5,0,8,8,10,3,5,4,2.0,57,0.0,0,0.9765625,0.45,1,4,10.4,4,1.2
7,2,0,7,27,0,1,7,3,0.616666667,500,0.6,2,0.454545455,0.285714286,0,0,69.0,5,3.1429
11,1,0,11,54,17,1,10,11,0.766666667,437,1.0,4,0.0,0.191919192,0,0,37.90909091,7,1.5455
10,2,0,3,12,3,2,2,9,0.916666667,87,0.5,0,0.5,0.283333333,1,2,7.3,2,0.9
3,2,0,5,6,3,4,3,3,2.0,17,0.0,0,0.964285714,0.533333333,0,0,4.666666667,1,0.3333
5,3,0,6,6,2,6,0,5,0.75,36,1.0,0,0.80952381,0.466666667,1,1,5.4,1,0.8
9,5,0,11,32,8,2,9,8,0.821428571,443,0.142857143,6,0.954285714,0.26984127,2,20,46.66666667,10,2.8889
9,2,7,19,15,36,13,8,8,1.125,52,0.0,0,0.789473684,0.285714286,1,7,4.666666667,2,1.1111
23,2,0,8,39,35,1,7,21,0.761363636,360,0.875,4,0.34375,0.253623188,1,4,14.30434783,2,0.9565
8,1,0,6,8,28,4,2,8,2.0,8,0.0,0,0.0,0.325,0,0,0.0,1,1.0
8,1,1,3,20,22,1,3,6,0.928571429,108,0.5,0,0.0,0.285714286,0,0,12.25,1,0.75
50,1,2,46,90,637,38,12,43,0.814868805,778,0.5,5,0.0,0.149136578,0,0,14.28,6,2.08
18,5,0,19,48,13,5,15,16,0.735294118,244,1.0,2,0.858333333,0.185185185,4,14,12.33333333,3,1.3889
15,1,0,14,26,1,13,2,14,0.553571429,477,1.0,1,0.0,0.383333333,0,0,30.53333333,6,2.4667
9,2,0,4,13,36,2,2,9,1.125,64,0.0,0,0.3,0.333333333,0,0,5.888888889,1,0.7778
9,3,0,4,12,30,1,4,9,0.25,50,1.0,0,0.833333333,0.555555556,2,5,4.444444444,1,0.7778
3,4,0,1,4,1,0,1,2,0.5,614,0.0,0,0.976190476,1.0,0,0,203.3333333,1,0.3333
20,1,0,8,60,178,2,8,4,1.004048583,387,0.230769231,2,0.0,0.270676692,0,0,17.7,7,1.45
2,1,0,0,2,1,0,0,2,2.0,2,0.0,0,0.0,0.75,0,0,0.0,1,1.0
4,1,0,0,12,6,0,0,4,2.0,50,0.0,0,0.0,0.5,0,0,11.5,2,1.0
38,4,1,31,169,453,3,28,22,0.869565217,2236,1.0,2,0.684210526,0.144144144,0,0,57.23684211,5,1.2632
22,1,0,0,22,231,0,0,22,2.0,22,0.0,0,0.0,0.75,0,0,0.0,1,1.0
45,1,0,23,108,602,7,17,16,0.942775974,2550,0.071428571,15,0.0,0.153030303,0,0,54.42222222,2,1.0222
3,1,0,0,9,1,0,0,2,0.5,44,1.0,0,0.0,0.5,0,0,12.66666667,2,0.6667
10,2,0,9,36,11,2,7,8,0.796296296,227,0.833333333,1,0.428571429,0.288888889,0,0,21.1,12,1.9
6,1,0,2,11,0,1,1,6,0.0,32,1.0,0,0.0,0.583333333,0,0,4.166666667,1,0.8333
4,1,0,1,7,0,1,0,4,0.333333333,23,1.0,0,0.0,0.625,0,0,4.5,1,0.75
1,1,0,5,1,0,5,0,1,2.0,1,0.0,0,0.0,1.0,0,0,0.0,1,1.0
6,1,0,7,8,11,1,6,6,0.8,28,1.0,1,0.0,0.416666667,0,0,3.333333333,1,0.8333
8,4,0,40,70,8,11,34,7,0.714285714,435,1.0,0,0.915662651,0.267857143,3,18,53.25,8,2.625
31,1,1,16,59,437,1,15,28,0.855555556,251,1.0,2,0.0,0.133995037,0,0,7.0,2,1.0
16,1,0,3,24,78,0,3,15,0.76,134,1.0,0,0.0,0.175,0,0,7.0625,1,0.8125
48,1,0,71,48,1128,65,10,48,2.0,48,0.0,0,0.0,0.138257576,0,0,0.0,1,1.0
5,3,0,5,17,10,1,4,5,2.0,74,0.0,0,0.98,0.466666667,2,6,13.8,16,3.8
2,5,0,3,7,0,1,2,2,0.0,21,1.0,0,0.95,0.666666667,0,0,9.0,1,0.5
5,3,0,6,13,4,2,4,4,0.833333333,47,0.333333333,0,0.666666667,0.5,1,1,7.8,1,0.6
11,1,0,43,11,55,35,8,11,2.0,11,0.0,0,0.0,0.409090909,0,0,0.0,1,1.0
13,0,0,16,43,74,2,15,9,0.861111111,223,1.0,2,0.0,0.21978022,0,0,15.92307692,2,1.1538
3,1,0,4,5,3,0,4,3,2.0,12,0.0,0,0.0,0.833333333,0,0,3.0,1,0.6667
4,3,0,11,24,0,1,11,3,0.333333333,126,1.0,1,0.913043478,0.583333333,0,0,30.0,4,1.25
12,2,0,5,22,46,2,3,10,0.818181818,128,0.5,0,0.55,0.4,1,6,9.5,2,1.0
8,5,0,5,31,0,4,1,8,0.571428571,418,1.0,0,0.989393939,0.625,0,0,50.875,12,3.0
3,4,0,1,4,1,0,1,2,0.5,595,0.0,0,0.976190476,1.0,0,0,197.0,1,0.3333
4,4,0,17,17,0,0,17,4,0.666666667,84,1.0,2,0.96969697,0.375,3,8,19.5,2,1.0
2,1,0,3,2,1,3,0,2,2.0,2,0.0,0,0.0,0.75,0,0,0.0,1,1.0
10,1,0,8,55,17,1,8,4,0.654320988,425,1.0,1,0.0,0.275,0,0,40.6,9,2.2
30,3,0,15,109,395,4,13,13,0.869731801,929,0.555555556,4,0.517241379,0.211206897,1,1,29.66666667,8,1.9667
7,5,0,7,18,0,1,6,7,0.0,115,0.0,0,0.978417266,0.285714286,3,14,15.28571429,1,0.4286
15,3,0,52,104,23,1,52,9,0.798319328,1308,1.0,8,0.811594203,0.214285714,2,3,85.06666667,14,3.1333
6,1,0,0,6,15,0,0,6,2.0,6,0.0,0,0.0,0.375,0,0,0.0,1,1.0
8,1,0,3,38,6,0,3,8,0.619047619,233,1.0,0,0.0,0.375,0,0,27.75,6,1.75
0,1,0,4,0,0,4,0,0,2.0,0,0.0,0,0.0,0.0,0,0,0.0,0,0.0
9,2,0,16,32,28,0,16,7,0.625,228,1.0,2,0.461538462,0.325,1,1,24.0,8,2.2222
4,2,0,21,12,0,11,11,2,0.0,170,0.0,0,0.85,0.583333333,1,1,41.25,1,0.75
1,1,0,2,1,0,2,0,1,2.0,1,0.0,0,0.0,1.0,0,0,0.0,1,1.0
7,8,0,11,31,21,1,11,5,2.0,157,0.0,0,0.993055556,0.314285714,1,7,21.42857143,6,2.2857
37,3,1,18,68,218,10,8,34,0.625,693,1.0,2,0.682692308,0.171171171,2,9,17.62162162,12,2.2432
5,1,0,9,14,0,8,2,0,0.0,82,1.0,0,0.0,0.466666667,0,0,15.2,4,2.0
5,1,0,13,5,10,12,2,5,2.0,5,0.0,0,0.0,0.666666667,0,0,0.0,1,1.0
4,1,2,24,5,6,23,1,4,2.0,9,0.0,0,0.0,1.0,0,0,1.25,1,0.75
16,1,0,2,30,88,1,1,14,0.683333333,250,0.0,1,0.0,0.21875,0,0,14.375,4,1.125
2,1,0,18,2,1,18,0,2,2.0,2,0.0,0,0.0,0.833333333,0,0,0.0,1,1.0
2,1,0,3,20,1,0,3,2,2.0,85,0.0,0,0.0,0.5,0,0,41.5,6,3.0
8,2,3,11,23,0,7,4,8,0.142857143,115,1.0,0,0.571428571,0.375,1,1,13.25,5,1.25
52,4,8,37,84,1016,20,20,45,0.85130719,665,0.833333333,4,0.616,0.145104895,2,9,11.55769231,12,1.4231
20,3,0,57,109,130,2,57,15,0.847953216,1543,1.0,4,0.746666667,0.236363636,1,4,75.7,11,2.5
3,3,0,4,4,3,0,4,3,2.0,9,0.0,0,0.95,0.5,1,6,2.0,1,0.6667
22,4,0,25,172,151,1,25,10,0.921768707,1224,0.285714286,2,0.787878788,0.178030303,1,1,54.0,12,2.2273
10,3,0,5,24,0,2,4,8,0.666666667,171,0.5,0,0.631578947,0.525,1,6,15.9,2,0.9
11,1,1,2,20,53,2,1,0,0.9,90,1.0,0,0.0,0.4,0,0,7.090909091,2,0.9091
7,4,0,2,11,21,0,2,7,2.0,43,0.0,0,0.94,0.571428571,0,0,5.142857143,1,0.8571
3,1,0,3,9,1,1,2,0,1.166666667,183,0.333333333,1,0.0,0.5,0,0,59.0,4,1.3333
5,1,0,13,26,0,7,6,4,0.5,151,1.0,0,0.0,0.583333333,0,0,28.8,5,1.4
5,1,0,1,7,8,1,0,3,0.75,22,1.0,1,0.0,0.75,0,0,3.2,1,0.6
1,1,0,21,1,0,21,0,1,2.0,1,0.0,0,0.0,1.0,0,0,0.0,1,1.0
17,2,0,8,33,32,1,7,15,0.8125,243,0.571428571,2,0.423076923,0.254901961,1,4,12.88235294,2,0.9412
8,1,1,31,42,14,5,30,6,0.761904762,207,1.0,1,0.0,0.35,0,0,24.5,1,0.875
4,1,0,5,22,6,3,2,3,2.0,100,0.0,0,0.0,0.416666667,0,0,24.0,3,2.0
9,1,0,6,20,36,0,6,8,2.0,49,0.0,0,0.0,0.142857143,0,0,4.444444444,1,0.8889
4,1,0,13,26,2,2,11,2,0.5,147,1.0,0,0.0,0.333333333,0,0,35.25,12,3.5
3,2,0,3,6,3,0,3,3,2.0,17,0.0,0,0.964285714,0.533333333,0,0,4.666666667,1,0.3333
4,2,0,4,7,4,3,1,2,0.916666667,56,0.25,4,0.857142857,0.444444444,1,1,12.0,1,0.5
0,1,0,31,0,0,30,1,0,2.0,0,0.0,0,0.0,0.0,0,0,0.0,0,0.0
9,1,0,9,22,18,7,2,3,1.028846154,366,0.153846154,1,0.0,0.317460317,0,0,38.22222222,17,4.6667
5,1,0,12,10,0,3,9,4,0.583333333,46,1.0,2,0.0,0.25,0,0,7.6,1,0.6
17,1,0,23,77,34,4,19,15,0.848214286,673,0.714285714,6,0.0,0.2421875,0,0,37.76470588,30,3.4118
15,1,132,155,23,105,155,0,12,2.0,84,0.0,0,0.0,0.483333333,0,0,4.6,1,0.8
24,1,0,2,36,0,1,1,21,0.504347826,991,0.666666667,0,0.0,0.3125,0,0,39.66666667,7,1.5
31,2,0,15,60,0,1,14,24,0.81372549,2556,0.647058824,3,0.194444444,0.188888889,1,4,80.90322581,5,1.2581
4,1,0,7,7,6,2,5,4,2.0,18,0.0,0,0.0,0.5,0,0,3.5,1,0.75
55,3,8,20,106,1313,8,12,9,0.956552707,1133,1.0,2,0.406593407,0.195454545,0,0,19.12727273,10,1.8545
5,3,0,5,17,10,1,4,5,2.0,74,0.0,0,0.98,0.466666667,2,6,13.8,16,3.8
2,3,0,6,5,1,2,4,2,2.0,14,0.0,0,0.8,0.5,0,0,6.0,1,0.5
4,2,0,3,8,0,1,2,3,0.333333333,62,1.0,1,0.5,0.583333333,0,0,14.0,4,1.5
22,3,0,12,68,133,7,6,16,0.571428571,677,1.0,0,0.588235294,0.266233766,2,3,29.59090909,9,2.9545
4,2,0,4,8,4,0,4,3,0.666666667,31,0.0,1,0.666666667,0.444444444,0,0,6.5,1,0.5
12,6,0,3,31,28,1,3,3,0.818181818,269,1.0,0,0.983823529,0.5,2,4,20.66666667,1,0.9167
21,4,0,2,25,210,0,2,21,2.0,120,0.0,0,0.824561404,0.523809524,0,0,4.714285714,1,0.9524
6,1,4,5,7,9,5,0,5,0.6,23,1.0,0,0.0,0.5,0,0,2.666666667,1,0.6667
6,1,4,5,7,9,5,0,5,0.6,23,1.0,0,0.0,0.5,0,0,2.666666667,1,0.6667
10,1,3,12,29,21,3,9,6,0.722222222,151,0.75,1,0.0,0.37037037,0,0,13.7,1,0.6
3,2,0,5,10,3,2,3,3,2.0,57,0.0,0,0.928571429,0.666666667,2,3,18.0,3,1.6667
5,1,0,5,13,0,4,1,5,0.0,69,1.0,0,0.0,0.533333333,0,0,12.6,3,1.2
18,5,0,17,98,123,4,17,3,0.784313725,639,1.0,3,0.972712681,0.194444444,3,4,34.16666667,15,2.7778
15,3,0,10,77,41,0,10,12,0.785714286,725,1.0,3,0.74,0.25,1,1,46.8,2,1.2667
4,1,0,8,17,0,3,5,3,0.0,116,1.0,0,0.0,0.5,0,0,27.75,2,1.25
20,2,0,15,30,142,15,0,16,0.8,191,1.0,0,0.736111111,0.3125,2,3,8.3,3,1.25
2,1,7,23,3,1,23,0,2,2.0,5,0.0,0,0.0,0.666666667,0,0,1.5,1,0.5
3,4,0,3,6,3,1,2,3,2.0,17,0.0,0,0.979166667,0.666666667,0,0,4.666666667,1,0.6667
16,1,13,31,32,100,24,7,16,0.783333333,167,1.0,2,0.0,0.239583333,0,0,9.1875,3,1.0625
5,3,0,10,24,0,2,10,1,0.5,119,1.0,2,0.88,0.4375,1,1,22.2,3,1.0
4,3,0,9,8,2,2,9,2,0.777777778,33,1.0,2,0.904761905,0.4,0,0,6.5,1,0.5
4,3,0,5,17,0,1,5,1,0.666666667,85,0.5,0,0.946428571,0.5,2,7,19.75,1,0.75
5,2,0,6,20,0,1,6,5,0.375,118,1.0,1,0.2,0.4,1,1,22.2,2,1.0
22,1,0,5,38,153,1,4,7,0.848484848,3709,0.121212121,1,0.0,0.380952381,0,0,166.0909091,236,13.7727
2,1,0,6,9,0,1,5,2,0.0,48,1.0,1,0.0,0.6,0,0,21.5,1,0.5
4,3,0,1,15,6,0,1,3,1.333333333,1166,0.0,0,0.926829268,0.333333333,0,0,271.25,2,1.0
13,4,1,15,51,30,2,13,9,0.583333333,390,1.0,2,0.943925234,0.230769231,2,6,28.84615385,8,1.6923
13,1,0,57,28,0,56,2,13,0.0,161,1.0,0,0.0,0.487179487,0,0,11.30769231,2,1.0769
2,1,0,6,8,1,0,6,2,2.0,23,0.0,0,0.0,0.75,0,0,10.5,1,0.5
2,1,0,3,4,0,1,3,2,0.0,14,0.0,1,0.0,0.666666667,0,0,5.5,1,0.5
11,1,0,15,26,31,14,2,7,0.892307692,361,0.615384615,1,0.0,0.3,0,0,30.63636364,5,2.1818
81,2,0,10,167,0,1,9,75,0.841666667,1040,1.0,1,0.520958084,0.114403292,2,7,11.65432099,10,1.1728
11,1,0,10,44,1,2,8,0,0.719047619,658,0.523809524,7,0.0,0.366666667,0,0,56.90909091,7,1.2727
18,2,2,20,64,93,7,16,9,0.745098039,377,1.0,1,0.5,0.2,1,1,19.61111111,3,0.9444
14,4,3,11,29,85,3,8,11,0.576923077,108,1.0,1,0.759259259,0.321428571,0,0,6.571428571,4,1.2857
2,2,0,8,8,1,0,8,2,2.0,56,0.0,0,0.666666667,0.6,1,1,27.0,6,3.0
7,2,0,4,21,3,2,4,7,0.666666667,108,1.0,0,0.5,0.428571429,1,1,13.71428571,2,1.0
15,1,0,18,63,9,1,17,8,0.603174603,830,1.0,3,0.0,0.333333333,0,0,53.73333333,12,3.6
2,4,0,1,3,1,0,1,2,2.0,1867,0.0,0,0.976190476,1.0,0,0,926.0,1,0.5
13,1,0,2,13,78,2,0,13,2.0,13,0.0,0,0.0,0.430769231,0,0,0.0,1,1.0
11,3,15,22,20,0,15,7,10,0.3,113,0.0,1,0.791666667,0.345454545,2,4,9.181818182,6,1.5455
6,4,0,6,17,0,1,5,4,0.4,85,1.0,1,0.857142857,0.4,1,2,12.83333333,1,0.8333
7,3,0,7,38,0,0,7,7,0.666666667,262,1.0,0,0.860465116,0.342857143,2,2,35.71428571,1,0.8571
2,3,0,0,3,1,0,0,2,2.0,229,0.0,0,0.974358974,1.0,0,0,113.5,1,0.5
1,1,0,0,1,0,0,0,1,2.0,1,0.0,0,0.0,1.0,0,0,0.0,1,1.0
4,1,0,6,16,4,1,6,4,0.333333333,82,0.0,0,0.0,0.416666667,0,0,19.25,3,1.25
18,2,0,6,33,81,1,5,16,0.764705882,308,0.8,0,0.423076923,0.305555556,1,6,15.83333333,2,0.8889
17,4,0,12,52,90,2,12,14,0.8125,288,1.0,0,0.753846154,0.470588235,1,1,15.58823529,3,1.0588
18,2,0,7,54,141,1,6,9,0.891176471,1405,0.15,2,0.2,0.189814815,0,0,75.94444444,4,1.1667
131,1,2,29,288,7155,4,27,83,0.943123543,3694,1.0,22,0.0,0.095546559,0,0,26.69465649,6,1.1603
51,1,0,58,132,925,44,21,42,0.776470588,1458,0.117647059,5,0.0,0.144,0,0,27.25490196,33,1.6667
18,3,0,12,80,61,1,12,12,0.647058824,549,1.0,2,0.685185185,0.181818182,0,0,29.38888889,8,1.9444
5,2,1,5,16,2,1,5,4,0.625,110,0.5,1,0.823529412,0.5,1,4,20.6,9,2.2
2,1,0,2,3,1,1,1,2,2.0,5,0.0,0,0.0,0.666666667,0,0,1.5,1,0.5
10,2,0,7,19,39,3,4,8,0.833333333,91,0.5,0,0.578947368,0.32,1,4,7.9,2,0.9
6,5,0,8,21,0,5,3,6,0.6,104,0.5,0,0.88372093,0.333333333,2,5,16.0,4,1.6667
9,1,0,0,9,36,0,0,9,1.125,19,0.0,0,0.0,0.555555556,0,0,0.0,1,1.0
13,2,0,6,35,46,0,6,11,0.916666667,758,0.375,0,0.421052632,0.236111111,1,1,56.69230769,7,1.6154
2,1,0,3,5,1,3,2,2,2.0,17,0.0,0,0.0,0.666666667,0,0,7.5,2,1.0
9,2,1,20,10,36,19,6,9,2.0,28,0.0,0,0.6,0.314814815,0,0,2.111111111,1,0.8889
12,1,0,0,12,66,0,0,12,2.0,12,0.0,0,0.0,0.75,0,0,0.0,1,1.0
2,4,0,5,5,1,0,5,2,2.0,15,0.0,0,0.979591837,0.75,1,6,6.5,1,0.5
61,1,0,46,136,378,25,21,61,0.881666667,776,1.0,2,0.0,0.111241218,0,0,11.55737705,11,1.541
4,1,0,6,4,6,6,1,4,2.0,4,0.0,0,0.0,0.625,0,0,0.0,1,1.0
7,6,0,6,36,3,2,6,1,0.788888889,508,1.0,0,0.991111111,0.5,3,5,69.42857143,6,1.8571
4,1,0,3,4,6,1,2,4,2.0,4,0.0,0,0.0,0.583333333,0,0,0.0,1,1.0
6,1,0,0,6,15,0,0,6,2.0,6,0.0,0,0.0,0.611111111,0,0,0.0,1,1.0
23,1,0,11,40,161,10,1,22,0.829545455,249,1.0,0,0.0,0.286956522,0,0,9.47826087,3,1.087
5,1,0,4,6,0,3,1,5,0.666666667,35,1.0,1,0.0,0.45,0,0,5.4,1,0.6
7,2,0,9,22,0,4,6,5,0.444444444,123,1.0,0,0.538461538,0.285714286,1,1,16.14285714,3,1.1429
3,1,0,2,5,0,1,1,3,0.0,22,1.0,1,0.0,0.555555556,0,0,6.0,2,1.0
1,1,0,2,1,0,2,0,1,2.0,1,0.0,0,0.0,1.0,0,0,0.0,1,1.0
13,1,0,4,49,64,2,2,0,0.916666667,699,0.833333333,0,0.0,0.3125,0,0,52.30769231,16,2.4615
2,1,0,6,2,1,6,0,2,2.0,2,0.0,0,0.0,1.0,0,0,0.0,1,1.0
1,1,0,0,1,0,0,0,1,2.0,1,0.0,0,0.0,1.0,0,0,0.0,1,1.0
2,2,0,9,18,0,2,9,1,0.0,239,1.0,0,0.75,0.571428571,2,2,118.0,1,0.5
2,4,0,7,13,1,1,6,1,2.0,36,0.0,0,0.995260664,0.625,2,3,16.5,1,0.5
14,4,0,9,40,0,1,8,13,0.076923077,174,1.0,1,0.941704036,0.295918367,2,3,11.35714286,1,0.9286
4,1,0,2,5,6,1,1,4,2.0,16,0.0,0,0.0,0.875,0,0,3.0,1,0.75
4,3,0,8,39,0,0,8,4,0.333333333,200,1.0,0,0.925,0.5,1,1,48.5,1,0.75
2,2,0,6,9,1,1,5,2,2.0,33,0.0,0,0.958333333,1.0,0,0,15.5,1,0.5
24,2,0,5,41,0,0,5,22,0.717391304,411,0.875,6,0.34375,0.35,1,6,15.79166667,2,0.9167
2,1,0,9,2,1,8,1,2,2.0,2,0.0,0,0.0,0.75,0,0,0.0,1,1.0
16,1,0,167,55,58,166,2,8,0.873684211,485,0.631578947,1,0.0,0.161904762,0,0,28.125,7,2.3125
2,5,0,2,6,0,1,1,2,1.0,21,1.0,0,0.944444444,0.75,0,0,8.5,1,0.5
32,2,1,22,76,400,2,21,25,0.867383513,718,1.0,4,0.184210526,0.122767857,1,1,21.15625,3,1.4063
4,2,0,3,11,0,1,2,3,0.333333333,45,1.0,0,0.857142857,0.625,1,1,10.0,1,0.75
13,2,0,14,55,56,1,13,7,0.666666667,327,0.666666667,0,0.388888889,0.30952381,1,3,23.92307692,7,1.8462
5,1,8,13,6,10,13,0,5,2.0,54,0.0,0,0.0,0.65,0,0,9.8,3,1.2
4,2,0,11,22,6,4,9,4,2.0,155,0.0,0,0.933333333,0.416666667,1,1,37.75,1,0.5
3,1,0,4,3,3,4,0,3,2.0,3,0.0,0,0.0,0.666666667,0,0,0.0,1,1.0
15,2,0,7,33,43,1,6,15,0.833333333,258,0.666666667,0,0.575757576,0.333333333,1,5,15.8,2,1.0
6,1,0,4,25,9,2,2,4,0.933333333,142,0.333333333,0,0.0,0.266666667,0,0,22.16666667,6,1.5
5,3,18,19,16,8,19,0,3,1.223684211,424,0.0,0,0.926829268,0.416666667,0,0,80.0,3,1.0
6,3,2,9,21,15,7,3,6,1.2,88,0.0,0,0.915254237,0.333333333,1,4,13.5,2,1.1667
2,2,0,5,10,0,1,4,1,0.0,42,1.0,0,0.875,0.6,0,0,19.5,3,1.5
12,1,0,8,25,24,6,2,8,0.863636364,319,1.0,0,0.0,0.214285714,0,0,25.25,3,1.25
6,1,0,4,9,9,0,4,5,0.2,41,1.0,0,0.0,0.416666667,0,0,5.666666667,2,1.0
3,2,0,9,7,1,3,6,1,1.0,30,0.0,0,0.947368421,0.666666667,1,2,8.0,1,0.3333
6,3,0,8,26,15,0,8,6,2.0,342,0.0,0,0.907407407,0.5,2,2,56.0,1,0.8333
4,2,0,10,21,2,2,8,3,0.555555556,174,0.333333333,0,0.857142857,0.5,1,1,41.75,1,0.75
2,4,0,1,3,1,0,1,2,2.0,1009,0.0,0,0.975,1.0,0,0,503.5,1,0.5
9,1,59,62,22,28,61,1,8,0.75,130,0.666666667,0,0.0,0.481481481,0,0,13.11111111,5,1.4444
9,1,0,20,9,36,16,4,9,2.0,9,0.0,0,0.0,0.296296296,0,0,0.0,1,1.0
3,5,0,5,6,1,1,4,2,0.5,28,1.0,0,0.992805755,0.625,2,3,8.0,2,0.6667
17,2,0,12,55,12,3,10,13,0.625,407,1.0,0,0.428571429,0.158823529,2,4,22.70588235,7,2.0588
61,2,0,8,84,610,1,7,59,0.957692308,1176,0.5,14,0.157142857,0.215456674,1,4,17.42622951,2,0.9836
1,3,0,9,2,0,7,2,1,2.0,5,0.0,0,1.0,1.0,0,0,4.0,0,0.0
21,3,0,37,50,168,8,29,13,0.725,266,1.0,1,0.825242718,0.192857143,2,3,11.47619048,5,1.0952
6,3,0,7,19,13,1,7,4,0.466666667,78,1.0,1,0.782608696,0.444444444,1,1,11.5,2,1.0
4,1,0,36,4,6,36,0,4,2.0,4,0.0,0,0.0,0.75,0,0,0.0,1,1.0
10,3,0,11,17,33,3,11,9,0.555555556,79,1.0,0,0.666666667,0.266666667,1,1,6.7,3,1.1
2,2,0,1,5,1,0,1,2,2.0,14,0.0,0,0.923076923,0.75,0,0,6.0,1,0.5
4,1,0,5,9,0,4,0,4,0.333333333,34,1.0,1,0.0,0.5,0,0,7.0,1,0.75
21,2,2,10,47,108,3,8,15,0.920833333,817,0.333333333,1,0.24,0.26875,0,0,37.33333333,2,1.0
6,2,0,1,15,0,1,0,6,0.0,45,1.0,0,0.642857143,0.444444444,1,1,6.333333333,1,0.8333
25,1,1,9,60,62,6,6,19,0.729166667,496,1.0,1,0.0,0.205714286,0,0,18.6,6,1.92
17,2,0,5,36,128,1,4,11,2.0,263,0.0,0,0.777777778,0.192513369,1,10,14.47058824,6,1.8824
4,4,8,13,10,0,11,2,3,0.833333333,39,1.0,1,0.894736842,0.625,0,0,8.25,1,0.5
3,2,0,3,5,3,1,2,0,2.0,24,0.0,0,0.5,0.555555556,0,0,7.0,2,1.3333
1,1,0,9,1,0,4,5,1,2.0,1,0.0,0,0.0,1.0,0,0,0.0,1,1.0
3,1,0,4,3,3,3,1,3,2.0,3,0.0,0,0.0,0.833333333,0,0,0.0,1,1.0
2,1,0,4,3,0,2,2,2,0.0,12,1.0,1,0.0,0.75,0,0,4.5,1,0.5
12,1,2,18,13,42,18,0,12,0.818181818,62,0.0,0,0.0,0.708333333,0,0,3.833333333,1,0.8333
19,3,0,4,29,171,1,3,19,1.055555556,128,0.0,0,0.581395349,0.526315789,0,0,5.684210526,1,0.9474
4,4,0,3,10,0,1,2,4,0.5,41,0.0,0,0.875,0.5,2,2,8.75,1,0.75
2,2,0,5,4,1,3,2,0,2.0,51,0.0,0,0.923076923,0.666666667,1,3,24.5,6,3.0
2,1,0,3,22,1,1,2,2,2.0,128,0.0,0,0.0,0.75,0,0,63.0,5,2.5
5,1,0,6,36,0,3,5,5,0.65,330,1.0,2,0.0,0.466666667,0,0,64.0,3,1.6
12,2,0,12,35,26,3,11,4,0.840909091,190,1.0,1,0.411764706,0.194805195,1,1,14.16666667,3,1.0833
10,2,1,6,21,0,3,4,6,0.412698413,340,1.0,1,0.470588235,0.3,1,3,32.3,2,1.1
2,2,0,1,6,1,0,1,1,2.0,20,0.0,0,0.875,0.75,1,1,9.0,1,0.5
5,3,0,15,27,0,2,15,2,0.583333333,105,1.0,1,0.8,0.5,1,1,19.4,3,1.0
6,1,0,4,10,0,1,3,6,0.6,46,1.0,0,0.0,0.333333333,0,0,6.166666667,1,0.8333
2,1,0,4,4,1,1,3,2,2.0,9,0.0,0,0.0,1.0,0,0,3.5,1,0.5
4,2,0,13,27,2,0,13,3,0.666666667,167,1.0,0,0.6,0.666666667,0,0,40.0,5,1.5
9,1,0,22,34,36,20,2,6,2.0,341,0.0,0,0.0,0.5,0,0,36.88888889,9,4.1111
25,1,0,15,108,244,0,15,15,0.81547619,712,1.0,4,0.0,0.178030303,0,0,26.92,8,1.48
12,1,0,7,28,16,5,2,10,0.545454545,259,1.0,1,0.0,0.270833333,0,0,20.25,5,1.8333
7,1,0,4,20,0,2,2,7,0.166666667,119,1.0,0,0.0,0.342857143,0,0,15.71428571,2,0.7143
15,2,0,12,33,85,3,12,14,0.839285714,139,1.0,0,0.5,0.183333333,1,1,8.0,3,1.1333
2,1,0,5,10,1,1,4,0,2.0,82,0.0,0,0.0,0.5,0,0,40.0,1,0.5
2,4,0,5,5,1,0,5,2,2.0,15,0.0,0,0.979591837,0.75,1,6,6.5,1,0.5
3,6,0,2,15,1,0,2,1,0.5,126,1.0,0,0.997019374,1.0,1,3,39.0,1,0.6667
24,1,0,8,51,86,3,5,16,0.673913043,447,0.833333333,3,0.0,0.183333333,0,0,17.375,5,1.7083
3,3,0,2,4,1,1,1,3,0.5,15,1.0,0,0.818181818,0.666666667,0,0,3.666666667,1,0.6667
4,3,2,18,15,6,18,0,3,1.333333333,4489,0.0,0,0.926829268,0.333333333,0,0,1057.75,2,1.0
0,1,0,0,0,0,0,0,0,2.0,0,0.0,0,0.0,0.0,0,0,0.0,0,0.0
8,1,0,4,38,24,0,4,2,0.714285714,322,0.0,1,0.0,0.214285714,0,0,39.0,2,1.0
7,4,0,19,38,7,0,19,5,0.458333333,272,1.0,1,0.941176471,0.285714286,3,13,37.28571429,12,3.2857
31,2,0,7,44,171,3,4,28,0.863888889,406,0.916666667,9,0.289473684,0.283333333,1,6,11.70967742,2,0.9032
5,3,0,3,8,10,2,1,4,1.25,26,0.0,0,0.923076923,0.5,1,2,4.0,1,0.4
8,1,25,26,13,8,25,1,6,0.666666667,94,1.0,0,0.0,1.0,0,0,10.375,1,0.875
16,1,0,0,16,120,0,0,16,2.0,16,0.0,0,0.0,0.6875,0,0,0.0,1,1.0
7,1,0,9,12,21,3,6,7,2.0,35,0.0,0,0.0,0.476190476,0,0,4.0,1,0.8571
5,3,0,3,8,2,1,2,5,0.666666667,93,1.0,1,0.84,0.36,1,5,17.0,3,1.2
17,1,0,21,34,136,4,17,16,2.0,138,0.0,0,0.0,0.196078431,0,0,7.117647059,1,0.9412
11,1,0,13,24,39,5,12,11,0.8,101,1.0,4,0.0,0.272727273,0,0,7.818181818,1,0.9091
9,1,0,17,23,0,14,3,8,0.5,141,1.0,1,0.0,0.288888889,0,0,14.11111111,4,1.3333
3,3,2,4,4,3,3,1,2,2.0,6,0.0,0,0.97260274,0.666666667,0,0,1.0,1,0.6667
0,1,0,0,0,0,0,0,0,2.0,4,0.0,0,0.0,0.0,0,0,0.0,0,0.0
3,5,0,5,13,0,1,4,3,0.0,47,0.0,1,0.977272727,0.5,2,4,14.33333333,1,0.6667
8,1,0,0,8,28,0,0,8,2.0,8,0.0,0,0.0,0.666666667,0,0,0.0,1,1.0
2,1,0,2,5,1,1,1,2,2.0,16,0.0,0,0.0,0.666666667,0,0,7.0,3,1.5
16,1,2,29,26,88,28,1,9,0.833333333,119,0.0,0,0.0,0.322916667,0,0,6.1875,5,1.0625
9,1,0,20,43,0,12,11,3,0.798076923,466,0.0,1,0.0,0.365079365,0,0,49.33333333,4,0.6667
10,1,0,0,10,45,0,0,10,2.0,10,0.0,0,0.0,0.75,0,0,0.0,1,1.0
4,1,0,2,4,6,1,1,4,2.0,4,0.0,0,0.0,0.75,0,0,0.0,1,1.0
13,2,0,5,22,66,2,3,11,0.805555556,140,0.666666667,0,0.523809524,0.4,1,6,9.538461538,2,0.8462
7,2,0,2,9,7,0,2,6,0.583333333,39,1.0,1,0.722222222,0.314285714,1,1,4.285714286,1,0.7143
53,1,0,29,143,1146,10,20,20,0.906177156,6637,0.090909091,6,0.0,0.192307692,1,1,123.6037736,147,13.3585
2,2,0,6,14,1,1,5,2,2.0,44,0.0,0,0.958333333,1.0,0,0,21.0,1,0.5
3,1,0,5,12,0,1,4,3,0.25,54,1.0,1,0.0,0.466666667,0,0,16.33333333,2,1.0
11,3,0,9,14,41,5,4,11,0.916666667,66,0.0,1,0.642857143,0.327272727,0,0,4.454545455,1,0.9091
4,6,0,3,9,0,1,2,4,0.666666667,45,1.0,1,0.85,0.4375,0,0,9.5,1,0.75
5,1,0,13,28,10,1,12,1,1.0,225,0.5,0,0.0,0.333333333,0,0,43.6,2,1.0
9,4,0,6,25,18,0,6,8,0.875,120,0.5,0,0.843137255,0.361111111,1,1,11.66666667,4,1.2222
15,5,0,20,56,0,4,19,15,0.535714286,406,1.0,1,0.954063604,0.193939394,0,0,25.93333333,2,0.9333
3,1,0,20,4,3,20,0,3,1.4375,23,0.0,2,0.0,0.5,0,0,4.0,2,1.0
9,1,0,32,36,36,32,0,7,1.104166667,281,0.833333333,0,0.0,0.25,0,0,29.55555556,11,3.0
4,1,1,8,26,6,4,4,2,2.0,152,0.0,0,0.0,0.75,0,0,37.0,7,2.25
6,1,5,19,19,13,18,1,5,1.0,119,0.333333333,0,0.0,0.6,0,0,18.33333333,1,0.6667
5,1,0,20,29,6,1,20,2,0.75,193,0.666666667,0,0.0,0.5,0,0,37.0,8,2.0
3,2,0,1,5,3,0,1,3,2.0,12,0.0,0,0.956521739,0.666666667,1,2,3.0,1,0.3333
4,1,0,6,22,4,0,6,3,0.833333333,118,1.0,0,0.0,0.3,0,0,28.0,5,2.25
1,1,0,6,1,0,5,3,1,2.0,1,0.0,0,0.0,1.0,0,0,0.0,1,1.0
10,4,0,4,19,7,1,3,9,0.666666667,120,1.0,0,0.789473684,0.425,1,2,10.6,1,0.8
2,1,0,28,41,1,0,28,2,2.0,332,0.0,0,0.0,0.5,0,0,165.0,1,0.5
11,2,0,4,22,43,0,4,9,0.85,117,0.5,0,0.578947368,0.522727273,1,6,9.454545455,2,0.8182
18,3,1,25,83,79,6,21,17,0.735294118,492,0.5,1,0.920187793,0.136752137,2,6,26.11111111,4,1.2778
1,1,0,2,2,0,2,0,1,2.0,20,0.0,0,0.0,1.0,0,0,15.0,0,0.0
6,4,0,9,33,0,0,9,6,0.68,205,1.0,1,0.939759036,0.416666667,2,4,32.33333333,1,0.8333
3,5,0,12,35,3,8,11,0,1.0,407,0.5,1,0.998394864,0.5,0,0,134.0,1,0.3333
2,1,0,2,2,1,1,1,2,2.0,2,0.0,0,0.0,0.75,0,0,0.0,1,1.0
43,2,0,8,59,305,1,7,41,0.867724868,794,0.944444444,8,0.211538462,0.251937984,1,4,17.04651163,2,0.9767
7,2,0,10,15,17,2,9,4,0.666666667,61,1.0,0,0.684210526,0.261904762,1,1,7.428571429,1,0.8571
16,5,0,19,44,8,4,16,14,0.75,261,1.0,2,0.899280576,0.18125,3,10,15.0625,4,1.4375
12,2,0,8,41,48,1,7,9,0.636363636,203,1.0,0,0.744186047,0.21875,1,1,15.75,7,1.5833
18,1,0,2,18,153,1,1,18,2.0,18,0.0,0,0.0,0.75,0,0,0.0,1,1.0
20,1,2,11,45,112,7,4,16,0.684210526,543,0.857142857,0,0.0,0.316666667,0,0,25.8,11,3.0
3,4,0,4,7,0,1,4,1,0.75,33,0.5,0,0.966101695,0.555555556,2,7,9.333333333,1,0.6667
13,3,1,10,42,0,2,8,11,0.729166667,289,0.5,0,0.804878049,0.247863248,1,10,20.92307692,5,1.2308
13,1,2,17,43,30,7,10,10,0.861111111,498,1.0,4,0.0,0.2,0,0,35.92307692,6,1.4615
4,4,0,3,49,0,1,2,4,0.733333333,236,1.0,0,0.995377504,0.625,1,2,56.75,1,0.75
3,4,0,83,6,3,83,0,3,1.5,17,1.0,0,1.0,0.777777778,0,0,4.333333333,0,0.0
5,6,0,5,28,0,2,4,1,0.708333333,338,1.0,0,0.994056464,0.5,2,4,64.2,3,1.6
13,2,0,8,32,52,4,4,11,0.933333333,1216,0.4,0,0.55,0.415384615,1,6,92.15384615,4,1.3846
7,4,1,18,13,9,9,11,6,0.333333333,55,1.0,1,0.814814815,0.333333333,0,0,6.714285714,2,0.8571
21,4,0,15,72,54,1,14,16,0.835,457,0.9,2,0.804123711,0.194444444,2,2,20.28571429,3,1.0
5,1,0,8,26,10,0,8,2,2.0,508,0.0,0,0.0,0.266666667,0,0,100.6,3,1.4
25,1,0,4,71,254,3,1,20,0.892857143,582,1.0,1,0.0,0.152727273,0,0,22.0,3,1.08
14,2,0,5,39,19,3,2,9,0.794871795,306,0.333333333,0,0.551724138,0.410714286,1,2,20.64285714,6,1.9286
12,1,0,7,18,0,6,1,3,0.054545455,517,0.0,0,0.0,0.416666667,1,1,41.66666667,7,2.75
11,1,0,11,38,0,2,9,7,0.56,336,1.0,1,0.0,0.28,0,0,29.09090909,3,1.3636
6,1,0,6,13,0,3,3,6,0.4,55,1.0,1,0.0,0.458333333,0,0,7.833333333,2,1.0
1,1,0,0,1,0,0,0,1,2.0,1,0.0,0,0.0,1.0,0,0,0.0,1,1.0
2,3,0,7,17,1,1,6,1,2.0,108,0.0,0,0.987179487,0.625,1,3,53.0,8,4.0
6,1,0,1,11,0,1,0,6,0.65,57,1.0,0,0.0,0.444444444,0,0,7.833333333,1,0.8333
10,1,0,10,47,11,1,9,10,0.75,329,1.0,3,0.0,0.2125,0,0,31.1,6,1.5
22,1,0,0,43,127,0,0,20,0.698412698,161,0.0,3,0.0,0.15034965,0,0,6.181818182,2,0.9545
10,1,0,11,10,45,8,4,10,2.0,10,0.0,0,0.0,0.255555556,0,0,0.0,1,1.0
3,5,0,2,4,3,1,1,0,2.0,10,0.0,0,0.990950226,1.0,1,1,2.333333333,1,0.6667
7,2,0,7,25,0,1,6,5,0.166666667,153,1.0,1,0.684210526,0.357142857,1,1,20.57142857,4,1.2857
16,2,0,9,40,70,2,7,16,0.72,267,1.0,2,0.575757576,0.5,1,5,15.375,1,0.875
2,2,0,3,6,1,0,3,2,2.0,14,0.0,0,0.833333333,0.666666667,0,0,6.0,1,0.5
20,1,0,2,20,190,1,1,20,2.0,20,0.0,0,0.0,0.375,0,0,0.0,1,1.0
14,3,0,6,29,35,1,6,13,0.153846154,132,1.0,0,0.636363636,0.339285714,2,8,8.357142857,2,1.1429
5,5,0,2,9,10,0,2,2,2.0,24,0.0,0,0.961538462,0.4,1,2,3.8,1,0.6
40,1,3,28,80,726,4,0,30,0.829059829,508,1.0,3,0.0,0.1078125,0,0,11.475,6,1.5
7,1,0,14,14,19,6,8,6,0.966666667,63,0.4,2,0.0,0.3,0,0,7.285714286,2,1.1429
6,1,0,11,6,15,11,0,6,2.0,6,0.0,0,0.0,0.375,0,0,0.0,1,1.0
25,4,0,10,49,224,0,0,25,0.90530303,304,1.0,0,0.736263736,0.37,2,3,10.72,1,0.96
2,2,0,13,16,1,1,13,1,2.0,88,0.0,0,0.857142857,0.75,1,2,43.0,6,3.0
3,1,2,7,12,3,2,5,1,2.0,53,0.0,0,0.0,0.5,0,0,16.66666667,2,1.0
5,3,0,7,23,8,3,5,2,1.0,199,0.333333333,1,0.904761905,0.44,0,0,38.2,2,1.2
20,3,0,13,69,128,5,10,14,0.719298246,425,1.0,1,0.68627451,0.190789474,2,5,20.1,4,1.45
1,1,0,3,1,0,1,2,1,2.0,1,0.0,0,0.0,1.0,0,0,0.0,1,1.0
28,3,0,18,94,220,2,18,18,0.877314815,769,1.0,3,0.587301587,0.119047619,1,1,25.89285714,22,2.7143
10,1,0,4,38,0,0,4,9,0.388888889,287,1.0,0,0.0,0.34,0,0,27.5,5,1.6
21,1,0,4,41,0,3,2,21,0.59,357,1.0,0,0.0,0.261904762,0,0,15.76190476,4,1.619
2,1,1,3,4,1,3,0,2,2.0,9,0.0,0,0.0,0.75,0,0,3.5,1,0.5
2,3,0,3,5,0,1,2,1,0.0,15,1.0,0,1.0,1.0,0,0,6.0,0,0.0
39,2,0,6,58,115,1,5,37,0.858552632,697,0.9375,9,0.234042553,0.277777778,1,6,16.46153846,2,0.9487
18,4,0,8,49,19,0,8,16,0.773109244,579,1.0,0,0.821052632,0.296296296,2,3,30.77777778,14,2.1111
5,1,0,6,36,0,3,5,5,0.65,330,1.0,2,0.0,0.466666667,0,0,64.0,3,1.6
13,1,0,16,14,78,10,8,12,1.041666667,20,0.0,1,0.0,0.427083333,0,0,0.384615385,1,0.9231
6,1,2,18,39,1,8,11,5,0.8,781,1.0,2,0.0,0.333333333,0,0,128.1666667,3,1.3333
3,1,0,0,3,3,0,0,3,2.0,3,0.0,0,0.0,1.0,0,0,0.0,1,1.0
37,1,0,51,146,654,46,8,33,0.941358025,2046,0.777777778,0,0.0,0.283333333,0,0,54.05405405,29,2.8108
4,1,0,2,24,4,1,1,2,0.333333333,146,1.0,0,0.0,0.466666667,0,0,35.25,3,1.25
9,3,0,21,45,6,1,20,8,0.375,217,0.0,1,0.960784314,0.238095238,2,6,23.0,2,1.0
2,3,0,3,7,1,0,3,2,2.0,25,0.0,0,0.96969697,1.0,0,0,11.5,1,0.5
7,1,0,1,26,1,0,1,6,0.0,149,1.0,0,0.0,0.464285714,0,0,20.14285714,4,1.0
5,3,0,7,19,4,4,4,4,0.75,151,0.0,0,0.902439024,0.4,1,1,28.8,1,0.8
3,3,0,1,7,1,1,0,3,0.5,20,1.0,0,0.951219512,0.444444444,1,3,5.333333333,1,0.6667
4,5,0,17,75,6,1,17,3,2.0,468,0.0,0,0.986111111,0.5,4,6,116.0,3,1.25
19,2,0,6,30,95,1,5,17,0.777777778,318,0.833333333,0,0.392857143,0.305263158,1,4,15.42105263,2,0.9474
9,1,0,11,45,22,0,11,6,0.75,343,1.0,0,0.0,0.4,0,0,36.88888889,1,0.7778
0,1,0,0,0,0,0,0,0,2.0,10,0.0,0,0.0,0.0,0,0,0.0,0,0.0
2,1,0,2,3,1,2,0,0,1.0,16,0.0,0,0.0,0.75,0,0,6.0,0,0.0
3,4,0,1,4,1,0,1,2,0.5,426,0.0,0,0.976190476,1.0,0,0,140.6666667,1,0.3333
53,2,1,24,87,1296,9,19,44,0.684615385,614,1.0,3,0.215384615,0.240566038,1,1,10.49056604,9,1.2642
16,2,1,26,51,50,8,19,16,0.746666667,356,0.8,1,0.666666667,0.1875,2,10,20.9375,9,2.25
2,3,0,3,5,0,0,3,2,0.0,18,0.0,1,0.964285714,0.666666667,1,1,7.5,1,0.5
3,4,0,8,23,3,0,8,3,1.5,130,1.0,0,0.964285714,0.666666667,2,4,40.66666667,2,1.0
6,1,0,7,34,13,0,7,6,0.6,233,1.0,0,0.0,0.375,0,0,37.66666667,4,1.6667
1,5,0,1,2,0,0,1,1,2.0,4,0.0,0,1.0,1.0,0,0,3.0,0,0.0
5,3,0,4,17,10,2,2,4,1.25,52,0.0,0,0.933333333,0.4,1,1,9.2,1,0.4
1,2,0,4,2,0,2,2,1,2.0,5,0.0,0,1.0,1.0,0,0,4.0,0,0.0
6,1,0,1,16,0,0,1,4,0.0,108,0.0,0,0.0,0.916666667,0,0,16.83333333,3,1.8333
2,1,0,5,2,1,4,1,2,2.0,2,0.0,0,0.0,0.75,0,0,0.0,1,1.0
6,1,0,1,6,15,1,0,6,2.0,6,0.0,0,0.0,0.75,0,0,0.0,1,1.0
2,5,0,2,6,0,1,1,2,1.0,21,1.0,0,0.944444444,0.75,0,0,8.5,1,0.5
6,1,0,3,11,0,0,3,6,0.5,56,1.0,0,0.0,0.375,0,0,8.0,3,1.1667
2,5,0,4,4,1,3,1,2,2.0,11,0.0,0,1.0,0.833333333,0,0,4.5,0,0.0
6,3,0,3,30,0,0,3,5,0.6,1262,1.0,0,0.880952381,0.555555556,1,1,208.6666667,2,1.0
19,1,0,1,19,171,1,0,19,2.0,19,0.0,0,0.0,0.381578947,0,0,0.0,1,1.0
37,1,0,41,37,666,41,0,37,2.0,37,0.0,0,0.0,0.191891892,1,1,0.0,1,1.0
13,1,0,76,55,38,76,1,7,0.892857143,446,0.5,0,0.0,0.178571429,0,0,32.23076923,7,2.3846
2,1,0,4,4,1,0,4,2,2.0,11,0.0,0,0.0,0.75,0,0,4.5,1,0.5
8,1,0,2,12,8,0,2,7,0.821428571,129,0.083333333,0,0.0,0.642857143,0,0,13.625,1,0.625
12,7,0,7,57,52,1,7,10,0.709090909,279,1.0,2,0.983433735,0.277777778,0,0,21.83333333,3,1.3333
18,3,0,10,56,119,0,10,15,0.882352941,460,1.0,0,0.685185185,0.377777778,0,0,23.83333333,13,2.0
15,2,0,20,44,75,2,19,10,0.785714286,218,1.0,4,0.35,0.214285714,1,1,13.06666667,6,1.2
6,1,0,1,11,0,1,0,6,0.65,57,1.0,0,0.0,0.444444444,0,0,7.833333333,1,0.8333
7,1,0,2,21,17,0,2,2,0.666666667,90,0.0,1,0.0,0.277777778,0,0,11.57142857,2,1.0
11,1,0,5,21,9,2,3,11,0.25,92,1.0,0,0.0,0.454545455,0,0,7.181818182,1,0.6364
11,2,0,5,34,41,1,5,4,0.91,321,0.6,0,0.795918367,0.272727273,1,1,27.27272727,7,1.6364
3,3,0,3,8,3,1,2,2,1.5,92,0.0,0,0.95,0.666666667,1,5,29.33333333,3,1.0
2,1,0,4,2,1,4,0,2,2.0,2,0.0,0,0.0,0.75,0,0,0.0,1,1.0
10,2,0,3,30,27,1,2,5,0.761904762,245,1.0,1,0.357142857,0.283333333,1,1,22.8,2,1.0
2,5,0,6,6,1,0,6,2,2.0,21,0.0,0,0.98245614,0.75,1,6,9.5,1,0.5
7,3,0,7,13,0,3,4,5,0.166666667,41,1.0,1,0.807692308,0.476190476,1,1,4.714285714,1,0.7143
7,1,0,19,48,21,0,19,3,1.166666667,389,1.0,0,0.0,0.469387755,0,0,54.42857143,1,0.8571
8,3,0,13,28,0,0,13,7,0.714285714,122,0.5,1,0.965517241,0.270833333,2,5,14.0,2,1.0
35,1,1,21,77,535,11,13,20,0.876470588,652,0.9,1,0.0,0.125490196,0,0,17.34285714,5,1.5714
8,5,0,12,11,24,1,12,8,0.785714286,47,1.0,1,0.87037037,0.25,1,1,4.625,1,0.875
10,2,0,7,27,29,1,7,8,0.911111111,145,0.2,1,0.854545455,0.555555556,1,3,13.0,3,1.4
10,2,0,6,19,33,2,4,8,0.833333333,91,0.5,0,0.578947368,0.32,1,4,7.9,2,0.9
2,2,7,12,14,1,7,5,1,2.0,40,0.0,0,0.857142857,0.666666667,0,0,19.0,3,1.5
14,1,0,0,14,91,0,0,14,2.0,14,0.0,0,0.0,0.206349206,0,0,0.0,1,1.0
18,5,0,19,78,119,5,18,6,0.857142857,424,1.0,2,0.974626866,0.173611111,2,8,22.16666667,9,2.0
10,2,0,6,18,45,3,3,8,1.111111111,79,0.0,0,0.611111111,0.525,1,6,6.8,2,0.8
6,1,0,4,22,0,1,3,0,0.333333333,163,1.0,0,0.0,0.5,0,0,25.66666667,5,2.3333
6,2,0,10,25,0,2,10,6,0.666666667,91,0.0,3,0.5,0.333333333,0,0,13.66666667,1,0.8333
19,2,0,1,29,61,1,0,14,0.709876543,342,0.666666667,0,0.464285714,0.305555556,1,2,16.52631579,2,0.8421
78,4,1,42,166,2643,39,21,49,0.944805195,1258,0.833333333,3,0.519736842,0.129058442,2,19,14.97435897,9,1.3333
12,2,0,10,37,14,2,8,12,0.831168831,390,0.714285714,0,0.541666667,0.3,0,0,30.91666667,30,3.3333
9,2,0,7,17,2,4,3,6,0.6875,145,0.75,0,0.611111111,0.527777778,1,6,14.66666667,3,1.1111
7,5,2,8,24,21,2,7,2,2.0,163,0.0,0,0.9765625,0.371428571,2,4,22.28571429,11,1.8571
5,3,0,4,18,8,0,4,5,0.375,176,1.0,2,0.818181818,0.366666667,2,3,33.0,7,2.6
4,1,0,2,4,6,1,1,4,2.0,4,0.0,0,0.0,0.75,0,0,0.0,1,1.0
4,1,0,3,9,2,3,0,2,0.666666667,395,1.0,0,0.0,0.5,0,0,97.25,1,0.5
8,1,0,15,76,0,3,13,2,0.745341615,930,1.0,4,0.0,0.296703297,0,0,112.375,16,3.5
9,1,0,3,19,8,2,1,9,0.53125,119,1.0,0,0.0,0.518518519,0,0,11.77777778,3,1.4444
93,1,1,17,137,4056,5,13,67,0.922302738,2311,0.777777778,14,0.0,0.173913043,0,0,23.55913978,14,2.4624
2,5,0,9,14,1,1,8,1,2.0,50,0.0,0,0.995283019,0.625,2,2,24.0,1,0.5
20,3,0,10,60,114,5,6,14,0.605263158,557,1.0,0,0.612244898,0.264285714,1,1,26.65,9,2.8
12,1,0,7,30,48,2,5,9,0.818181818,322,1.0,2,0.0,0.5,0,0,25.25,4,1.4167
7,1,0,12,37,21,5,7,7,2.0,250,0.0,0,0.0,0.404761905,0,0,34.71428571,4,1.2857
1,1,0,3,1,0,3,0,1,2.0,1,0.0,0,0.0,1.0,0,0,0.0,1,1.0
17,2,0,8,28,0,2,6,17,2.0,482,0.0,0,0.709677419,0.307189542,1,6,27.35294118,4,0.8824
21,2,0,42,49,190,16,29,19,2.0,470,0.0,0,0.622641509,0.238095238,2,4,21.38095238,7,1.5714
1,1,0,1,1,0,1,0,1,2.0,1,0.0,0,0.0,1.0,0,0,0.0,1,1.0
3,2,0,8,22,3,1,7,2,1.0,152,0.0,0,0.866666667,0.5,0,0,48.66666667,1,0.6667
3,4,0,12,15,3,0,12,3,2.0,59,0.0,0,0.979591837,0.444444444,3,13,18.66666667,3,1.3333
10,1,0,10,28,0,5,5,10,0.518518519,136,1.0,1,0.0,0.257142857,0,0,12.3,2,0.9
20,1,0,7,31,18,5,3,18,0.811145511,889,0.764705882,2,0.0,0.28125,0,0,42.6,5,1.95
3,2,0,4,6,0,1,3,3,0.0,34,1.0,0,0.818181818,0.666666667,0,0,10.0,2,1.0
7,1,0,2,20,1,2,0,6,0.0,137,1.0,0,0.0,0.464285714,0,0,18.28571429,4,1.0
20,3,0,18,53,126,4,17,14,0.782894737,299,1.0,2,0.75,0.16,1,1,13.55,2,1.05
6,2,2,7,14,7,2,5,5,0.6,49,1.0,2,0.583333333,0.375,0,0,6.833333333,2,1.0
13,3,0,9,41,48,1,8,7,0.583333333,285,1.0,0,0.703703704,0.355769231,2,3,20.69230769,1,0.6154
11,1,1,2,20,53,2,1,0,0.9,90,1.0,0,0.0,0.4,0,0,7.090909091,2,0.9091
21,4,0,3,28,210,0,3,21,2.0,118,0.0,0,0.803921569,0.314285714,1,7,4.619047619,1,0.9524
5,4,0,8,19,4,1,7,2,0.5,63,1.0,1,0.921052632,0.4,2,4,11.4,1,0.6
6,5,0,11,30,5,4,9,1,0.7,139,1.0,3,0.992401216,0.388888889,0,0,21.5,2,1.0
1,1,0,19,1,0,19,1,1,2.0,1,0.0,0,0.0,1.0,0,0,0.0,1,1.0
9,1,0,8,12,0,8,0,7,0.40625,117,1.0,0,0.0,0.5,1,2,11.55555556,4,1.1111
134,1,0,65,390,7059,5,60,101,0.940893901,3878,0.722222222,19,0.0,0.077238551,0,0,27.67164179,43,2.3507
18,1,0,3,37,133,2,3,18,0.882352941,302,0.0,1,0.0,0.333333333,0,0,15.66666667,4,1.3889
12,3,0,15,47,44,9,8,6,0.781818182,240,0.4,1,0.75,0.254545455,1,3,18.58333333,6,2.1667
4,1,0,5,5,0,3,2,3,0.666666667,28,1.0,2,0.0,0.4375,0,0,5.25,1,0.75
28,3,0,26,89,246,17,14,16,0.771604938,817,1.0,0,0.578125,0.241071429,1,5,27.96428571,16,2.4286
2,5,0,3,4,1,2,1,1,2.0,9,0.0,0,0.928571429,0.666666667,1,1,3.5,1,0.5
26,1,0,448,26,325,446,4,26,1.04,29,0.0,0,0.0,0.157692308,0,0,0.0,1,1.0
3,2,0,7,8,0,5,2,3,0.0,29,1.0,0,0.6,0.666666667,1,1,8.333333333,1,0.6667
10,1,0,11,33,0,4,7,6,0.746031746,248,1.0,0,0.0,0.314814815,0,0,23.1,6,2.4
2,1,0,22,2,1,21,1,2,2.0,2,0.0,0,0.0,0.7,0,0,0.0,1,1.0
10,2,0,9,24,37,2,7,9,0.740740741,123,1.0,3,0.272727273,0.3,0,0,11.0,1,0.8
2,1,0,6,3,1,4,2,2,2.0,7,0.0,0,0.0,0.75,0,0,2.5,1,0.5
1,4,0,17,2,0,17,0,1,2.0,5,0.0,0,1.0,1.0,0,0,4.0,0,0.0
8,2,0,14,22,0,9,6,6,0.142857143,100,1.0,1,0.631578947,0.232142857,2,2,11.375,4,1.375
15,3,0,9,41,0,0,9,15,0.678571429,204,1.0,1,0.725490196,0.225,1,2,12.33333333,2,1.5333
2,3,0,4,4,1,1,3,2,2.0,14,0.0,0,0.976190476,0.75,1,1,5.5,1,0.5
1,1,0,4,1,0,3,1,1,2.0,1,0.0,0,0.0,1.0,0,0,0.0,1,1.0
7,1,0,3,8,15,3,0,6,0.5,51,1.0,0,0.0,0.535714286,0,0,5.857142857,1,0.5714
7,1,0,8,28,0,2,6,0,0.0,246,1.0,0,0.0,0.404761905,0,0,34.0,3,2.2857
1,4,0,8,2,0,8,0,1,2.0,5,0.0,0,1.0,1.0,0,0,4.0,0,0.0
5,3,0,12,19,6,4,8,4,0.75,159,1.0,0,0.571428571,0.75,0,0,30.6,9,3.2
6,2,0,12,12,1,1,11,6,0.64,173,1.0,6,0.921568627,0.35,0,0,26.16666667,6,1.5
10,2,7,14,24,19,10,4,5,0.666666667,146,1.0,1,0.5,0.266666667,0,0,13.3,3,1.2
4,1,0,2,4,6,1,1,4,2.0,4,0.0,0,0.0,0.75,0,0,0.0,1,1.0
0,1,0,2,0,0,1,1,0,2.0,0,0.0,0,0.0,0.0,0,0,0.0,0,0.0
28,1,0,67,28,378,60,11,28,2.0,28,0.0,0,0.0,0.238095238,0,0,0.0,1,1.0
2,2,0,2,3,1,2,2,2,2.0,8,0.0,0,0.875,0.625,0,0,3.0,1,0.5
25,2,5,14,68,34,5,11,14,0.638888889,1120,0.833333333,3,0.656716418,0.205,1,17,43.56,11,2.28
15,3,2,8,30,79,2,6,11,0.816326531,146,1.0,0,0.555555556,0.205357143,1,1,8.266666667,1,0.8
42,1,0,3,66,375,2,1,29,0.780487805,1992,1.0,0,0.0,0.226480836,0,0,46.14285714,33,3.1429
10,1,0,18,33,7,9,11,5,0.685185185,207,0.0,2,0.0,0.257142857,0,0,19.1,5,1.9
8,1,0,1,40,18,1,0,7,0.666666667,464,1.0,0,0.0,0.346938776,0,0,56.625,11,3.875
22,2,0,43,58,201,9,36,21,0.523809524,715,1.0,0,0.622641509,0.199300699,2,4,31.45454545,7,1.5455
3,2,0,5,17,0,1,5,1,0.25,131,0.0,3,0.968253968,0.555555556,0,0,41.33333333,6,2.6667
13,1,0,9,32,30,3,6,10,0.833333333,197,0.857142857,2,0.0,0.366666667,0,0,13.61538462,5,1.4615
1,1,0,3,1,0,3,1,1,2.0,1,0.0,0,0.0,1.0,0,0,0.0,1,1.0
10,2,0,5,32,21,1,4,7,0.916666667,190,0.625,3,0.608695652,0.266666667,1,1,17.2,2,1.0
7,2,0,17,52,13,0,17,6,0.87037037,512,1.0,0,0.545454545,0.366666667,0,0,70.85714286,2,1.0
8,5,0,5,26,0,1,4,5,0.571428571,172,1.0,0,0.823529412,0.375,2,5,20.125,4,1.125
11,1,0,4,15,21,1,3,11,0.533333333,90,1.0,0,0.0,0.454545455,0,0,6.909090909,1,0.6364
6,3,0,21,36,0,2,20,5,0.5,289,1.0,3,0.934210526,0.285714286,2,8,46.5,7,2.5
2,4,0,5,7,1,0,5,2,2.0,15,0.0,0,0.979591837,0.75,1,6,6.5,1,0.5
3,1,0,3,3,3,2,0,3,2.0,3,0.0,0,0.0,0.666666667,0,0,0.0,1,1.0
13,1,2,14,34,10,3,12,8,0.682291667,455,0.875,4,0.0,0.230769231,0,0,32.76923077,1,0.9231
2,6,0,4,4,1,0,4,1,2.0,11,0.0,0,0.987179487,0.666666667,0,0,4.5,1,0.5
14,7,0,12,41,7,3,10,10,0.58974359,333,0.666666667,1,0.917241379,0.273809524,4,18,22.57142857,12,2.7143
11,2,0,5,21,43,2,3,9,0.85,117,0.5,0,0.578947368,0.418181818,1,6,9.454545455,2,1.0
7,4,0,16,22,0,0,16,5,0.625,153,1.0,4,0.926829268,0.30952381,2,4,20.28571429,6,1.7143
12,2,0,7,31,10,3,0,9,1.01010101,303,1.0,1,0.5,0.393939394,1,1,22.0,6,1.6667
118,1,0,7,180,6075,6,1,27,0.921125975,5223,0.717391304,1,0.0,0.138067061,0,0,42.48305085,9,1.4492
5,2,0,5,12,0,2,3,0,0.375,127,1.0,0,0.636363636,0.3,1,2,24.0,4,1.6
8,2,0,5,19,22,1,4,6,0.571428571,70,1.0,0,0.91954023,0.416666667,1,1,7.625,2,1.0
7,1,0,1,8,21,0,1,7,1.0,30,1.0,1,0.0,0.5,0,0,3.0,1,0.8571
4,1,0,22,21,4,13,9,3,0.666666667,112,1.0,0,0.0,0.4,0,0,26.75,5,2.25
5,4,0,3,8,10,0,3,5,2.0,28,0.0,0,0.953488372,0.6,1,4,4.6,1,0.8
5,1,0,0,5,10,0,0,5,2.0,5,0.0,0,0.0,0.7,0,0,0.0,1,1.0
4,3,0,5,10,2,0,5,4,0.666666667,48,1.0,0,0.925,0.5,0,0,10.5,1,0.75
2,2,0,4,6,0,0,4,2,0.0,44,1.0,0,0.857142857,0.666666667,0,0,19.5,1,0.5
3,1,0,4,7,0,1,3,3,0.0,31,1.0,0,0.0,0.583333333,0,0,9.0,1,0.6667
19,2,0,5,35,109,1,4,17,0.817460317,265,0.857142857,1,0.407407407,0.368421053,1,6,12.57894737,2,0.8947
12,1,0,9,24,26,4,5,7,0.75,182,0.0,2,0.0,0.333333333,0,0,13.5,3,0.8333
7,1,0,7,10,0,7,1,2,0.625,64,1.0,1,0.0,0.428571429,0,0,7.571428571,2,1.1429
1,1,0,0,1,0,0,0,1,2.0,1,0.0,0,0.0,1.0,0,0,0.0,1,1.0
22,4,1,15,104,185,2,13,8,0.839285714,1180,1.0,0,0.795918367,0.180272109,3,3,52.27272727,3,1.0455
10,1,0,10,46,9,4,8,7,0.951111111,1441,0.48,1,0.0,0.314285714,0,0,140.6,32,8.5
9,2,0,9,23,36,9,9,0,2.0,82,0.0,0,0.529411765,0.444444444,0,0,8.111111111,1,0.8889
4,4,0,3,8,6,0,3,4,1.0,32,1.0,1,0.969072165,0.583333333,0,0,6.75,2,1.0
8,3,0,11,33,8,1,10,8,0.428571429,164,1.0,1,0.965517241,0.3,2,5,19.375,16,2.75
30,1,0,10,60,435,0,10,30,2.0,133,0.0,0,0.0,0.133333333,0,0,3.433333333,1,0.9667
11,2,0,5,21,49,2,3,9,0.933333333,107,0.333333333,0,0.578947368,0.522727273,1,6,8.454545455,2,0.8182
2,6,0,2,7,0,1,1,2,0.0,25,1.0,0,0.944444444,0.666666667,0,0,11.0,1,0.5
13,2,0,10,50,46,0,10,10,0.783333333,267,1.0,0,0.428571429,0.323076923,0,0,19.15384615,8,1.5385
2,1,0,2,14,0,1,1,2,1.0,124,0.5,0,0.0,0.625,0,0,59.0,1,0.5
9,2,0,7,16,36,3,4,7,1.125,67,0.0,0,0.611111111,0.311111111,1,4,6.333333333,2,0.8889
12,7,0,7,59,52,1,7,10,0.709090909,284,1.0,2,0.983508246,0.277777778,0,0,22.25,3,1.3333
1,6,0,2,2,0,1,1,1,2.0,5,0.0,0,1.0,1.0,0,0,3.0,0,0.0
13,2,2,9,34,0,2,7,6,0.675925926,342,1.0,4,0.4,0.21978022,1,3,24.61538462,3,1.1538
2,1,0,5,2,1,5,0,2,2.0,2,0.0,0,0.0,1.0,0,0,0.0,1,1.0
12,1,0,5,23,8,2,4,8,0.670454545,370,1.0,4,0.0,0.319444444,0,0,29.16666667,11,4.4167
8,5,0,5,10,28,2,3,8,2.0,31,0.0,0,0.951048951,0.416666667,3,19,2.875,2,1.0
4,0,0,10,18,4,1,9,3,0.666666667,81,1.0,0,0.0,0.4375,0,0,19.0,6,2.25
20,1,0,27,109,148,11,19,14,0.802631579,728,1.0,3,0.0,0.210526316,0,0,35.2,10,1.95
5,7,0,11,57,0,2,9,2,0.0,438,1.0,1,0.995061728,0.44,4,10,86.4,21,8.4
16,1,0,4,38,58,3,1,16,0.741666667,261,1.0,1,0.0,0.453125,0,0,14.8125,3,1.3125
2,1,0,9,2,1,8,1,2,2.0,2,0.0,0,0.0,0.75,0,0,0.0,1,1.0
3,3,0,11,12,3,1,10,3,1.5,47,0.0,0,0.95,0.5,1,6,14.33333333,1,0.6667
7,2,0,3,32,1,1,2,6,0.583333333,346,1.0,0,0.444444444,0.444444444,1,2,47.57142857,2,0.8571
3,2,0,11,32,3,0,11,3,1.5,232,1.0,0,0.75,0.555555556,0,0,75.33333333,16,5.6667
7,1,0,1,9,13,1,0,4,0.875,208,1.0,0,0.0,0.25,0,0,28.14285714,4,1.5714
1,1,0,4,1,0,2,2,1,2.0,1,0.0,0,0.0,1.0,0,0,0.0,1,1.0
6,3,0,6,16,5,0,6,5,0.733333333,95,1.0,0,0.880952381,0.5,0,0,14.33333333,1,0.8333
6,3,0,1,15,15,1,0,6,1.177142857,275,0.057142857,2,0.915254237,0.3,1,2,39.0,2,1.1667
3,5,0,6,11,3,0,6,3,2.0,45,0.0,0,0.964912281,0.666666667,2,7,14.0,1,0.6667
7,2,0,8,21,17,1,7,6,0.791666667,134,0.75,3,0.444444444,0.333333333,0,0,17.57142857,1,0.7143
4,2,0,10,20,6,4,8,4,2.0,161,0.0,0,0.931034483,0.416666667,1,1,39.25,1,0.5
6,1,0,2,16,3,0,2,5,0.866666667,90,0.333333333,0,0.0,0.466666667,0,0,13.5,2,1.3333
2,1,0,3,2,1,3,0,2,2.0,3,0.0,0,0.0,1.0,0,0,0.0,1,1.0
6,2,0,2,11,9,1,1,6,0.2,45,1.0,0,0.5,0.416666667,0,0,6.333333333,2,0.8333
6,2,0,5,16,15,3,4,6,2.0,58,0.0,0,0.863636364,0.388888889,2,3,8.666666667,1,0.5
15,2,0,13,22,73,10,4,14,0.666666667,129,1.0,1,0.5,0.366666667,1,1,7.4,4,1.2
23,1,0,2,32,9,2,0,22,0.420454545,325,1.0,0,0.0,0.326086957,0,0,12.95652174,2,0.8261
15,2,0,12,43,83,1,11,10,0.738095238,187,1.0,3,0.580645161,0.142857143,1,1,11.26666667,4,1.2
5,1,0,5,6,2,3,2,4,0.75,36,1.0,2,0.0,0.36,0,0,5.4,1,0.8
12,2,0,6,22,46,3,3,10,0.818181818,128,0.5,0,0.55,0.4,1,6,9.5,2,1.0
4,3,0,9,11,6,6,4,4,2.0,25,0.0,0,0.97029703,0.625,1,2,5.25,1,0.75
2,2,0,6,9,1,1,5,1,1.0,32,1.0,0,0.954545455,0.75,0,0,14.5,2,1.0
60,1,0,45,147,490,17,29,56,0.898305085,867,0.909090909,2,0.0,0.103954802,0,0,13.26666667,10,1.4667
20,1,2,4,30,142,2,2,18,0.763157895,183,1.0,0,0.0,0.5,0,0,7.95,2,1.05
7,1,0,12,46,21,4,8,0,2.0,264,0.0,0,0.0,0.30952381,0,0,36.71428571,9,2.0
28,4,0,20,78,142,1,20,26,0.785185185,503,1.0,1,0.742857143,0.183035714,2,2,16.78571429,3,1.1429
1,1,0,6,1,0,5,1,1,2.0,1,0.0,0,0.0,1.0,0,0,0.0,1,1.0
2,1,0,2,2,1,1,1,2,2.0,2,0.0,0,0.0,1.0,0,0,0.0,1,1.0
13,1,0,4,23,0,1,3,13,0.0,70,1.0,1,0.0,0.326923077,0,0,4.307692308,1,0.9231
8,1,18,34,36,22,18,16,0,0.771428571,181,1.0,0,0.0,0.346938776,0,0,21.0,5,1.75
5,1,0,10,36,2,1,9,0,0.625,319,1.0,3,0.0,0.333333333,0,0,62.0,1,0.8
3,5,0,6,14,3,5,2,3,2.0,52,0.0,0,0.96875,0.555555556,1,1,16.33333333,3,1.6667
23,1,0,7,48,0,6,1,22,0.984848485,167,0.111111111,1,0.0,0.253623188,0,0,5.47826087,1,0.9565
1,3,0,4,2,0,2,2,1,2.0,6,0.0,0,1.0,1.0,0,0,5.0,0,0.0
12,2,0,4,26,48,3,2,10,0.890909091,171,0.6,0,0.4375,0.35,1,2,12.83333333,9,1.5
10,3,0,11,36,0,0,11,10,0.694444444,236,1.0,1,0.804347826,0.45,1,1,22.2,2,1.4
6,1,0,3,6,15,3,0,6,2.0,6,0.0,0,0.0,0.555555556,0,0,0.0,1,1.0
45,3,2,25,157,744,4,22,27,0.902097902,1828,0.846153846,2,0.4625,0.13986014,1,1,39.04444444,19,2.2444
51,4,0,22,125,1041,10,17,41,0.948333333,1243,0.833333333,6,0.92816092,0.100490196,3,20,22.66666667,30,2.1569
7,3,0,14,27,13,5,11,3,0.722222222,95,1.0,2,0.821428571,0.388888889,1,1,12.14285714,1,0.7143
6,4,0,8,34,0,0,8,6,0.6,493,1.0,0,0.939759036,0.555555556,1,1,80.5,1,0.8333
2,3,0,5,4,1,1,4,2,2.0,10,0.0,0,0.857142857,0.75,0,0,4.0,1,0.5
2,1,0,10,20,1,1,9,2,2.0,166,0.0,0,0.0,0.625,0,0,82.0,11,5.5
13,2,0,3,36,0,1,2,13,0.083333333,369,0.0,1,0.5,0.230769231,0,0,27.30769231,2,1.0
1,1,0,6,1,0,4,2,1,2.0,1,0.0,0,0.0,1.0,0,0,0.0,1,1.0
23,1,0,6,57,41,2,5,7,0.935992579,1260,0.306122449,10,0.0,0.222727273,0,0,51.65217391,12,3.0435
17,4,0,10,83,70,1,10,10,0.965517241,1273,1.0,0,0.829787234,0.176470588,2,2,72.17647059,8,2.1765
3,5,0,5,6,1,1,4,2,0.5,28,1.0,0,0.992805755,0.625,2,3,8.0,2,0.6667
3,4,0,4,10,0,0,4,3,0.0,55,0.0,0,0.962264151,0.666666667,1,1,17.0,1,0.6667
24,1,0,1,41,198,1,0,18,0.824275362,749,0.166666667,9,0.0,0.149758454,0,0,29.20833333,13,2.5833
2,4,0,2,18,0,1,1,2,0.0,99,1.0,0,0.983870968,0.666666667,1,1,47.5,3,1.5
8,1,0,15,41,8,4,14,2,0.956043956,691,0.461538462,3,0.0,0.375,0,0,82.125,21,6.25
12,2,2,8,25,0,2,6,10,0.363636364,91,1.0,2,0.45,0.277777778,1,1,6.416666667,2,1.0
20,2,0,42,46,184,19,30,19,2.0,630,0.0,0,0.634615385,0.230769231,2,4,30.5,16,2.25
3,2,0,9,7,1,3,6,1,1.0,30,0.0,0,0.947368421,0.666666667,1,2,8.0,1,0.3333
3,4,0,1,5,1,0,1,2,0.5,349,1.0,0,0.975,0.75,2,3,115.0,6,2.0
6,1,0,4,17,0,3,1,6,0.7,183,0.0,0,0.0,0.722222222,0,0,28.5,7,1.8333
5,2,1,5,8,8,3,2,4,0.75,29,1.0,0,0.769230769,0.583333333,0,0,4.6,1,0.6
13,2,0,11,26,4,3,8,13,0.683333333,174,0.0,0,0.571428571,0.338461538,1,1,12.0,2,1.0
4,1,0,9,12,2,3,7,3,0.666666667,52,1.0,3,0.0,0.4,0,0,11.25,1,0.75
2,2,0,3,6,1,0,3,2,2.0,14,0.0,0,0.833333333,0.666666667,0,0,6.0,1,0.5
8,2,0,5,15,28,1,4,6,1.142857143,60,0.0,0,0.647058824,0.325,1,4,6.375,2,0.875
4,2,0,2,13,0,0,2,4,0.166666667,57,1.0,1,0.4,0.5625,0,0,12.75,2,1.0
5,4,0,11,46,10,0,11,1,2.0,587,0.0,0,0.952380952,0.6,4,6,116.4,18,5.8
3,1,0,6,10,0,5,1,3,0.25,78,1.0,0,0.0,0.666666667,0,0,24.33333333,1,0.6667
20,5,0,18,84,118,5,18,5,0.821052632,499,1.0,3,0.97172619,0.33,2,5,23.45,12,1.65
4,4,0,3,7,0,1,2,4,0.0,161,1.0,0,0.928571429,0.75,2,4,38.5,1,0.5
4,6,0,6,29,0,1,6,1,0.636363636,315,1.0,0,0.995535714,0.5,3,5,75.0,6,2.0
21,2,0,21,73,110,2,19,18,0.84,594,1.0,1,0.393939394,0.185714286,0,0,26.80952381,15,2.4286
2,1,0,0,2,1,0,0,2,2.0,2,0.0,0,0.0,0.75,0,0,0.0,1,1.0
3,2,0,5,9,0,3,2,3,0.0,36,1.0,0,0.6,0.666666667,1,1,10.66666667,1,0.6667
4,3,0,26,38,0,1,25,3,0.333333333,221,1.0,1,0.949152542,0.4,2,6,53.75,5,2.0
11,2,0,5,21,49,2,3,9,0.933333333,107,0.333333333,0,0.578947368,0.522727273,1,6,8.454545455,2,0.8182
4,1,0,4,17,6,2,2,4,2.0,222,0.0,0,0.0,0.3125,0,0,54.5,14,6.75
3,1,0,28,3,3,27,1,3,1.5,17,0.0,0,0.0,0.666666667,0,0,0.0,1,1.0
11,3,0,18,71,1,3,16,9,0.814285714,542,0.857142857,1,0.6875,0.303030303,1,3,47.63636364,16,2.7273
35,1,10,113,56,587,104,20,34,0.991349481,339,0.0,17,0.0,0.202614379,0,0,8.2,3,1.1143
5,2,0,16,32,8,0,16,5,0.75,226,1.0,1,0.636363636,0.44,0,0,43.2,1,0.8
8,3,0,9,31,0,4,5,6,0.428571429,181,1.0,0,0.833333333,0.3125,1,1,21.375,5,2.0
9,1,0,12,9,36,12,0,9,2.0,9,0.0,0,0.0,0.555555556,0,0,0.0,1,1.0
7,1,0,6,8,0,6,0,7,0.0,89,1.0,0,0.0,0.428571429,1,1,11.57142857,4,1.0
3,1,0,7,15,3,4,3,3,1.0,183,0.0,3,0.0,0.388888889,0,0,58.66666667,5,3.3333
12,4,3,16,17,52,7,9,12,0.840909091,96,1.0,1,0.887755102,0.236111111,2,3,6.666666667,6,1.4167
7,2,0,6,13,17,4,2,7,0.75,46,1.0,1,0.333333333,0.428571429,0,0,5.285714286,1,0.8571
6,1,0,24,65,7,1,24,5,0.6,342,1.0,1,0.0,0.4,0,0,55.66666667,13,4.1667
6,1,0,2,15,15,0,2,5,2.0,44,0.0,0,0.0,0.333333333,0,0,6.333333333,1,0.8333
4,1,0,15,36,4,0,15,2,0.333333333,356,1.0,1,0.0,0.5,0,0,87.75,1,0.75
12,1,0,3,35,66,2,1,11,2.0,112,0.0,0,0.0,0.1,0,0,8.333333333,1,0.9167
2,1,0,1,11,0,1,0,1,0.0,47,1.0,0,0.0,0.833333333,0,0,22.0,3,1.5
22,3,2,27,46,189,22,11,22,0.942857143,179,0.8,4,0.903225806,0.181818182,2,14,6.681818182,1,0.9545
5,1,0,1,13,8,0,1,2,0.875,44,0.0,1,0.0,0.333333333,0,0,7.4,1,0.6
8,1,0,16,17,22,16,0,4,1.0,160,0.0,0,0.0,0.5,0,0,18.5,8,2.125
3,3,0,6,4,1,5,1,3,2.0,22,0.0,0,0.875,0.555555556,0,0,6.333333333,2,1.3333
2,3,0,10,3,0,10,0,2,1.0,13,0.5,0,0.944444444,0.75,0,0,4.5,1,0.5
9,1,0,5,20,12,3,2,7,0.625,100,1.0,0,0.0,0.4375,0,0,9.777777778,4,1.2222
11,1,0,4,21,13,1,0,11,0.6,68,0.5,0,0.0,0.340909091,0,0,5.0,1,0.8182
14,1,0,3,22,59,0,3,13,0.753846154,125,1.0,0,0.0,0.178571429,0,0,7.571428571,1,0.7857
96,4,2,15,198,0,2,13,66,0.919838057,2572,1.0,2,0.497354497,0.180871212,1,26,25.65625,11,2.0938
10,3,0,6,44,21,1,6,7,0.740740741,367,1.0,0,0.804347826,0.45,0,0,35.1,2,1.1
8,3,0,3,15,26,2,1,7,0.857142857,219,0.25,1,0.9,0.342857143,1,1,25.875,3,1.125
2,1,0,4,2,1,3,2,2,2.0,2,0.0,0,0.0,0.75,0,0,0.0,1,1.0
85,3,0,35,227,2766,7,35,78,0.944444444,2412,0.96969697,10,0.308333333,0.136904762,3,3,26.98823529,13,1.6706
3,1,0,3,8,0,1,2,3,0.5,29,0.0,0,0.0,0.666666667,0,0,8.0,1,0.6667
12,3,0,37,50,0,1,36,11,0.333333333,835,1.0,2,0.865853659,0.238095238,2,8,68.33333333,18,3.25
7,1,0,8,19,0,3,7,5,0.5,157,0.0,1,0.0,0.458333333,0,0,21.14285714,4,1.4286
43,4,0,13,108,737,6,12,36,0.940952381,956,0.88,3,0.938953488,0.121645796,3,17,20.65116279,29,1.8837
96,2,0,9,117,3214,5,4,93,0.981194559,1478,0.483146067,34,0.106796117,0.313684211,1,6,13.46875,3,0.9896
13,2,2,18,53,42,7,14,8,0.666666667,340,1.0,1,0.565217391,0.213675214,1,1,24.76923077,2,0.8462
4,4,0,32,45,0,0,32,3,0.083333333,534,1.0,4,0.96969697,0.458333333,3,7,131.5,8,2.5
6,1,0,2,6,15,1,1,6,2.0,6,0.0,0,0.0,0.75,0,0,0.0,1,1.0
4,1,0,2,12,4,0,2,2,0.833333333,38,0.0,1,0.0,0.333333333,0,0,8.0,1,0.5
3,6,0,4,23,1,1,3,1,0.5,330,1.0,0,0.996987952,1.0,2,4,105.3333333,3,1.3333
4,3,0,6,6,0,1,6,2,0.5,30,1.0,2,0.95890411,0.45,1,1,6.0,1,0.75
5,4,0,2,11,10,0,2,5,2.0,30,0.0,0,0.959183673,0.45,0,0,5.0,1,0.8
11,1,0,5,21,9,2,3,11,0.25,92,1.0,0,0.0,0.454545455,0,0,7.181818182,1,0.6364
6,2,2,14,21,5,5,9,4,0.4,96,1.0,1,0.736842105,0.366666667,0,0,14.66666667,2,1.1667
6,1,0,4,10,1,2,2,6,0.6,50,1.0,1,0.0,0.5,0,0,7.0,2,1.1667
11,4,0,5,25,17,2,4,7,0.633333333,108,1.0,1,0.775,0.327272727,1,2,8.545454545,3,1.0
6,3,0,4,17,0,0,4,6,0.64,131,1.0,0,0.880952381,0.555555556,2,2,20.0,1,0.8333
7,1,0,3,9,11,3,0,7,0.611111111,43,1.0,0,0.0,0.523809524,0,0,4.714285714,1,0.8571
1,1,0,6,1,0,6,1,1,2.0,1,0.0,0,0.0,1.0,0,0,0.0,1,1.0
13,4,3,13,19,64,5,8,13,0.854166667,107,1.0,1,0.878787879,0.230769231,2,3,6.923076923,6,1.4615
17,2,0,9,20,124,4,7,13,0.75,99,1.0,1,0.730769231,0.235294118,1,3,4.764705882,1,0.8235
1,1,0,0,1,0,0,0,1,2.0,1,0.0,0,0.0,1.0,0,0,0.0,1,1.0
9,3,0,10,17,16,6,6,9,0.75,79,1.0,3,0.960784314,0.296296296,1,2,7.444444444,1,0.8889
4,5,0,17,77,6,1,17,3,2.0,472,0.0,0,0.986111111,0.5,4,6,117.0,3,1.25
27,4,2,21,53,257,8,15,23,0.807692308,451,0.625,4,0.747572816,0.138888889,1,4,15.40740741,5,1.5926
7,1,0,20,7,21,18,3,7,2.0,7,0.0,0,0.0,0.476190476,0,0,0.0,1,1.0
0,1,0,1,0,0,1,0,0,2.0,0,0.0,0,0.0,0.0,0,0,0.0,0,0.0
6,7,1,8,16,0,3,6,4,0.2,94,1.0,0,0.97080292,0.4,4,10,14.5,3,1.1667
9,1,0,53,27,20,50,4,6,0.894230769,151,0.076923077,2,0.0,0.232142857,0,0,14.33333333,3,1.3333
14,4,0,4,30,55,0,4,14,0.833333333,170,1.0,0,0.790322581,0.357142857,2,4,10.71428571,1,0.9286
9,2,0,18,44,6,4,14,9,0.763888889,415,1.0,1,0.529411765,0.25,0,0,44.11111111,2,1.0
12,1,0,8,25,24,6,2,8,0.863636364,319,1.0,0,0.0,0.214285714,0,0,25.25,3,1.25
4,1,0,2,12,4,0,2,2,0.833333333,38,0.0,1,0.0,0.333333333,0,0,8.0,1,0.5
9,2,14,22,19,16,15,7,6,0.708333333,77,1.0,3,0.466666667,0.288888889,1,1,7.222222222,2,1.0
8,3,0,4,17,18,0,4,6,0.714285714,112,1.0,0,0.840909091,0.75,0,0,12.625,4,1.75
7,4,0,3,10,21,0,3,7,2.0,39,0.0,0,0.931818182,0.571428571,1,6,4.571428571,1,0.8571
9,1,2,10,12,28,6,4,6,0.75,91,1.0,3,0.0,0.37037037,0,0,8.777777778,3,1.3333
36,3,0,12,111,528,0,12,32,0.947142857,1006,1.0,0,0.513888889,0.222222222,2,2,26.38888889,3,1.0833
119,1,1,90,279,5913,72,28,97,0.886101695,4045,0.84,8,0.0,0.103641457,0,0,32.78151261,17,2.9076
8,1,0,4,8,28,4,0,8,2.0,8,0.0,0,0.0,1.0,0,0,0.0,1,1.0
9,5,4,14,23,6,6,9,8,0.375,124,0.0,1,0.875,0.355555556,4,15,12.66666667,6,1.7778
1,1,0,0,2,0,0,0,1,2.0,16,0.0,1,0.0,1.0,0,0,12.0,0,0.0
1,1,0,4,1,0,3,1,1,2.0,1,0.0,0,0.0,1.0,0,0,0.0,1,1.0
40,1,0,73,40,780,63,16,40,2.0,40,0.0,0,0.0,0.1875,0,0,0.0,1,1.0
10,4,0,5,20,23,1,4,8,0.444444444,121,1.0,1,0.957219251,0.35,1,2,10.9,3,1.2
37,1,0,27,37,666,24,4,37,1.027777778,51,0.0,0,0.0,0.27027027,0,0,0.0,1,1.0
2,1,0,3,22,1,1,2,2,2.0,128,0.0,0,0.0,0.75,0,0,63.0,5,2.5
7,1,0,1,11,7,1,0,7,0.333333333,105,1.0,0,0.0,0.714285714,0,0,13.57142857,7,1.4286
5,1,0,7,26,0,5,3,5,0.25,288,1.0,0,0.0,0.6,0,0,56.2,9,4.2
22,1,0,3,56,221,1,2,20,0.964285714,385,1.0,1,0.0,0.143939394,0,0,16.31818182,2,1.0
1,1,0,1,1,0,1,0,1,2.0,1,0.0,0,0.0,1.0,0,0,0.0,1,1.0
7,1,0,2,13,0,1,1,7,0.333333333,246,0.0,1,0.0,0.523809524,0,0,33.42857143,7,2.7143
8,2,0,16,22,0,11,6,6,0.142857143,100,1.0,1,0.631578947,0.232142857,2,2,11.375,4,1.375
30,3,0,10,50,155,6,5,28,0.975369458,622,0.238095238,4,0.307692308,0.34,1,6,18.33333333,2,0.9333
2,1,0,4,7,0,4,0,2,1.8,48,0.0,2,0.0,0.666666667,0,0,13.0,1,0.5
37,1,1,8,57,440,6,4,3,0.793209877,812,0.722222222,3,0.0,0.289189189,0,0,20.45945946,15,2.2162
14,1,0,11,45,23,1,10,11,0.972527473,400,0.142857143,0,0.0,0.192857143,0,0,26.57142857,2,1.0
22,2,0,16,59,0,1,15,22,0.714285714,354,0.6,2,0.752941176,0.162878788,1,3,14.86363636,3,1.4091
11,2,0,5,31,31,1,5,7,0.8,231,1.0,0,0.565217391,0.4,1,3,19.27272727,8,2.2727
2,1,0,5,2,1,4,1,2,2.0,2,0.0,0,0.0,0.75,0,0,0.0,1,1.0
5,3,0,8,18,8,1,7,2,0.75,61,0.5,0,0.75,0.3125,1,2,10.8,2,0.8
0,1,0,1,0,0,1,0,0,2.0,24,0.0,0,0.0,0.0,0,0,0.0,0,0.0
3,3,0,5,10,0,1,5,1,0.0,30,1.0,1,0.882352941,0.555555556,1,1,8.666666667,1,0.6667
65,1,3,41,131,2010,5,37,39,0.911057692,810,1.0,5,0.0,0.077591973,0,0,11.26153846,5,1.4
1,1,0,0,1,0,0,0,1,2.0,1,0.0,0,0.0,1.0,0,0,0.0,1,1.0
2,1,0,53,2,1,53,1,2,2.0,2,0.0,0,0.0,0.75,0,0,0.0,1,1.0
6,5,0,14,29,0,5,9,6,0.7,224,0.75,2,0.88372093,0.416666667,1,4,35.66666667,8,2.6667
8,2,0,11,55,12,4,9,4,0.771428571,388,1.0,0,0.897058824,0.3125,0,0,46.875,15,2.875
10,1,0,6,30,3,1,6,0,0.611111111,807,0.5,3,0.0,0.3125,0,0,79.1,11,2.8
7,4,0,3,10,21,0,3,7,2.0,39,0.0,0,0.931818182,0.571428571,1,6,4.571428571,1,0.8571
36,1,4,40,88,534,32,15,30,0.979365079,725,0.277777778,0,0.0,0.221978022,0,0,18.63888889,7,1.5556
11,2,0,6,22,35,1,5,9,0.8,122,0.5,0,0.55,0.309090909,1,4,9.909090909,2,0.9091
3,4,0,2,6,3,0,2,3,2.0,17,0.0,0,0.979166667,0.666666667,0,0,4.666666667,1,0.6667
10,4,0,16,25,23,11,6,10,0.5,135,0.0,0,0.764705882,0.328571429,1,2,12.3,2,1.1
10,1,0,11,39,39,11,0,7,0.666666667,1308,1.0,0,0.0,0.174603175,0,0,129.7,7,2.8
4,3,0,8,8,6,1,7,3,1.0,30,1.0,0,0.952380952,0.4,2,4,6.0,1,0.75
15,5,0,10,47,27,1,10,10,0.69047619,274,1.0,1,0.723404255,0.222222222,1,1,16.86666667,3,1.0
7,1,0,12,62,5,1,11,2,0.75,359,0.75,1,0.0,0.361111111,0,0,49.71428571,13,2.5714
3,2,1,31,30,3,22,29,3,2.0,224,0.0,0,0.989130435,0.761904762,0,0,73.66666667,5,1.6667
3,1,0,7,14,3,4,3,2,1.0,69,1.0,0,0.0,0.5,0,0,21.66666667,4,1.3333
62,1,0,42,165,1423,3,39,48,0.827512473,1691,0.608695652,7,0.0,0.135483871,0,0,25.90322581,6,1.3226
6,1,0,0,6,15,0,0,6,2.0,6,0.0,0,0.0,0.75,0,0,0.0,1,1.0
6,1,0,6,48,0,0,6,4,0.3,290,1.0,0,0.0,0.2,0,0,47.0,8,3.1667
1,1,0,2,2,0,1,1,0,2.0,18,0.0,3,0.0,1.0,0,0,12.0,0,0.0
2,2,2,5,5,0,2,3,1,0.5,24,1.0,1,0.923076923,0.6,0,0,10.0,1,0.5
20,2,0,42,46,184,19,30,19,2.0,630,0.0,0,0.634615385,0.230769231,2,4,30.5,16,2.25
3,3,0,0,4,1,0,0,2,0.5,247,0.0,0,0.974358974,1.0,0,0,81.0,1,0.3333
15,2,0,9,43,19,1,9,15,0.821428571,279,0.0,3,0.5625,0.255555556,1,2,17.2,5,1.2667
6,1,1,8,22,15,3,5,3,0.8,163,0.0,0,0.0,0.305555556,0,0,25.83333333,4,1.3333
7,1,0,5,39,3,1,4,4,0.633333333,283,1.0,0,0.0,0.233333333,0,0,38.0,4,1.8571
1,1,0,4,1,0,3,1,1,2.0,1,0.0,0,0.0,1.0,0,0,0.0,1,1.0
7,2,1,2,14,0,1,1,7,0.0,47,1.0,1,0.714285714,0.428571429,1,2,5.571428571,1,0.8571
16,1,0,10,46,116,8,2,15,1.007407407,431,0.222222222,0,0.0,0.219047619,0,0,25.375,8,1.75
5,3,0,4,10,8,1,4,4,0.5,36,1.0,0,0.921052632,0.36,1,2,6.0,1,0.6
7,5,0,15,32,1,6,9,7,0.625,209,0.75,2,0.863636364,0.342857143,1,4,28.28571429,9,2.5714
5,3,0,18,28,0,1,17,4,0.25,129,1.0,1,0.933333333,0.333333333,1,5,24.4,5,1.8
7,2,0,16,36,9,4,14,5,0.604166667,271,0.875,3,0.857142857,0.326530612,1,1,36.57142857,1,0.7143
1,1,0,8,1,0,5,3,1,2.0,1,0.0,0,0.0,1.0,0,0,0.0,1,1.0
10,6,0,4,34,21,1,4,1,0.848484848,313,1.0,0,0.986725664,0.5,3,5,29.2,5,1.6
12,4,0,4,22,4,1,3,11,0.636363636,149,0.25,0,0.921875,0.25,3,15,11.08333333,2,1.0
8,1,0,1,23,10,1,0,4,0.767857143,390,0.625,0,0.0,0.375,0,0,46.75,19,4.875
3,4,0,2,6,3,0,2,3,2.0,17,0.0,0,0.979166667,0.666666667,0,0,4.666666667,1,0.6667
76,4,2,24,192,2368,4,21,66,0.907096774,2505,0.967741935,11,0.562874251,0.135111111,2,20,31.55263158,13,2.2895
4,2,0,11,29,2,0,11,3,0.666666667,191,1.0,0,0.6,0.666666667,0,0,46.25,14,3.75
9,3,0,5,16,0,0,5,0,0.579545455,1583,1.0,0,0.826086957,0.366666667,1,3,173.6666667,1,0.8889
4,1,0,4,5,6,3,1,4,2.0,16,0.0,0,0.0,0.875,0,0,3.0,1,0.75
35,2,0,16,103,317,3,16,28,0.81372549,865,0.888888889,0,0.688679245,0.152380952,1,10,23.45714286,3,1.0571
5,1,0,4,5,10,3,1,5,2.0,5,0.0,0,0.0,0.9,0,0,0.0,1,1.0
3,6,0,4,27,1,1,3,3,0.5,238,1.0,1,0.996987952,1.0,2,4,76.0,3,1.6667
19,1,0,20,88,123,7,15,15,0.642857143,783,0.714285714,1,0.0,0.25,0,0,39.84210526,17,4.2632
61,3,1,26,137,1808,6,24,55,0.773809524,615,1.0,3,0.373626374,0.089166667,2,4,8.967213115,5,1.0492
6,2,0,4,22,3,1,3,0,1.0625,283,0.0,0,0.636363636,0.285714286,1,2,43.5,24,5.0
18,2,5,18,23,0,5,16,16,0.0,110,1.0,0,0.346153846,0.114583333,0,0,5.055555556,1,0.9444
12,2,0,5,22,46,2,3,10,0.818181818,128,0.0,0,0.55,0.4,1,6,9.5,2,1.0
1,1,0,4,1,0,2,3,1,2.0,1,0.0,0,0.0,1.0,0,0,0.0,1,1.0
5,1,0,5,5,10,4,1,5,2.0,5,0.0,0,0.0,1.0,0,0,0.0,1,1.0
7,1,0,5,33,15,1,5,4,0.833333333,189,0.5,0,0.0,0.233333333,0,0,25.71428571,2,0.8571
4,5,0,1,13,0,0,1,3,0.833333333,47,1.0,0,0.894736842,0.5,0,0,10.25,2,0.75
10,1,0,8,46,33,3,5,8,0.650793651,569,0.142857143,0,0.0,0.166666667,0,0,55.2,25,6.8
13,6,0,13,65,46,7,9,1,0.785714286,438,1.0,0,0.982195846,0.333333333,2,4,32.15384615,9,2.2308
20,2,0,14,65,94,3,14,15,0.649122807,327,1.0,2,0.321428571,0.154545455,1,1,15.2,3,1.15
12,2,0,9,21,34,4,5,12,0.772727273,150,1.0,2,0.473684211,0.316666667,1,8,10.83333333,2,0.9167
8,2,0,8,15,4,2,8,7,0.619047619,79,1.0,0,0.793103448,0.325,0,0,8.5,2,0.875
9,5,0,11,42,0,2,9,8,0.583333333,423,1.0,1,0.946969697,0.277777778,3,11,45.66666667,14,2.7778
37,4,0,16,108,516,0,0,29,0.916666667,1130,0.928571429,0,0.650485437,0.16953317,2,3,29.16216216,5,1.6486
18,1,0,0,18,153,0,0,18,2.0,18,0.0,0,0.0,0.5,0,0,0.0,1,1.0
4,2,0,9,19,6,4,7,4,2.0,133,0.0,0,0.9375,0.416666667,1,1,32.25,1,0.5
3,4,0,6,13,0,2,5,3,0.25,49,1.0,2,0.939393939,0.466666667,1,2,14.66666667,1,0.6667
3,5,1,4,6,3,3,1,3,1.5,17,1.0,0,1.0,0.777777778,0,0,4.333333333,0,0.0
7,6,0,7,33,11,4,6,0,0.777777778,145,1.0,3,0.99086758,0.285714286,0,0,19.28571429,1,0.8571
3,3,0,5,14,1,0,5,2,0.5,37,1.0,1,0.965517241,0.555555556,1,4,11.0,1,0.6667
2,1,0,3,2,1,3,0,2,2.0,10,0.0,0,0.0,0.666666667,0,0,0.0,1,1.0
15,4,0,3,20,105,0,3,15,2.0,84,0.0,0,0.854166667,0.4,1,4,4.6,1,0.9333
10,7,0,15,74,17,4,15,5,0.814814815,477,1.0,1,0.986404834,0.25,4,7,46.1,9,2.3
4,1,0,14,21,0,5,11,3,0.555555556,298,0.333333333,2,0.0,0.357142857,0,0,72.75,2,1.0
63,2,1,25,228,729,5,20,42,0.874193548,5748,0.9,6,0.678947368,0.152073733,2,18,89.76190476,6,1.6825
13,3,0,9,60,32,1,9,8,0.555555556,262,1.0,1,0.795454545,0.305555556,2,3,18.92307692,3,0.8462
8,1,33,59,14,20,58,1,7,0.714285714,87,1.0,0,0.0,0.6875,0,0,9.625,5,1.5
0,1,0,1,0,0,1,0,0,2.0,0,0.0,0,0.0,0.0,0,0,0.0,0,0.0
10,1,0,3,13,25,3,1,10,0.944444444,139,0.0,0,0.0,0.35,1,1,11.1,6,1.2
10,1,0,8,19,9,7,1,10,0.666666667,157,1.0,0,0.0,0.475,0,0,14.4,2,1.2
16,2,0,14,33,102,4,13,16,0.966666667,144,1.0,1,0.615384615,0.1953125,0,0,7.375,1,0.9375
8,2,0,14,27,20,0,14,6,0.571428571,189,1.0,2,0.5,0.349206349,1,1,22.25,8,2.375
18,1,0,16,46,87,4,12,15,0.845588235,260,1.0,3,0.0,0.227941176,0,0,13.0,7,1.5
4,4,1,9,8,4,7,4,4,1.0,31,0.5,0,0.99086758,0.45,0,0,6.25,1,0.5
3,5,0,3,7,0,3,0,3,0.0,27,1.0,0,0.928571429,0.666666667,0,0,7.666666667,1,0.3333
1,1,0,22,1,0,22,0,1,2.0,1,0.0,0,0.0,1.0,0,0,0.0,1,1.0
9,3,0,3,15,6,0,3,8,0.4375,82,1.0,2,0.647058824,0.416666667,1,2,7.888888889,3,0.8889
1,5,0,1,2,0,0,1,1,2.0,6,1.0,0,1.0,1.0,0,0,4.0,0,0.0
9,1,0,3,29,30,1,2,4,1.0,465,0.75,0,0.0,0.236111111,0,0,50.22222222,17,5.1111
6,3,1,4,10,9,3,2,6,0.9,46,0.5,0,0.915254237,0.5,1,5,6.333333333,2,1.3333
3,1,0,3,5,3,3,0,2,2.0,43,0.0,0,0.0,0.5,0,0,13.33333333,1,0.6667
6,3,0,25,39,0,1,24,5,0.4,201,1.0,2,0.918032787,0.361111111,1,6,32.16666667,3,1.6667
9,2,0,9,23,36,9,9,0,2.0,82,0.0,0,0.529411765,0.444444444,0,0,8.111111111,1,0.8889
2,3,0,0,3,1,0,0,2,2.0,229,0.0,0,0.974358974,1.0,0,0,113.5,1,0.5
3,2,0,4,9,1,1,3,0,0.5,71,1.0,0,0.777777778,0.444444444,1,2,22.33333333,6,2.3333
0,1,0,61,0,0,58,4,0,2.0,0,0.0,0,0.0,0.0,0,0,0.0,0,0.0
2,3,0,3,8,1,0,3,2,2.0,28,0.0,0,0.967741935,0.75,0,0,13.0,2,1.0
3,1,0,4,3,3,4,0,3,2.0,3,0.0,0,0.0,0.666666667,0,0,0.0,1,1.0
1,5,0,3,2,0,2,1,1,2.0,5,0.0,0,1.0,1.0,0,0,4.0,0,0.0
2,1,0,2,3,1,2,0,0,1.0,16,0.0,0,0.0,0.75,0,0,6.0,0,0.0
2,3,0,4,4,1,1,3,2,2.0,13,0.0,0,0.976190476,0.75,1,1,5.5,1,0.5
2,2,0,8,14,1,0,8,2,2.0,46,0.0,0,0.875,0.75,0,0,22.0,1,0.5
36,1,0,9,100,0,2,8,33,0.817582418,914,0.923076923,2,0.0,0.176623377,0,0,24.02777778,7,1.1944
5,1,0,4,17,8,3,1,5,1.0,108,0.0,0,0.0,0.6,0,0,20.2,12,3.0
9,2,0,12,20,0,4,10,8,0.125,212,1.0,1,0.789473684,0.197530864,1,7,22.44444444,7,2.4444
7,3,0,9,21,15,2,7,4,0.666666667,97,1.0,1,0.851851852,0.388888889,2,4,12.71428571,2,0.7143
5,2,0,5,13,0,0,5,4,0.0,63,1.0,1,0.636363636,0.45,1,1,11.4,1,0.8
34,1,0,5,57,495,1,4,34,0.903030303,277,1.0,2,0.0,0.134803922,0,0,6.852941176,11,1.2647
1,1,0,2,1,0,2,0,1,2.0,1,0.0,0,0.0,1.0,0,0,0.0,1,1.0
6,4,0,6,18,15,1,5,6,2.0,100,0.0,0,0.882352941,0.30952381,4,6,15.66666667,2,0.8333
4,2,0,6,14,0,1,6,3,0.0,96,1.0,1,0.916666667,0.5,1,3,22.75,5,1.75
4,1,0,3,9,0,0,3,4,0.333333333,34,1.0,0,0.0,0.5,0,0,7.25,2,1.0
39,1,0,3,78,0,2,1,38,0.923684211,234,0.0,1,0.0,0.302564103,0,0,4.743589744,2,1.0256
6,2,0,6,9,13,4,4,5,0.8,28,1.0,0,0.903225806,0.4,0,0,3.5,1,0.5
7,2,0,16,35,9,4,14,5,0.566666667,229,0.8,3,0.848484848,0.326530612,1,1,31.0,1,0.7143
11,1,0,17,26,31,16,2,7,0.892307692,362,0.615384615,1,0.0,0.3,0,0,30.72727273,5,2.1818
3,2,0,3,5,3,1,2,0,2.0,24,0.0,0,0.5,0.555555556,0,0,7.0,2,1.3333
8,4,0,16,12,0,15,1,8,0.285714286,64,1.0,0,0.818181818,0.4375,0,0,6.75,1,0.5
10,1,0,5,21,45,0,5,10,2.0,116,0.0,0,0.0,0.5,0,0,10.6,1,0.9
8,1,5,19,9,16,12,8,8,0.761904762,40,1.0,1,0.0,0.3125,0,0,3.625,1,0.875
4,1,0,3,12,6,1,2,4,0.666666667,37,1.0,1,0.0,0.5,0,0,8.0,2,1.0
10,1,0,3,17,0,2,1,9,0.555555556,249,0.0,1,0.0,0.466666667,0,0,23.4,5,2.1
1,1,0,2,3,0,1,1,1,2.0,7,0.0,0,1.0,1.0,0,0,6.0,0,0.0
2,2,0,9,7,1,1,8,1,1.0,28,0.0,0,0.947368421,0.625,1,1,12.5,1,0.5
39,7,0,30,173,511,9,28,8,0.814912281,1973,0.9,5,0.946608947,0.172932331,3,4,48.82051282,15,2.359
6,2,1,4,18,0,1,3,6,0.4,162,1.0,1,0.285714286,0.416666667,2,2,25.66666667,2,1.0
1,1,0,13,1,0,13,0,1,2.0,1,0.0,0,0.0,1.0,0,0,0.0,1,1.0
2,1,0,0,17,1,0,0,2,2.0,103,0.0,0,0.0,0.5,0,0,50.0,10,5.0
5,2,0,12,17,6,1,12,3,0.583333333,88,1.0,0,0.555555556,0.4,1,2,16.0,1,0.8
7,1,0,3,30,0,0,3,4,0.333333333,212,0.0,1,0.0,0.476190476,0,0,29.0,7,2.1429
9,2,0,4,13,36,1,3,9,1.125,58,0.0,0,0.3,0.259259259,0,0,5.333333333,1,0.7778
12,3,0,7,46,0,1,7,12,0.613636364,343,1.0,0,0.592592593,0.208333333,2,2,27.25,7,1.75
2,4,0,2,6,0,1,1,2,0.0,20,1.0,0,0.944444444,0.75,0,0,8.5,1,0.5
8,1,0,3,19,2,1,2,6,0.178571429,116,1.0,2,0.0,0.34375,0,0,13.0,2,1.0
11,1,0,4,34,0,3,1,1,0.785714286,312,1.0,0,0.0,0.85,0,0,26.09090909,3,1.7273
5,6,0,7,36,4,2,6,1,0.464285714,247,1.0,2,0.994056464,0.5,2,4,47.0,4,1.8
34,2,0,19,47,525,5,17,33,0.963636364,261,0.933333333,2,0.418181818,0.161616162,1,2,6.235294118,2,0.9706
1,1,0,4,1,0,2,2,1,2.0,1,0.0,0,0.0,1.0,0,0,0.0,1,1.0
3,4,0,5,25,3,0,5,1,1.5,191,1.0,0,0.960784314,1.0,2,3,62.33333333,13,4.6667
12,4,2,21,20,54,12,11,7,0.545454545,83,1.0,1,0.823529412,0.333333333,0,0,5.833333333,1,0.5
6,3,0,4,21,1,0,4,6,0.7,136,1.0,0,0.880952381,0.416666667,2,2,21.0,1,0.8333
1,4,1,3,2,0,2,1,1,2.0,4,0.0,0,1.0,1.0,0,0,3.0,0,0.0
7,4,0,13,16,21,7,6,7,2.0,45,0.0,0,0.978723404,0.392857143,3,4,5.428571429,1,0.5714
3,1,0,2,9,1,2,0,2,1.0,67,0.0,0,0.0,0.5,0,0,19.0,1,0.3333
2,3,0,7,12,1,0,7,1,2.0,52,0.0,0,0.947368421,0.833333333,0,0,25.0,5,2.5
6,1,0,9,29,0,2,7,0,0.45,395,0.666666667,5,0.0,0.479166667,0,0,62.83333333,1,0.6667
2,4,0,2,4,1,0,2,2,2.0,315,0.0,0,0.976190476,1.0,0,0,156.5,1,0.5
5,1,0,2,6,0,1,1,5,0.583333333,43,1.0,2,0.0,0.4,0,0,7.0,1,0.8
1,1,0,4,1,0,3,2,1,2.0,1,0.0,0,0.0,1.0,0,0,0.0,1,1.0
4,2,1,5,13,4,1,5,4,2.0,96,0.0,0,0.823529412,0.5,1,4,23.0,10,3.0
13,3,4,12,42,54,5,7,8,0.791666667,233,1.0,1,0.714285714,0.261538462,1,3,16.61538462,6,2.0
1,4,0,1,2,0,0,1,1,2.0,5,0.0,0,1.0,1.0,0,0,4.0,0,0.0
4,3,0,3,5,0,1,2,3,1.333333333,27,0.0,0,0.892857143,0.5,1,2,5.5,1,0.75
5,1,0,2,14,0,1,1,4,1.24380805,1114,0.009287926,0,0.0,0.5,0,0,157.2,9,2.2
2,3,0,4,4,1,1,3,2,2.0,13,0.0,0,0.976190476,0.75,1,1,5.5,1,0.5
21,4,0,12,102,160,0,12,13,0.85,782,1.0,0,0.75308642,0.178571429,3,6,36.0,7,1.5238
14,2,4,15,34,73,11,7,9,0.641025641,159,1.0,0,0.675675676,0.1875,1,3,10.14285714,3,1.0714
8,2,1,7,24,12,1,6,8,0.936507937,179,0.555555556,0,0.533333333,0.333333333,0,0,20.25,7,2.25
8,1,0,4,10,4,4,0,8,0.5,75,1.0,0,0.0,0.75,0,0,8.125,2,0.875
12,1,0,21,43,24,15,7,9,0.704545455,346,0.25,3,0.0,0.272727273,0,0,27.5,6,2.1667
13,3,0,10,48,0,3,9,13,0.583333333,359,1.0,0,0.586206897,0.211538462,2,2,26.30769231,7,1.6923
74,1,1,53,147,2353,41,20,48,0.913894325,1785,0.666666667,5,0.0,0.106979778,0,0,22.83783784,6,1.6486
7,4,0,7,8,9,1,7,7,0.0,49,1.0,1,0.925925926,0.357142857,1,1,5.857142857,1,0.8571
262,4,3,81,540,19801,54,49,218,0.935644157,9460,0.625,12,0.713024283,0.06248158,3,18,34.86259542,29,3.458
3,3,0,7,7,3,2,5,3,1.5,26,0.0,0,0.953488372,0.555555556,1,1,7.333333333,1,0.6667
23,4,0,3,26,253,0,3,23,2.0,127,0.0,0,0.788461538,0.52173913,1,6,4.52173913,1,0.9565
2,4,0,5,5,1,0,5,2,2.0,15,0.0,0,0.979591837,0.75,1,6,6.5,1,0.5
0,1,0,1,0,0,1,0,0,2.0,0,0.0,0,0.0,0.0,0,0,0.0,0,0.0
6,1,0,13,9,0,9,7,6,0.666666667,42,1.0,3,0.0,0.333333333,0,0,5.5,1,0.8333
17,1,3,18,19,84,15,3,16,0.994047619,152,0.0,2,0.0,0.317647059,0,0,6.705882353,4,1.1176
29,2,102,184,66,346,181,8,19,0.839285714,375,1.0,3,0.243243243,0.191570881,1,1,11.72413793,5,1.3448
6,1,0,2,41,13,0,2,5,0.6,372,0.0,0,0.0,0.28,0,0,60.83333333,11,3.0
11,3,0,11,36,17,2,9,9,0.733333333,267,0.833333333,0,0.608695652,0.3,2,2,22.72727273,8,1.9091
3,1,0,0,4,3,0,0,3,2.0,20,0.0,0,0.0,0.5,0,0,5.666666667,2,1.0
10,1,0,8,21,0,1,8,10,0.711111111,205,0.0,5,0.0,0.4,0,0,18.5,3,1.7
3,3,0,5,11,3,0,5,3,1.0,55,1.0,0,0.958333333,0.666666667,1,2,17.0,1,0.6667
30,2,0,7,43,183,3,4,27,0.864942529,391,0.916666667,9,0.297297297,0.287356322,1,6,11.63333333,2,0.9
5,2,18,21,6,10,20,1,5,1.25,13,0.0,0,0.636363636,0.6,0,0,1.0,1,0.8
33,3,0,17,151,322,6,16,23,0.901442308,1758,0.576923077,0,0.392156863,0.142857143,1,2,51.48484848,17,2.1212
20,3,0,18,53,126,4,17,14,0.782894737,299,1.0,2,0.672727273,0.16,1,1,13.55,2,1.05
4,1,0,1,11,2,1,0,2,0.777777778,61,0.0,0,0.0,0.5,1,1,13.5,6,2.0
5,3,0,9,43,0,0,9,5,0.666666667,276,1.0,0,0.902439024,0.533333333,2,3,53.6,1,0.8
3,1,0,2,6,1,2,0,1,0.5,21,1.0,0,0.0,0.5,0,0,5.666666667,2,0.6667
13,4,1,4,26,8,2,2,12,0.541666667,257,0.5,0,0.771428571,0.269230769,2,4,18.61538462,5,1.8462
9,2,0,4,13,36,2,2,9,1.125,64,0.0,0,0.3,0.333333333,0,0,5.888888889,1,0.7778
10,4,0,7,17,13,1,6,10,0.555555556,82,1.0,1,0.95625,0.375,1,1,7.0,2,0.8
3,1,0,11,28,3,1,10,2,1.5,111,0.0,0,0.0,0.833333333,0,0,35.66666667,7,2.6667
5,3,0,25,32,0,2,23,4,0.25,269,1.0,1,0.933333333,0.333333333,1,4,52.6,5,1.8
4,3,0,8,42,2,0,8,4,0.666666667,242,1.0,0,0.925,0.75,2,3,59.0,1,0.75
18,1,7,40,22,147,40,0,17,0.921568627,314,1.0,0,0.0,0.25,0,0,16.27777778,1,0.9444
96,4,2,15,197,0,2,13,66,0.919838057,2568,1.0,2,0.497354497,0.180871212,1,26,25.61458333,11,2.0938
5,2,0,6,20,0,1,5,5,0.5,141,1.0,2,0.555555556,0.4,1,2,26.6,1,0.8
5,3,2,18,16,8,18,0,3,1.246296296,2125,0.0,0,0.926829268,0.333333333,0,0,397.0,2,0.8
11,2,0,3,14,33,1,3,11,0.9,66,0.75,0,0.4375,0.327272727,1,2,4.636363636,1,0.8182
1,1,0,5,1,0,4,1,1,2.0,1,0.0,0,0.0,1.0,0,0,0.0,1,1.0
4,1,0,69,4,6,69,0,4,2.0,4,0.0,0,0.0,0.583333333,0,0,0.0,1,1.0
7,1,0,40,7,21,40,0,7,2.0,7,0.0,0,0.0,0.523809524,0,0,0.0,1,1.0
8,1,0,0,8,28,0,0,8,2.0,8,0.0,0,0.0,0.75,0,0,0.0,1,1.0
4,1,0,4,5,0,3,1,4,0.333333333,24,1.0,0,0.0,0.875,0,0,4.75,1,0.75
3,1,0,10,10,0,9,1,1,0.0,49,0.0,0,0.0,1.0,0,0,14.33333333,1,0.6667
4,4,0,3,11,4,1,2,2,0.666666667,32,0.0,0,0.968253968,0.5,2,2,6.75,1,0.5
5,2,1,4,9,10,3,1,5,2.0,31,0.0,0,0.75,0.5,1,2,5.2,1,0.6
16,2,1,13,47,48,8,10,14,0.780952381,443,1.0,2,0.166666667,0.241071429,0,0,26.25,14,2.625
4,1,0,0,4,6,0,0,4,2.0,4,0.0,0,0.0,0.75,0,0,0.0,1,1.0
10,1,2,9,18,9,4,7,10,0.666666667,86,1.0,3,0.0,0.285714286,0,0,7.3,3,1.2
21,4,0,2,25,210,0,2,21,2.0,120,0.0,0,0.824561404,0.523809524,0,0,4.714285714,1,0.9524
14,4,0,9,40,0,1,8,13,0.576923077,175,0.5,1,0.941704036,0.295918367,2,3,11.35714286,1,0.9286
7,1,0,39,7,21,39,0,7,2.0,7,0.0,0,0.0,0.523809524,0,0,0.0,1,1.0
3,2,0,3,5,3,1,2,0,2.0,22,0.0,0,0.5,0.555555556,0,0,6.333333333,2,1.3333
10,1,1,0,15,45,0,0,9,2.0,53,0.0,0,0.0,0.228571429,0,0,4.3,1,0.9
10,3,0,31,54,0,0,31,10,0.185185185,600,1.0,2,0.8875,0.257142857,2,9,58.7,7,2.5
12,3,0,8,47,0,2,8,12,0.590909091,353,1.0,0,0.592592593,0.208333333,2,2,28.08333333,7,1.75
5,1,0,4,9,0,3,1,5,0.166666667,233,1.0,1,0.0,0.533333333,0,0,45.0,4,1.4
20,2,0,2,48,188,0,2,19,0.947368421,312,1.0,0,0.1,0.25,0,0,14.25,10,2.15
54,1,0,33,141,651,3,30,7,0.766925638,1861,0.705882353,1,0.0,0.174004193,0,0,33.14814815,14,3.1667
12,2,0,7,36,36,1,7,8,0.869565217,492,1.0,4,0.541666667,0.319444444,1,3,38.08333333,13,3.5833
138,2,0,114,428,8413,63,67,130,0.950364964,3670,0.733333333,17,0.086666667,0.05200341,1,2,25.26811594,5,1.3333
10,2,0,5,35,25,0,5,7,0.761904762,272,0.0,0,0.692307692,0.361111111,2,3,25.5,5,1.8
3,2,0,12,16,3,1,12,1,2.0,101,0.0,0,0.75,0.5,1,2,32.66666667,7,2.6667
6,1,0,0,6,15,0,0,6,2.0,6,0.0,0,0.0,0.5,0,0,0.0,1,1.0
45,2,0,13,63,862,3,10,16,0.896780303,962,0.875,6,0.463414634,0.119298246,1,5,19.84444444,5,1.5556
13,2,0,5,24,56,2,3,11,0.777777778,141,0.666666667,0,0.523809524,0.5,1,6,9.615384615,2,0.8462
2,3,0,4,4,1,0,4,1,2.0,9,0.0,0,0.923076923,0.75,1,1,3.5,1,0.5
8,5,0,4,10,28,1,3,8,1.142857143,32,0.0,0,0.951048951,0.416666667,3,19,2.875,2,1.0
3,2,0,1,5,3,0,1,3,2.0,12,0.0,0,0.923076923,0.666666667,1,2,3.0,1,0.3333
10,1,0,11,20,45,1,10,9,2.0,52,0.0,0,0.0,0.15,0,0,4.2,1,0.9
2,1,0,9,8,1,2,7,2,2.0,24,0.0,0,0.0,0.5,0,0,11.0,1,0.5
2,2,0,7,9,1,0,7,2,2.0,48,0.0,0,0.666666667,0.6,1,1,23.0,4,2.0
3,4,0,8,22,3,0,8,3,2.0,207,0.0,0,0.964285714,0.666666667,2,4,68.0,4,1.6667
47,2,1,20,75,999,7,16,39,0.691304348,529,1.0,3,0.224137931,0.232269504,1,1,10.14893617,7,1.2128
3,4,0,8,17,1,0,8,3,0.0,75,1.0,0,0.964285714,0.666666667,3,3,23.0,1,0.6667
7,2,0,4,16,3,1,4,6,0.583333333,81,1.0,1,0.75,0.428571429,1,1,10.28571429,4,1.2857
18,1,0,0,19,153,0,0,18,2.0,40,0.0,0,0.0,0.285714286,0,0,1.222222222,1,0.9444
6,3,0,12,14,5,9,5,5,0.938461538,87,0.153846154,1,0.6,0.4,1,1,11.33333333,1,0.6667
48,1,0,21,119,742,8,20,32,0.89106383,1211,0.64,6,0.0,0.115277778,0,0,23.70833333,2,0.9792
96,2,0,9,117,3214,5,4,93,0.981194559,1478,0.483146067,34,0.106796117,0.313684211,1,6,13.46875,3,0.9896
9,1,0,17,42,28,1,17,3,0.791666667,210,0.666666667,1,0.0,0.232142857,0,0,22.0,6,1.5556
18,1,0,3,27,97,0,3,17,0.774509804,165,1.0,0,0.0,0.172222222,0,0,7.833333333,1,0.8333
7,5,0,9,28,0,4,5,7,0.708333333,215,0.5,0,0.863636364,0.342857143,1,4,29.14285714,9,2.8571
1,4,0,1,2,0,0,1,1,2.0,4,0.0,0,1.0,1.0,0,0,3.0,0,0.0
8,2,0,3,13,0,1,2,7,0.5,204,0.875,1,0.666666667,0.3,1,4,23.5,2,1.0
3,1,0,4,4,3,1,3,3,2.0,7,0.0,0,0.0,0.833333333,0,0,1.333333333,1,0.6667
4,1,0,2,17,6,1,1,4,2.0,53,0.0,0,0.0,0.875,0,0,12.25,1,0.75
14,1,0,14,42,53,2,12,11,0.794871795,213,1.0,1,0.0,0.230769231,0,0,13.78571429,3,1.3571
2,1,0,4,2,1,3,2,2,2.0,2,0.0,0,0.0,1.0,0,0,0.0,1,1.0
13,4,0,14,31,0,0,14,13,0.0,120,1.0,1,0.6,0.205128205,0,0,8.153846154,1,0.9231
8,1,0,16,21,26,3,14,2,0.928571429,691,1.0,3,0.0,0.3125,0,0,84.875,15,7.875
4,7,0,7,13,6,0,7,3,2.0,81,0.0,0,0.96,0.5,3,8,19.25,1,0.75
15,1,0,3,30,79,1,2,14,0.795238095,923,0.666666667,4,0.0,0.25,0,0,59.53333333,12,2.7333
28,2,0,17,61,0,1,16,17,0.682539683,664,1.0,1,0.697674419,0.157738095,1,9,22.46428571,6,1.3929
24,2,0,7,39,204,2,5,21,0.882608696,418,0.7,1,0.34375,0.298611111,1,6,16.0,4,1.2917
11,0,0,6,22,41,0,6,11,0.833333333,99,1.0,2,0.0,0.393939394,0,0,7.727272727,5,1.2727
1,2,0,7,4,0,3,5,1,2.0,12,0.0,0,1.0,1.0,0,0,11.0,0,0.0
8,5,0,29,45,0,1,29,8,0.142857143,241,1.0,1,0.933962264,0.270833333,4,5,29.0,6,1.875
7,2,0,16,17,19,8,8,6,0.333333333,53,0.0,0,0.75,0.457142857,1,1,6.428571429,1,0.8571
1,1,0,2,1,0,2,0,1,2.0,1,0.0,0,0.0,1.0,0,0,0.0,1,1.0
16,1,0,3,17,78,2,1,16,0.533333333,172,1.0,0,0.0,0.291666667,0,0,9.5,9,1.625
36,2,0,10,52,366,6,4,34,0.865306122,621,0.928571429,5,0.25,0.282407407,1,6,15.86111111,4,1.1389
108,1,0,60,341,4268,5,55,75,0.93564753,3365,0.714285714,16,0.0,0.078971963,0,0,29.83333333,34,2.0556
18,2,2,9,33,151,2,7,3,0.950980392,1365,1.0,0,0.407407407,0.236111111,1,1,74.5,2,0.9444
4,1,0,51,4,6,47,5,4,2.0,4,0.0,0,0.0,0.5,0,0,0.0,1,1.0
5,1,0,2,7,4,0,2,4,0.5,25,1.0,0,0.0,0.6,0,0,3.8,1,0.8
2,2,0,10,9,1,1,9,2,2.0,107,0.0,0,0.947368421,0.625,2,2,52.5,1,0.5
3,4,0,8,15,3,0,8,1,2.0,49,0.0,0,0.948717949,0.666666667,2,2,15.33333333,1,0.6667
1,1,0,0,1,0,0,0,1,2.0,1,0.0,0,0.0,1.0,0,0,0.0,1,1.0
3,3,0,0,4,1,0,0,2,0.5,1248,1.0,0,0.974358974,1.0,0,0,414.6666667,1,0.3333
11,2,0,5,25,43,2,3,9,0.8,182,0.0,0,0.578947368,0.418181818,1,6,15.36363636,2,1.0909
2,4,0,10,10,1,0,10,2,2.0,26,0.0,0,0.989690722,0.6,2,4,12.0,1,0.5
2,2,0,10,17,1,6,5,2,2.0,87,0.0,0,0.941176471,1.0,1,1,42.5,1,0.5
5,1,0,1,19,0,1,0,3,0.5,108,1.0,0,0.0,0.533333333,0,0,20.2,3,1.4
38,2,2,13,98,421,10,4,24,0.817567568,1100,0.75,1,0.556962025,0.174174174,1,17,27.84210526,11,2.6053
8,3,0,16,56,14,1,16,4,0.928571429,297,0.25,0,0.769230769,0.371428571,0,0,35.625,6,2.25
5,4,0,10,25,8,0,10,3,0.5,145,1.0,1,0.904761905,0.44,2,5,27.8,1,0.8
24,2,0,9,49,0,0,9,19,0.0,142,1.0,1,0.705128205,0.21875,1,5,4.875,1,0.9583
21,5,0,36,139,74,23,21,14,0.566666667,785,1.0,5,0.970282318,0.206349206,1,1,36.0952381,29,3.2381
13,2,0,4,27,46,1,3,11,0.777777778,201,0.333333333,0,0.523809524,0.333333333,1,6,14.23076923,2,1.0769
14,6,0,14,87,51,5,13,1,0.817307692,497,1.0,1,0.980938416,0.5,4,12,33.92857143,3,1.4286
3,2,0,9,15,3,0,9,3,2.0,50,0.0,0,0.75,0.555555556,0,0,15.66666667,4,1.6667
3,3,0,4,8,0,1,4,1,0.75,40,0.5,0,0.960784314,0.555555556,2,7,11.66666667,1,0.6667
5,4,0,2,10,10,0,2,5,2.0,31,0.0,0,0.959183673,0.45,1,2,5.2,1,0.8
4,1,0,2,4,6,1,1,4,2.0,4,0.0,0,0.0,0.75,0,0,0.0,1,1.0
3,1,0,2,15,3,2,0,2,2.0,91,0.0,0,0.0,0.444444444,0,0,29.33333333,7,3.3333
5,3,0,1,16,8,0,1,3,1.24795082,4275,0.0,0,0.926829268,0.333333333,0,0,805.2,2,0.8
6,1,0,2,6,15,1,1,6,2.0,6,0.0,0,0.0,0.75,0,0,0.0,1,1.0
26,1,1,9,47,0,4,5,24,0.08,236,1.0,1,0.0,0.258241758,0,0,8.038461538,2,1.0
19,4,0,12,57,125,3,12,15,0.833333333,326,1.0,0,0.772151899,0.342105263,1,1,15.84210526,3,1.0526
8,1,0,8,19,0,7,1,8,0.642857143,333,0.5,0,0.0,0.46875,0,0,40.375,6,2.125
11,2,0,5,21,43,2,3,9,0.85,116,0.5,0,0.578947368,0.418181818,1,6,9.363636364,2,1.0
2,1,0,18,2,1,18,0,2,2.0,2,0.0,0,0.0,0.833333333,0,0,0.0,1,1.0
5,3,0,10,20,0,2,10,1,0.5625,74,1.0,1,0.833333333,0.375,1,1,13.0,1,0.6
8,2,0,10,61,22,4,7,6,0.642857143,725,1.0,0,0.0,0.196428571,0,0,89.375,54,7.75
15,1,3,8,43,91,4,4,7,0.811688312,833,0.818181818,3,0.0,0.267857143,0,0,53.06666667,14,3.6
2,3,0,7,6,1,0,7,1,2.0,19,0.0,0,0.971428571,0.666666667,1,1,8.5,1,0.5
3,3,0,1,4,3,0,1,3,2.0,10,0.0,0,0.98989899,1.0,2,4,2.333333333,1,0.6667
16,1,0,14,86,108,4,12,4,0.733333333,559,1.0,1,0.0,0.1875,0,0,33.875,4,1.4375
7,2,0,8,11,19,4,6,6,0.833333333,39,1.0,1,0.444444444,0.333333333,0,0,4.428571429,1,0.7143
31,1,0,3,44,139,3,0,25,0.470588235,1283,0.705882353,0,0.0,0.301075269,0,0,39.83870968,7,1.4516
14,1,0,4,43,81,1,3,11,0.857142857,230,0.857142857,0,0.0,0.285714286,0,0,14.92857143,5,1.5714
4,1,0,6,4,6,6,1,4,2.0,4,0.0,0,0.0,0.625,0,0,0.0,1,1.0
30,1,0,3,53,331,3,0,24,0.873563218,767,0.0,0,0.0,0.391666667,0,0,24.36666667,6,2.6333
14,2,1,6,22,29,5,1,14,0.807692308,173,1.0,0,0.1875,0.535714286,0,0,10.78571429,5,1.2857
19,2,0,13,30,145,2,13,19,0.912698413,133,1.0,1,0.4375,0.203007519,1,2,5.631578947,1,0.9474
3,1,0,7,14,3,1,6,1,2.0,88,0.0,0,0.0,0.444444444,0,0,28.33333333,1,0.6667
6,1,0,14,24,15,14,0,5,1.0,116,0.0,0,0.0,0.3,0,0,18.16666667,2,1.0
3,1,0,2,5,1,1,1,2,1.0,41,1.0,1,0.0,0.75,0,0,12.0,3,1.0
0,1,0,1,0,0,1,0,0,2.0,2,0.0,0,0.0,0.0,0,0,0.0,0,0.0
13,5,0,12,20,54,3,9,12,0.9,119,1.0,0,0.926174497,0.21875,2,5,7.384615385,2,0.9231
9,3,0,5,16,0,0,5,0,0.579545455,1583,1.0,0,0.826086957,0.366666667,1,3,173.6666667,1,0.8889
2,2,0,9,26,1,1,8,2,2.0,248,0.0,0,0.958333333,1.0,1,1,123.0,1,0.5
11,2,0,7,21,35,2,5,9,0.8,107,0.5,0,0.55,0.257575758,1,4,8.545454545,2,0.9091
8,2,0,6,25,0,1,5,8,0.476190476,195,1.0,2,0.65,0.34375,1,5,22.625,6,1.625
3,2,0,3,5,3,1,2,0,2.0,24,0.0,0,0.5,0.555555556,0,0,7.0,2,1.3333
0,1,0,67,0,0,64,4,0,2.0,0,0.0,0,0.0,0.0,0,0,0.0,0,0.0
23,4,0,13,96,181,0,13,16,0.715909091,856,1.0,1,0.655737705,0.227272727,0,0,35.86956522,5,1.2609
12,3,1,7,37,0,2,5,9,0.454545455,357,1.0,1,0.444444444,0.416666667,1,3,28.08333333,1,0.8333
71,2,3,23,181,1581,4,20,43,0.878881988,2909,0.739130435,4,0.557692308,0.151020408,2,11,39.64788732,12,1.662
2,2,0,7,6,1,1,6,1,2.0,28,0.0,0,0.947368421,0.625,1,1,13.0,1,0.5
4,3,0,3,6,6,1,2,3,1.333333333,16,0.0,0,0.923076923,0.625,1,2,2.75,1,0.5
11,1,0,3,17,0,3,0,10,0.1,514,0.0,0,0.0,0.4,0,0,45.54545455,11,2.4545
18,3,0,44,93,95,6,43,11,0.833333333,943,1.0,1,0.767123288,0.188888889,2,9,51.05555556,24,5.7778
18,2,0,4,36,0,1,3,13,0.79144385,375,0.545454545,5,0.375,0.226890756,1,2,19.22222222,1,0.8333
2,2,0,7,9,1,3,4,2,2.0,31,0.0,0,0.923076923,0.666666667,0,0,14.5,1,0.5
5,4,0,2,11,10,0,2,5,2.0,30,0.0,0,0.959183673,0.45,0,0,5.0,1,0.8
5,1,1,5,7,6,5,0,5,0.75,32,1.0,0,0.0,0.7,0,0,5.0,1,0.8
4,1,0,2,4,6,1,1,4,2.0,4,0.0,0,0.0,0.75,0,0,0.0,1,1.0
6,7,0,8,36,1,3,7,3,0.666666667,219,1.0,1,0.993811881,0.3,3,13,35.0,8,2.6667
4,1,4,5,6,6,4,1,1,2.0,15,0.0,0,0.0,0.666666667,0,0,2.75,1,0.75
6,5,0,11,25,3,1,11,4,0.75,261,1.0,2,0.961538462,0.4,1,6,41.83333333,10,2.8333
1,1,0,3,1,0,1,2,1,2.0,1,0.0,0,0.0,1.0,0,0,0.0,1,1.0
15,1,0,7,25,49,2,5,12,0.833333333,139,0.833333333,3,0.0,0.208333333,0,0,7.866666667,6,1.2667
2,2,0,11,9,1,3,8,1,2.0,65,0.0,0,0.947368421,0.625,0,0,31.5,1,0.5
16,1,0,20,55,0,9,14,14,0.5,453,1.0,3,0.0,0.198863636,0,0,27.0625,6,1.0625
5,3,0,26,32,0,1,25,4,0.25,253,1.0,1,0.933333333,0.333333333,1,3,49.4,5,1.8
3,4,0,11,27,3,0,11,2,2.0,169,0.0,0,0.96,0.476190476,1,6,55.33333333,8,3.0
3,1,0,1,4,0,1,0,3,0.642857143,55,0.0,0,0.0,0.666666667,0,0,15.0,0,0.0
1,1,0,0,2,0,0,0,1,2.0,7,0.0,0,0.0,1.0,0,0,3.0,0,0.0
5,1,0,5,33,0,3,4,5,0.65,328,1.0,2,0.0,0.466666667,0,0,63.6,3,1.6
5,3,0,8,31,2,1,8,3,0.5,122,1.0,1,0.8,0.4,0,0,23.0,3,1.2
39,2,0,8,58,91,1,7,37,0.848684211,652,0.9375,9,0.229166667,0.216117216,1,4,15.30769231,2,0.9744
4,1,0,0,15,6,0,0,4,2.0,73,0.0,0,0.0,0.333333333,0,0,17.25,1,0.75
0,1,0,0,0,0,0,0,0,2.0,0,0.0,0,0.0,0.0,0,0,0.0,0,0.0
7,3,0,15,25,0,3,13,6,0.5,118,1.0,1,0.903225806,0.285714286,1,6,15.57142857,5,1.4286
18,2,0,7,58,141,1,6,10,0.847750865,1937,1.0,2,0.2,0.189814815,0,0,105.6666667,4,1.1667
19,3,0,31,84,99,5,31,10,0.814814815,501,0.888888889,5,0.552631579,0.212962963,1,1,24.89473684,9,1.5263
3,1,0,14,19,1,2,12,2,0.5,93,1.0,0,0.0,0.5,0,0,29.0,7,2.3333
1,1,0,21,1,0,20,1,1,2.0,1,0.0,0,0.0,1.0,0,0,0.0,1,1.0
49,1,0,3,69,1150,2,1,48,0.9375,451,0.0,0,0.0,0.191326531,0,0,8.081632653,18,1.7551
5,3,0,1,16,8,0,1,3,1.246296296,2125,0.0,0,0.926829268,0.333333333,0,0,397.0,2,0.8
1,1,0,1,1,0,0,1,1,2.0,1,0.0,0,0.0,1.0,0,0,0.0,1,1.0
5,1,12,31,6,10,31,0,5,2.0,19,0.0,0,0.0,0.9,0,0,2.8,1,0.8
31,4,0,3,46,465,1,2,31,2.0,259,0.0,0,0.758064516,0.309677419,0,0,7.35483871,6,1.3871
13,3,0,9,35,26,1,8,9,0.555555556,214,1.0,3,0.592592593,0.307692308,1,1,15.23076923,8,1.3846
2,3,0,7,4,1,5,2,2,2.0,9,0.0,0,0.956521739,0.75,0,0,3.5,1,0.5
23,1,0,2,26,181,2,0,22,0.97979798,3198,0.0,0,0.0,0.25,0,0,137.6521739,17,3.913
11,1,1,2,20,53,2,1,0,0.9,90,1.0,0,0.0,0.4,0,0,7.090909091,2,0.9091
4,1,1,1,9,0,1,0,4,0.0,27,1.0,0,0.0,1.0,0,0,5.5,1,0.75
12,1,0,1,12,66,1,0,12,2.0,12,0.0,0,0.0,0.444444444,0,0,0.0,1,1.0
13,4,0,7,55,30,1,7,10,0.802083333,590,1.0,1,0.866666667,0.5,2,2,43.76923077,1,0.9231
13,2,0,12,37,42,4,9,13,0.611111111,175,1.0,1,0.885714286,0.276923077,1,4,12.23076923,3,1.1538
3,1,0,9,10,0,8,1,1,0.0,49,0.0,0,0.0,1.0,0,0,14.33333333,1,0.6667
23,4,0,3,32,253,0,3,23,2.0,149,0.0,0,0.810344828,0.295652174,1,3,5.47826087,3,1.1304
6,1,2,7,7,15,3,4,6,2.0,12,0.0,0,0.0,0.361111111,0,0,1.0,1,0.8333
2,3,0,4,4,1,1,3,2,2.0,13,0.0,0,0.976190476,0.75,1,1,5.5,1,0.5
1,7,6,8,21,0,7,2,1,2.0,93,0.0,0,1.0,1.0,0,0,92.0,0,0.0
11,5,2,7,27,49,2,0,10,0.8,85,1.0,0,0.944134078,0.345454545,2,2,6.636363636,2,1.0
8,2,0,7,20,0,2,5,6,0.285714286,179,1.0,0,0.695652174,0.40625,1,2,21.25,2,1.375
4,2,0,11,25,6,3,8,2,2.0,208,0.0,0,0.857142857,0.625,1,1,51.0,1,0.75
7,2,5,16,23,9,5,11,6,0.5,163,1.0,0,0.857142857,0.387755102,1,1,22.14285714,1,0.7143
17,2,2,7,44,106,4,4,15,0.760416667,483,0.5,0,0.458333333,0.485294118,1,6,27.05882353,5,1.5294
25,2,0,8,40,258,4,4,23,0.758333333,390,0.8,0,0.333333333,0.3,1,6,14.4,7,1.76
42,1,0,6,89,0,4,2,41,1.0,361,0.066666667,1,0.0,0.304761905,0,0,6.523809524,5,1.0952
1,1,0,1,2,0,1,0,1,2.0,12,0.0,0,0.0,1.0,0,0,9.0,0,0.0
1,1,0,12,1,0,12,0,0,2.0,617,0.0,0,0.0,0.0,0,0,496.0,0,0.0
2,1,0,5,2,1,4,1,2,2.0,2,0.0,0,0.0,0.75,0,0,0.0,1,1.0
13,5,0,16,79,0,1,16,2,0.5,744,1.0,1,0.849315068,0.25,3,6,56.0,1,0.8462
2,1,0,1,5,1,0,1,2,2.0,15,0.0,0,0.0,0.5,0,0,6.5,1,0.5
1,1,0,2,1,0,2,0,0,2.0,191,0.0,0,0.0,0.0,0,0,152.0,0,0.0
3,4,0,9,9,3,5,4,2,2.0,23,0.0,0,0.988636364,0.666666667,3,4,6.666666667,2,0.6667
6,3,0,10,20,13,0,10,4,1.04,72,0.8,0,0.75,0.4,2,3,10.16666667,1,0.6667
5,1,0,7,31,10,0,7,2,0.875,145,0.0,0,0.0,0.3,0,0,27.6,3,1.4
21,3,0,16,56,104,5,15,10,0.65625,500,1.0,3,0.32,0.2375,1,3,22.42857143,5,1.0952
5,1,0,3,14,4,2,1,4,0.583333333,145,0.666666667,1,0.0,0.5,0,0,27.4,7,2.6
1,2,1,2,2,0,1,1,1,2.0,4,0.0,0,1.0,1.0,0,0,3.0,0,0.0
11,1,0,1,17,25,1,0,11,0.725,105,1.0,0,0.0,0.409090909,0,0,8.181818182,3,1.2727
6,1,0,6,11,13,2,4,4,0.8,42,1.0,1,0.0,0.6,0,0,5.833333333,3,1.1667
8,2,0,5,19,8,0,5,7,1.0,165,0.3,0,0.5625,0.6875,0,0,18.375,2,1.0
9,1,0,9,31,22,1,8,5,0.8125,140,1.0,2,0.0,0.285714286,0,0,13.88888889,3,1.2222
6,1,0,2,8,15,2,0,6,1.2,139,0.0,0,0.0,0.333333333,0,0,22.0,4,2.0
4,1,0,6,6,0,5,1,4,0.0,73,0.0,1,0.0,0.55,0,0,16.5,2,0.5
20,2,0,9,38,34,2,7,20,0.778947368,385,1.0,4,0.40625,0.242857143,1,7,18.0,11,2.55
2,1,0,15,2,1,14,1,2,2.0,2,0.0,0,0.0,0.75,0,0,0.0,1,1.0
14,6,0,11,77,51,5,10,1,0.817307692,516,1.0,1,0.980740741,0.5,4,12,35.28571429,3,1.4286
3,2,0,3,5,3,1,2,0,2.0,24,0.0,0,0.5,0.555555556,0,0,7.0,2,1.3333
4,3,0,1,15,6,0,1,3,1.333333333,1166,0.0,0,0.926829268,0.333333333,0,0,271.25,2,1.0
19,1,0,19,19,171,3,16,19,2.0,19,0.0,0,0.0,0.108359133,0,0,0.0,1,1.0
23,2,0,15,35,237,8,9,19,0.795454545,174,1.0,1,0.565217391,0.246376812,1,2,6.47826087,1,0.8696
2,3,0,4,14,0,1,3,2,1.0,54,0.5,1,0.928571429,0.625,0,0,25.0,1,0.5
14,1,1,2,19,79,1,1,7,0.807692308,97,1.0,0,0.0,0.285714286,0,0,5.5,2,1.0
4,2,0,4,6,4,1,3,4,0.666666667,20,1.0,0,0.5,0.625,0,0,3.75,1,0.75
15,5,0,26,71,0,4,25,15,0.535714286,499,1.0,1,0.954063604,0.193939394,0,0,32.13333333,2,0.9333
46,1,0,51,178,461,6,47,28,0.897916667,3157,0.375,21,0.0,0.157142857,0,0,66.23913043,51,4.8913
18,1,0,63,65,81,49,14,17,0.950980392,560,0.25,2,0.0,0.222222222,0,0,29.44444444,2,0.8889
2,1,0,10,2,1,10,1,2,2.0,2,0.0,0,0.0,0.666666667,0,0,0.0,1,1.0
1,1,0,6,2,0,5,1,1,2.0,12,0.0,2,0.0,1.0,0,0,3.0,0,0.0
2,1,0,3,2,1,3,0,2,2.0,2,0.0,0,0.0,0.833333333,0,0,0.0,1,1.0
4,4,0,3,8,6,2,1,4,2.0,20,0.0,0,1.0,0.666666667,0,0,4.0,0,0.0
1,1,0,7,1,0,6,1,1,2.0,1,0.0,0,0.0,1.0,0,0,0.0,1,1.0
15,1,0,11,38,81,2,10,6,0.857142857,177,1.0,0,0.0,0.160714286,0,0,10.4,1,0.8667
17,2,0,5,37,128,1,4,11,2.0,287,0.0,0,0.777777778,0.217647059,1,12,15.88235294,3,1.1176
2,2,0,8,26,1,1,7,2,2.0,149,0.0,0,0.958333333,1.0,0,0,73.5,1,0.5
10,1,0,3,17,0,2,1,9,0.555555556,243,0.0,1,0.0,0.466666667,0,0,22.8,5,2.1
5,1,1,6,6,0,5,1,5,0.5,32,1.0,1,0.0,0.466666667,0,0,5.0,1,0.8
1,1,1,8,2,0,4,4,1,2.0,28,0.0,4,0.0,1.0,0,0,21.0,0,0.0
20,2,0,14,65,94,3,14,15,0.649122807,327,1.0,2,0.321428571,0.154545455,1,1,15.2,3,1.15
2,2,0,9,6,1,3,6,1,1.0,54,0.0,0,0.947368421,0.666666667,1,2,24.5,1,0.5
1,0,0,5,4,0,3,2,1,2.0,9,0.0,0,0.0,1.0,0,0,8.0,0,0.0
2,3,0,11,3,0,11,0,2,1.0,13,0.5,0,0.944444444,0.75,0,0,4.5,1,0.5
3,4,0,1,4,1,0,1,2,1.423076923,3769,0.0,0,0.976190476,1.0,0,0,1251.0,1,0.3333
35,1,0,5,51,253,1,4,7,0.719814241,3060,0.210526316,1,0.0,0.405882353,0,0,85.88571429,112,7.8286
8,2,0,15,52,16,1,0,5,0.666666667,335,1.0,1,0.730769231,0.46875,1,2,40.5,2,1.0
3,1,0,15,3,3,15,0,3,2.0,3,0.0,0,0.0,1.0,0,0,0.0,1,1.0
20,6,1,53,101,50,8,46,13,0.831578947,1191,1.0,1,0.838983051,0.225,3,8,58.05,8,2.6
5,1,0,1,7,8,1,0,3,0.75,22,1.0,1,0.0,0.75,0,0,3.2,1,0.6
1,1,0,3,1,0,3,0,1,2.0,1,0.0,0,0.0,1.0,0,0,0.0,1,1.0
5,4,0,17,19,10,0,17,5,2.0,85,0.0,0,0.96,0.333333333,3,12,16.0,2,1.2
31,4,0,10,59,117,1,10,29,0.5,823,0.5,0,0.802721088,0.150537634,4,20,25.41935484,14,2.9032
4,4,0,3,8,6,2,1,4,2.0,20,0.0,0,1.0,0.666666667,0,0,4.0,0,0.0
3,1,0,24,4,3,24,0,3,1.4375,23,0.0,2,0.0,0.5,0,0,4.0,2,1.0
5,3,0,5,18,10,1,4,5,1.25,75,0.0,0,0.98,0.466666667,2,6,13.8,16,3.8
9,2,0,4,16,0,3,1,9,0.5625,122,1.0,0,0.272727273,0.555555556,0,0,12.11111111,4,1.2222
11,2,0,1,23,39,1,0,10,0.483333333,136,1.0,0,0.454545455,0.348484848,1,1,10.81818182,1,0.5455
5,1,0,6,5,10,6,0,5,2.0,5,0.0,0,0.0,0.333333333,0,0,0.0,1,1.0
1,3,0,6,2,0,6,0,1,2.0,5,0.0,0,1.0,1.0,0,0,4.0,0,0.0
10,2,19,29,22,17,20,9,7,0.777777778,99,1.0,4,0.608695652,0.28,1,1,8.5,2,1.2
2,1,0,1,3,1,0,1,2,2.0,7,0.0,0,0.0,0.75,0,0,2.5,1,0.5
9,2,0,13,20,36,1,13,8,2.0,85,0.0,0,0.804878049,0.351851852,2,3,8.444444444,2,1.2222
9,2,0,4,13,36,2,2,9,1.125,62,0.0,0,0.3,0.333333333,0,0,5.666666667,1,0.7778
6,3,0,28,58,3,1,28,5,0.6,332,1.0,2,0.918032787,0.361111111,1,7,54.0,9,2.6667
5,3,0,4,10,10,1,4,2,2.0,25,0.0,0,0.884615385,0.4,2,2,4.0,1,0.6
9,6,0,8,45,18,4,7,1,0.71875,205,1.0,1,0.988059701,0.5,4,12,21.33333333,2,1.0
22,2,0,8,34,213,4,4,20,0.75,330,0.75,0,0.366666667,0.310606061,1,6,13.81818182,7,1.8636
8,2,0,11,14,22,3,10,8,0.285714286,57,1.0,0,0.821428571,0.303571429,0,0,6.0,1,0.625
3,0,0,8,11,1,1,7,2,0.5,41,1.0,0,0.0,0.75,0,0,12.33333333,1,0.3333
1,1,0,4,1,0,2,0,1,2.0,1,0.0,0,0.0,1.0,0,0,0.0,1,1.0
2,4,0,5,7,1,0,5,2,2.0,614,0.0,0,0.976190476,1.0,0,0,306.0,1,0.5
2,1,0,55,2,1,54,1,2,2.0,2,0.0,0,0.0,0.75,0,0,0.0,1,1.0
5,2,1,5,16,2,1,5,4,0.625,107,0.5,1,0.823529412,0.5,1,4,20.0,9,2.2
6,5,1,6,33,7,1,5,3,0.7,164,1.0,0,0.961538462,0.5,3,6,26.0,2,1.0
2,2,0,8,5,1,1,8,1,2.0,145,0.0,0,0.75,0.571428571,0,0,71.5,1,0.5
15,2,1,7,49,75,2,5,9,0.75,402,1.0,0,0.578947368,0.325925926,1,1,25.53333333,1,0.5333
1,1,0,1,1,0,1,0,1,2.0,1,0.0,0,0.0,1.0,0,0,0.0,1,1.0
10,2,0,3,23,0,0,3,10,0.5,116,1.0,1,0.590909091,0.35,1,8,10.4,4,1.3
3,3,0,1,4,3,0,1,3,1.5,11,0.0,0,0.98989899,1.0,2,4,2.333333333,1,0.6667
4,3,0,5,16,0,1,5,1,0.666666667,93,0.5,0,0.946428571,0.5,2,7,21.75,1,0.75
1,1,0,7,1,0,6,1,0,2.0,62,0.0,0,0.0,0.0,0,0,60.0,0,0.0
8,3,0,2,39,10,0,2,8,0.714285714,265,1.0,0,0.840909091,0.325,1,1,31.625,4,1.25
6,4,0,10,33,0,0,10,6,0.6,511,1.0,0,0.939759036,0.555555556,1,1,83.5,1,0.8333
18,2,0,7,54,141,1,6,9,0.891640867,1392,0.157894737,2,0.2,0.189814815,0,0,75.27777778,4,1.1667
3,4,0,7,19,3,1,6,2,1.5,55,0.0,0,0.990566038,0.666666667,2,3,17.0,1,0.6667
33,3,0,17,49,424,5,16,27,0.86875,284,1.0,1,0.473684211,0.137741047,0,0,7.303030303,2,1.0909
2,2,0,7,5,1,2,5,2,1.0,22,0.0,0,0.944444444,0.625,1,1,9.5,1,0.5
11,2,0,10,15,0,1,9,11,0.3,104,1.0,1,0.333333333,0.363636364,0,0,8.272727273,1,0.7273
7,1,0,3,8,9,2,1,0,0.833333333,52,1.0,1,0.0,0.285714286,0,0,5.571428571,1,0.8571
8,3,0,1,21,28,1,0,7,1.142857143,430,0.0,0,0.857142857,0.225,0,0,17.375,2,0.875
248,4,0,70,482,16336,53,37,193,0.879170739,9106,0.775862069,10,0.724215247,0.076315789,3,14,35.48387097,29,3.2581
13,1,0,22,54,76,20,6,10,0.861111111,537,0.0,0,0.0,0.183333333,0,0,39.84615385,11,3.0
11,2,0,4,25,0,1,3,7,0.625,447,1.0,0,0.444444444,0.287878788,1,3,39.27272727,6,1.5455
20,1,0,10,38,62,5,5,13,0.708133971,601,0.636363636,4,0.0,0.233082707,0,0,28.5,11,2.65
17,1,0,20,26,46,19,1,16,0.96875,728,0.1,0,0.0,0.333333333,0,0,41.23529412,12,5.0588
3,3,0,0,4,1,0,0,2,0.5,234,1.0,0,0.974358974,1.0,0,0,76.66666667,1,0.3333
5,2,0,7,17,0,2,6,5,0.0,62,1.0,1,0.2,0.4,1,1,11.2,2,1.0
40,3,1,17,99,664,2,15,31,0.918192918,855,0.952380952,2,0.486842105,0.194444444,0,0,19.85,8,1.6
8,4,0,9,19,22,2,7,8,0.714285714,59,1.0,0,0.973544974,0.3,2,3,6.25,1,0.625
1,3,0,3,2,0,1,2,1,2.0,5,0.0,0,1.0,1.0,0,0,4.0,0,0.0
5,3,0,1,16,8,0,1,3,1.24795082,4275,0.0,0,0.926829268,0.333333333,0,0,805.2,2,0.8
24,1,0,9,52,86,4,5,16,0.673913043,451,0.833333333,3,0.0,0.183333333,0,0,17.54166667,5,1.7083
3,3,0,5,12,0,1,5,1,0.75,59,0.5,0,0.961538462,0.555555556,2,3,18.0,1,0.6667
1,2,0,14,2,0,11,3,0,2.0,11,0.0,1,1.0,1.0,0,0,9.0,0,0.0
1,1,0,3,1,0,3,0,0,2.0,196,0.0,0,0.0,0.0,0,0,156.0,0,0.0
5,3,0,1,16,8,0,1,3,1.24795082,4275,0.0,0,0.926829268,0.333333333,0,0,805.2,2,0.8
7,1,0,11,38,0,1,11,5,0.625,359,0.75,1,0.0,0.270833333,0,0,49.71428571,31,5.2857
4,1,1,4,12,6,3,1,4,0.666666667,37,1.0,1,0.0,0.5,0,0,8.0,1,0.75
10,1,0,12,46,17,10,3,8,0.622222222,296,1.0,0,0.0,0.35,0,0,28.1,10,2.8
75,1,2,58,156,2419,46,20,49,0.912483912,1888,0.666666667,5,0.0,0.106821107,0,0,23.89333333,6,1.72
4,5,0,4,6,0,2,2,3,0.333333333,23,1.0,0,0.986486486,0.5,0,0,4.5,1,0.75
14,1,3,24,17,89,24,0,14,0.923076923,224,1.0,0,0.0,0.271428571,0,0,14.92857143,1,0.9286
19,2,0,9,20,159,4,7,15,0.666666667,105,1.0,1,0.703703704,0.233082707,1,3,4.473684211,1,0.8421
17,5,0,15,57,22,0,15,15,0.583333333,298,1.0,1,0.869918699,0.264705882,4,7,16.35294118,4,1.2353
10,2,0,5,28,13,3,4,9,0.722222222,230,0.75,1,0.724137931,0.472222222,1,3,21.6,3,1.2
5,6,0,10,33,4,5,7,2,0.666666667,142,1.0,2,0.993836672,0.5,1,1,26.8,1,0.8
70,1,0,17,192,1069,1,16,22,0.922959573,7218,1.0,15,0.0,0.148033126,0,0,101.0285714,3,1.0429
10,2,0,2,37,23,0,2,7,0.833333333,301,0.0,1,0.884057971,0.2,0,0,28.1,4,1.7
7,1,0,6,16,9,5,1,3,1.164242424,1460,0.003636364,0,0.0,0.19047619,0,0,168.2857143,2,1.2857
2,1,0,10,12,0,2,8,2,0.0,49,1.0,2,0.0,0.583333333,0,0,22.5,1,0.5
18,1,0,62,55,99,52,11,12,0.885154062,395,0.476190476,4,0.0,0.209150327,0,0,19.77777778,5,1.5556
7,1,0,10,21,3,10,0,1,0.611111111,269,1.0,0,0.0,0.4,0,0,37.0,7,2.1429
3,1,0,3,8,0,3,0,3,0.0,32,0.0,0,0.0,0.666666667,0,0,9.333333333,1,0.6667
27,2,0,20,64,167,13,11,22,0.761538462,446,1.0,0,0.333333333,0.102564103,2,6,15.33333333,12,1.5926
3,3,0,8,9,0,2,8,2,0.5,44,1.0,3,0.913043478,0.4,0,0,12.66666667,2,1.0
0,1,0,0,0,0,0,0,0,2.0,0,0.0,0,0.0,0.0,0,0,0.0,0,0.0
3,5,0,14,33,1,0,14,2,0.5,177,1.0,0,0.98245614,0.75,1,7,57.66666667,1,0.3333
5,2,0,6,29,0,0,6,5,0.25,261,1.0,0,0.733333333,0.45,0,0,50.8,3,1.6
11,1,0,2,14,49,2,1,11,0.8,50,1.0,1,0.0,0.454545455,0,0,3.363636364,1,0.9091
33,2,2,14,69,0,3,12,20,0.534722222,2970,1.0,2,0.184210526,0.1875,1,3,88.72727273,2,1.0606
4,1,0,26,29,6,25,1,3,2.0,213,0.0,0,0.0,0.291666667,0,0,52.25,15,4.75
2,3,0,4,4,1,0,4,1,2.0,11,0.0,0,0.941176471,0.666666667,1,1,4.5,1,0.5
6,2,0,16,45,15,3,13,6,2.0,280,0.0,0,0.782608696,0.229166667,1,1,45.66666667,1,0.8333
58,1,0,71,166,1341,58,23,45,0.804385965,1720,0.2,5,0.0,0.117647059,0,0,28.31034483,34,1.6552
5,3,0,8,19,0,1,7,4,0.625,56,1.0,1,0.913043478,0.5,0,0,9.8,1,0.4
4,2,0,10,10,6,4,8,4,2.0,37,0.0,0,0.931034483,0.392857143,1,1,8.25,1,0.5
6,3,0,6,16,0,2,6,6,0.6,86,1.0,2,0.933333333,0.444444444,1,1,12.83333333,1,0.8333
6,3,0,18,40,3,1,18,5,0.4,183,1.0,1,0.918032787,0.305555556,1,6,29.33333333,5,1.6667
14,0,0,15,26,39,0,15,12,0.807692308,157,0.833333333,2,0.0,0.230769231,0,0,9.785714286,8,1.3571
23,4,0,3,26,253,0,3,23,2.0,127,0.0,0,0.788461538,0.52173913,1,6,4.52173913,1,0.9565
6,3,0,9,35,0,2,9,1,0.666666667,174,1.0,1,0.851851852,0.36,1,1,27.5,6,1.5
4,1,0,3,23,4,1,2,1,0.333333333,174,1.0,0,0.0,0.583333333,0,0,42.0,3,1.25
2,3,0,4,4,1,0,4,1,2.0,11,0.0,0,0.971428571,0.666666667,1,1,4.5,1,0.5
23,1,0,0,23,253,0,0,23,2.0,23,0.0,0,0.0,0.347826087,0,0,0.0,1,1.0
2,3,0,0,3,1,0,0,2,2.0,374,0.0,0,0.974358974,1.0,0,0,186.0,1,0.5
9,1,0,2,12,22,1,1,9,0.8125,75,1.0,2,0.0,0.288888889,0,0,6.888888889,4,1.2222
27,3,2,25,41,321,2,23,27,0.0,191,1.0,0,0.535714286,0.084656085,0,0,6.037037037,4,1.1852
5,1,0,12,31,0,0,12,2,1.0,132,0.25,0,0.0,0.5,0,0,24.6,1,0.6
4,1,0,3,15,6,0,3,2,1.0,54,0.0,0,0.0,0.3125,0,0,12.25,1,0.75
3,4,0,1,4,1,0,1,2,0.5,499,0.0,0,0.976190476,1.0,0,0,165.0,1,0.3333
11,1,0,39,25,0,38,2,11,0.0,135,1.0,0,0.0,0.484848485,0,0,11.18181818,2,1.1818
8,5,0,4,33,28,2,2,7,2.0,143,0.0,0,0.992974239,0.5,1,1,16.875,3,1.125
6,1,0,5,27,1,1,4,5,0.666666667,163,1.0,1,0.0,0.36,0,0,25.66666667,15,3.0
2,2,0,7,6,1,1,6,1,2.0,28,0.0,0,0.947368421,0.625,1,1,13.0,1,0.5
2,1,0,0,2,1,0,0,2,2.0,2,0.0,0,0.0,0.75,0,0,0.0,1,1.0
19,2,0,41,47,151,18,27,17,1.0,286,0.0,0,0.647058824,0.247368421,2,4,14.0,4,1.3158
12,1,0,7,62,28,2,5,7,0.545454545,507,1.0,1,0.0,0.329545455,0,0,41.0,6,2.3333
8,2,0,17,29,0,17,0,8,0.285714286,119,0.0,0,0.666666667,0.34375,0,0,13.75,2,1.0
18,2,0,44,42,153,18,30,17,2.0,268,0.0,0,0.66,0.283950617,2,4,13.88888889,4,1.2778
15,3,0,5,22,71,1,5,13,0.785714286,113,1.0,0,0.729166667,0.35,2,6,6.333333333,2,0.9333
11,2,0,11,17,25,3,11,8,0.766666667,73,1.0,0,0.741935484,0.25,0,0,5.363636364,1,0.7273
2,3,0,4,6,0,0,4,2,0.0,35,1.0,1,0.75,0.75,0,0,16.0,1,0.5
4,3,0,5,16,0,0,5,4,0.333333333,95,1.0,0,0.914285714,0.75,0,0,22.25,1,0.75
3,2,0,3,5,3,1,2,0,2.0,24,0.0,0,0.5,0.555555556,0,0,7.0,2,1.3333
1,2,0,1,3,0,0,1,1,2.0,7,0.0,0,1.0,1.0,0,0,6.0,0,0.0
3,1,0,3,7,3,3,0,3,2.0,33,0.0,0,0.0,0.555555556,0,0,10.0,3,1.6667
12,2,0,6,22,46,3,3,10,0.818181818,128,0.5,0,0.55,0.4,1,6,9.5,2,1.0
7,2,0,6,13,17,4,2,7,0.75,46,1.0,1,0.333333333,0.428571429,0,0,5.285714286,1,0.8571
4,3,0,9,12,0,5,4,4,0.0,41,1.0,1,0.875,0.4375,0,0,9.0,1,0.75
6,1,0,6,39,13,3,3,4,0.6,193,0.0,0,0.0,0.35,0,0,31.0,1,0.6667
1,4,0,1,2,0,0,1,1,2.0,4,0.0,0,1.0,1.0,0,0,3.0,0,0.0
4,2,0,6,16,4,1,5,3,0.666666667,50,1.0,0,0.857142857,0.466666667,0,0,11.25,1,0.25
3,2,0,6,9,0,4,2,3,0.0,34,1.0,0,0.714285714,0.666666667,1,1,10.0,1,0.6667
20,2,0,13,49,0,2,11,18,0.447368421,186,0.0,2,0.540540541,0.258333333,1,1,8.2,2,0.9
11,4,0,20,42,0,2,19,11,0.64,380,1.0,3,0.879518072,0.204545455,2,7,33.09090909,35,4.8182
7,2,0,3,35,1,1,2,6,0.5,199,1.0,1,0.85,0.265306122,1,6,27.14285714,6,1.7143
13,3,0,6,31,0,1,6,11,0.375,218,1.0,2,0.571428571,0.208791209,2,2,15.61538462,6,1.3077
17,4,0,2,27,136,0,2,17,2.0,123,0.0,0,0.854545455,0.317647059,0,0,6.235294118,3,1.1765
14,1,0,8,29,0,6,3,10,0.358974359,378,1.0,1,0.0,0.244897959,0,0,25.78571429,4,2.4286
10,3,1,26,18,3,24,3,9,0.861111111,99,0.25,2,0.91025641,0.333333333,2,22,8.5,3,1.2
3,3,0,7,7,3,2,5,3,2.0,25,0.0,0,0.953488372,0.555555556,1,1,7.333333333,1,0.6667
7,2,0,2,8,21,0,2,7,1.0,26,1.0,0,0.583333333,0.428571429,1,2,2.571428571,1,0.7143
7,4,0,3,10,21,0,3,7,2.0,39,0.0,0,0.931818182,0.571428571,1,6,4.571428571,1,0.8571
4,6,0,12,16,0,1,12,2,0.583333333,109,1.0,1,0.921052632,0.4,1,1,25.25,2,1.0
1,1,0,0,1,0,0,0,1,2.0,1,0.0,0,0.0,1.0,0,0,0.0,1,1.0
7,2,0,12,13,15,3,12,6,0.666666667,43,1.0,0,0.7,0.285714286,1,1,5.0,1,0.8571
1,1,0,0,1,0,0,0,1,2.0,1,0.0,0,0.0,1.0,0,0,0.0,1,1.0
6,3,0,7,13,3,1,6,4,0.0,46,1.0,1,0.782608696,0.375,1,1,6.5,1,0.8333
5,2,1,7,13,0,2,5,4,0.4375,110,0.5,1,0.25,0.5,0,0,20.2,4,1.6
17,4,0,2,23,136,0,2,17,2.0,96,0.0,0,0.854545455,0.397058824,0,0,4.647058824,1,0.9412
3,5,0,7,14,3,6,2,3,2.0,52,0.0,0,0.96875,0.555555556,1,1,16.33333333,3,1.6667
5,5,0,8,44,8,3,7,3,0.875,289,0.0,3,0.995695839,0.3,0,0,56.0,3,1.0
6,1,0,11,13,0,10,2,6,0.4,44,1.0,1,0.0,0.444444444,0,0,6.0,1,0.8333
3,3,0,18,37,1,2,18,3,0.0,157,1.0,0,0.909090909,0.583333333,0,0,50.66666667,5,2.0
2,2,0,4,4,1,1,3,2,2.0,10,0.0,0,0.75,0.75,0,0,4.0,1,0.5
4,4,0,32,45,0,0,32,3,0.083333333,524,1.0,4,0.96969697,0.458333333,3,7,129.0,8,2.5
39,2,0,26,168,427,4,23,22,0.895833333,1749,1.0,7,0.26,0.122171946,0,0,43.23076923,20,2.641
9,1,0,14,29,0,7,9,4,0.708333333,180,0.0,2,0.0,0.333333333,0,0,18.33333333,3,1.6667
9,2,0,13,20,36,1,13,8,2.0,85,0.0,0,0.804878049,0.351851852,2,3,8.444444444,2,1.2222
3,1,0,3,7,0,1,2,3,0.0,21,1.0,0,0.0,0.666666667,0,0,5.666666667,1,0.6667
6,3,0,28,55,3,2,27,5,0.6,318,1.0,2,0.918032787,0.361111111,1,6,51.66666667,9,2.6667
2,2,0,1,6,1,0,1,2,2.0,13,0.0,0,0.958333333,1.0,0,0,5.5,1,0.5
15,3,0,16,78,69,0,16,10,0.826530612,502,1.0,0,0.725490196,0.233333333,1,1,32.0,6,1.4
1,1,0,167,1,0,166,1,1,2.0,1,0.0,0,0.0,1.0,0,0,0.0,1,1.0
7,5,0,5,18,0,1,4,7,0.583333333,116,0.0,0,0.978417266,0.285714286,3,14,15.28571429,1,0.4286
2,1,0,3,4,1,1,3,2,2.0,10,0.0,0,0.0,0.75,0,0,4.0,1,0.5
2,3,0,9,20,1,2,7,1,2.0,128,0.0,0,0.987179487,0.625,1,3,63.0,9,4.5
8,3,0,3,42,8,0,3,3,0.785714286,202,1.0,0,0.806451613,0.357142857,3,4,24.0,1,0.75
2,5,0,4,4,1,3,1,2,2.0,11,0.0,0,1.0,0.833333333,0,0,4.5,0,0.0
8,1,0,11,8,28,7,5,8,2.0,8,0.0,0,0.0,0.363636364,0,0,0.0,1,1.0
17,1,0,4,58,130,1,4,5,0.921875,630,0.25,0,0.0,0.129411765,0,0,35.82352941,4,2.1176
4,3,0,1,15,6,0,1,3,1.333333333,2120,0.0,0,0.926829268,0.333333333,0,0,495.5,2,1.0
2,1,0,6,7,0,1,5,2,0.0,36,1.0,1,0.0,0.625,0,0,16.0,1,0.5
13,6,0,9,38,62,5,8,9,0.8125,177,1.0,2,0.98173516,0.307692308,3,3,12.30769231,2,1.0
3,4,0,5,20,3,0,5,1,1.0,71,0.0,0,0.961538462,1.0,2,4,22.33333333,3,1.6667
9,6,0,5,17,26,0,5,6,0.833333333,71,0.0,0,0.949367089,0.333333333,1,4,6.555555556,3,1.1111
25,2,0,11,41,258,7,4,23,0.758333333,389,0.8,0,0.333333333,0.257142857,1,6,14.36,7,1.76
25,2,0,15,61,234,4,11,21,0.913194444,396,1.0,2,0.178571429,0.223958333,1,1,14.36,17,2.08
4,2,0,10,20,6,4,8,4,2.0,161,0.0,0,0.931034483,0.416666667,1,1,39.25,1,0.5
9,2,0,4,37,8,0,4,7,0.822916667,314,0.0,1,0.897058824,0.21875,0,0,32.55555556,7,2.0
6,3,3,0,8,0,0,0,6,0.1,54,1.0,0,0.85,0.555555556,1,2,7.666666667,3,0.8333
3,2,0,3,5,3,1,2,0,2.0,18,0.0,0,0.5,0.555555556,0,0,5.0,2,1.0
12,4,0,3,22,66,0,3,12,2.0,97,0.0,0,0.895238095,0.316666667,1,1,7.083333333,3,1.25
29,1,0,23,44,0,22,1,21,0.651785714,1651,0.0625,1,0.0,0.242063492,0,0,55.37931034,11,3.0
2,3,0,0,3,1,0,0,2,2.0,231,0.0,0,0.974358974,1.0,0,0,114.5,1,0.5
0,1,0,2,0,0,1,1,0,2.0,0,0.0,0,0.0,0.0,0,0,0.0,0,0.0
7,1,0,5,16,0,1,4,4,0.666666667,416,1.0,1,0.0,0.265306122,0,0,57.14285714,14,4.1429
9,2,0,15,64,6,3,13,2,0.788043478,727,0.956521739,4,0.461538462,0.25,0,0,77.22222222,14,3.1111
4,1,0,8,18,6,5,4,3,2.0,62,0.0,0,0.0,0.458333333,0,0,14.5,3,1.25
3,1,0,9,19,3,1,9,1,2.0,110,0.0,0,0.0,0.555555556,0,0,35.66666667,17,6.3333
27,3,0,46,60,347,8,40,26,2.0,407,0.0,0,0.573770492,0.202020202,1,3,14.07407407,9,1.6667
6,2,0,2,8,5,2,0,6,0.8,47,0.0,0,0.642857143,0.444444444,0,0,6.0,1,0.8333
1,7,6,9,22,0,7,3,1,2.0,95,0.0,0,1.0,1.0,0,0,94.0,0,0.0
22,1,0,2,22,231,2,0,22,2.0,22,0.0,0,0.0,0.204545455,0,0,0.0,1,1.0
11,1,0,2,15,17,2,0,11,0.725,95,1.0,0,0.0,0.727272727,0,0,7.272727273,2,0.9091
1,1,0,5,1,0,4,2,1,2.0,1,0.0,0,0.0,1.0,0,0,0.0,1,1.0
11,3,0,8,42,0,3,6,10,0.45,286,1.0,0,0.615384615,0.220779221,2,2,24.81818182,7,1.7273
35,4,0,3,43,595,0,3,35,2.0,200,0.0,0,0.734375,0.308571429,0,0,4.714285714,1,0.9714
7,1,0,29,58,1,3,29,3,0.666666667,190,1.0,2,0.0,0.416666667,0,0,25.42857143,1,0.7143
4,2,0,10,36,2,0,10,3,0.814814815,386,1.0,0,0.6,0.666666667,0,0,93.25,17,4.5
9,2,0,7,23,0,3,4,2,0.375,130,1.0,0,0.533333333,0.416666667,1,2,13.22222222,2,0.8889
3,2,0,3,5,3,1,2,0,2.0,18,0.0,0,0.5,0.555555556,0,0,5.0,2,1.0
2,4,0,2,4,1,0,2,2,2.0,315,0.0,0,0.976190476,1.0,0,0,156.5,1,0.5
24,2,0,11,50,0,0,11,19,0.0,171,1.0,1,0.722891566,0.199074074,1,8,6.083333333,1,0.9583
3,1,0,6,6,3,4,2,2,2.0,23,0.0,0,0.0,0.833333333,0,0,6.666666667,2,1.0
21,1,0,8,32,18,4,4,19,0.825,841,1.0,1,0.0,0.380952381,0,0,38.47619048,17,3.2857
1,4,0,28,2,0,28,0,1,2.0,5,0.0,0,1.0,1.0,0,0,4.0,0,0.0
16,2,1,26,49,50,8,19,16,0.8,320,0.666666667,1,0.666666667,0.1875,2,10,18.625,10,2.3125
3,3,0,4,6,3,1,4,2,2.0,16,0.0,0,0.971428571,0.5,1,1,4.333333333,1,0.3333
4,1,0,3,19,6,0,3,2,0.666666667,68,0.0,0,0.0,0.333333333,0,0,15.75,2,1.25
5,1,0,0,7,0,0,0,5,0.5,32,1.0,0,0.0,0.466666667,0,0,5.0,1,0.8
4,1,0,4,17,0,1,3,4,0.333333333,120,0.75,1,0.0,0.583333333,0,0,28.0,4,1.5
5,2,0,5,29,2,1,4,4,0.5625,197,1.0,0,0.935483871,0.466666667,1,7,37.6,8,2.2
3,3,0,13,17,1,1,12,2,2.0,82,0.0,0,0.818181818,0.555555556,2,7,26.33333333,3,1.6667
13,1,0,27,31,34,26,1,11,0.962962963,237,0.888888889,0,0.0,0.083333333,0,0,16.53846154,3,1.9231
24,1,3,41,29,270,30,14,23,0.913043478,138,1.0,1,0.0,0.275,0,0,4.708333333,1,0.9583
19,1,0,14,45,79,2,12,6,0.709401709,629,1.0,7,0.0,0.25,0,0,31.42105263,4,1.1053
1,1,0,0,1,0,0,0,1,2.0,17,0.0,0,0.0,1.0,0,0,0.0,1,1.0
2,1,0,4,2,1,4,0,2,2.0,2,0.0,0,0.0,0.666666667,0,0,0.0,1,1.0
1,1,0,3,1,0,3,0,0,2.0,211,0.0,0,0.0,0.0,0,0,168.0,0,0.0
10,2,0,4,14,45,2,2,10,1.111111111,67,0.333333333,0,0.272727273,0.32,0,0,5.4,1,0.8
22,1,0,21,40,225,11,20,22,0.936507937,114,1.0,3,0.0,0.181818182,0,0,4.045454545,1,0.9545
8,3,0,28,65,0,1,27,7,0.542857143,498,1.0,2,0.888888889,0.354166667,1,9,60.625,14,3.75
5,1,0,2,6,0,1,1,5,0.583333333,43,1.0,2,0.0,0.4,0,0,7.0,1,0.8
23,2,52,117,37,179,114,7,17,0.818181818,255,1.0,4,0.290322581,0.246376812,1,3,9.739130435,4,1.1739
3,2,0,4,7,0,1,3,2,0.0,27,1.0,0,0.928571429,0.666666667,1,1,7.666666667,1,0.3333
6,5,0,10,29,5,5,9,1,0.7,139,1.0,3,0.992401216,0.388888889,0,0,21.5,2,1.0
5,3,0,7,16,4,1,7,4,0.5,57,1.0,1,0.84,0.533333333,0,0,10.2,1,0.8
41,4,0,28,98,0,0,28,38,0.855555556,890,1.0,0,0.661016949,0.080593849,3,4,20.48780488,16,1.6341
6,1,0,15,32,9,1,14,2,1.0,230,0.777777778,1,0.0,0.32,0,0,35.83333333,14,2.8333
27,3,0,48,58,351,8,42,26,2.0,393,0.0,0,0.573770492,0.202020202,1,3,13.55555556,8,1.6296
3,3,0,12,17,3,0,12,1,2.0,67,0.0,0,0.945945946,0.666666667,1,3,21.33333333,1,0.6667
7,1,2,4,8,11,2,2,7,0.777777778,37,1.0,1,0.0,0.357142857,0,0,3.857142857,1,0.8571
10,2,0,11,38,13,4,8,9,0.694444444,294,0.75,1,0.829787234,0.377777778,2,3,28.0,3,1.6
14,1,3,4,27,63,3,1,11,0.743589744,148,1.0,1,0.0,0.487179487,0,0,9.357142857,6,1.4286
9,2,0,4,13,36,2,2,9,1.125,58,0.0,0,0.3,0.333333333,0,0,5.333333333,1,0.7778
13,2,0,13,44,54,1,12,4,0.708333333,222,1.0,1,0.583333333,0.305555556,1,1,15.76923077,3,1.1538
56,1,0,35,146,728,3,32,7,0.715584416,2031,0.642857143,1,0.0,0.173737374,0,0,35.01785714,14,3.2857
0,1,0,0,0,0,0,0,0,2.0,0,0.0,0,0.0,0.0,0,0,0.0,0,0.0
20,3,0,8,56,188,2,6,15,1.019736842,859,1.0,0,0.709677419,0.292857143,2,8,41.55,12,2.3
6,1,0,12,32,15,8,4,6,1.2,152,1.0,0,0.0,0.30952381,0,0,24.16666667,1,0.8333
9,2,0,13,18,30,9,4,8,0.9375,114,0.625,1,0.533333333,0.518518519,0,0,10.77777778,3,1.2222
13,1,0,0,13,78,0,0,13,2.0,13,0.0,0,0.0,0.538461538,0,0,0.0,1,1.0
6,2,0,11,24,15,4,9,5,2.0,207,0.0,0,0.882352941,0.333333333,2,2,33.5,2,0.8333
2,1,0,16,2,1,16,0,2,2.0,4,0.0,0,0.0,1.0,0,0,0.0,1,1.0
10,1,0,9,16,25,0,9,10,0.805555556,71,1.0,2,0.0,0.325,0,0,5.7,1,0.9
8,1,0,3,8,28,2,1,8,2.0,8,0.0,0,0.0,0.46875,0,0,0.0,1,1.0
9,1,0,2,32,20,2,0,8,0.625,291,1.0,0,0.0,0.301587302,0,0,31.0,8,2.4444
3,3,0,0,4,3,0,0,3,2.0,6,0.0,0,0.95,0.833333333,0,0,1.0,1,0.6667
3,1,0,3,7,0,2,1,3,0.142857143,125,0.142857143,1,0.0,0.555555556,0,0,38.33333333,3,1.6667
13,3,2,9,36,62,2,7,8,0.638888889,202,1.0,1,0.755102041,0.307692308,0,0,14.30769231,5,1.5385
4,6,0,2,21,0,0,2,2,0.555555556,242,1.0,0,0.997019374,1.0,2,4,58.0,6,2.0
7,2,0,16,43,21,1,15,7,1.166666667,682,0.0,0,0.25,0.642857143,0,0,96.28571429,1,0.8571
4,2,0,4,7,4,3,1,2,0.916666667,56,0.25,4,0.857142857,0.444444444,1,1,12.0,1,0.5
2,1,0,2,9,0,0,2,2,0.0,74,1.0,1,0.0,0.6,0,0,35.0,1,0.5
2,5,0,5,6,1,0,5,2,2.0,15,0.0,0,0.982142857,0.75,2,7,6.0,1,0.5
6,2,0,14,16,15,3,11,2,1.0,113,0.0,1,0.782608696,0.466666667,0,0,17.66666667,2,1.0
2,3,0,4,4,1,0,4,1,2.0,9,0.0,0,0.916666667,0.75,1,1,3.5,1,0.5
4,2,0,4,22,2,1,3,2,0.555555556,139,1.0,0,0.5,0.625,0,0,33.0,4,1.75
12,1,0,3,22,0,3,1,6,0.53030303,332,0.0,0,0.0,0.35,0,0,26.16666667,8,2.75
5,6,0,5,33,2,2,3,3,0.458333333,191,1.0,1,0.996240602,0.4375,2,11,36.0,8,2.6
2,1,0,1,10,1,0,1,2,2.0,42,0.0,0,0.0,0.75,0,0,20.0,4,2.0
9,1,0,4,18,0,4,1,8,1.015957447,361,0.106382979,16,0.0,0.40625,0,0,33.88888889,2,1.0
4,1,0,6,10,6,1,5,4,2.0,34,0.0,0,0.0,0.5,0,0,7.5,1,0.75
2,6,0,7,12,1,0,7,2,2.0,70,0.0,0,0.984615385,0.75,1,6,34.0,1,0.5
3,2,0,3,5,3,1,2,0,2.0,24,0.0,0,0.5,0.555555556,0,0,7.0,2,1.3333
18,1,0,0,20,3,0,0,10,0.329411765,833,1.0,0,0.0,0.685185185,0,0,45.0,8,3.1111
5,3,0,1,16,8,0,1,3,1.246296296,2125,0.0,0,0.926829268,0.333333333,0,0,397.0,2,0.8
3,1,0,5,19,1,0,5,2,0.5,89,1.0,0,0.0,0.5,0,0,28.33333333,1,0.3333
6,1,0,1,27,15,1,0,5,2.0,264,0.0,0,0.0,0.291666667,0,0,43.0,1,0.8333
12,4,0,8,24,30,0,0,12,0.8,124,1.0,0,0.858974359,0.708333333,0,0,8.916666667,1,0.9167
19,1,0,18,51,145,12,6,15,0.920634921,437,0.285714286,0,0.0,0.257309942,0,0,21.63157895,7,1.4737
3,4,0,1,4,1,0,1,2,0.5,314,0.0,0,0.976190476,1.0,0,0,103.3333333,1,0.3333
22,2,0,5,41,159,2,3,18,0.702380952,325,0.75,0,0.366666667,0.266233766,2,6,13.59090909,6,1.4545
1,1,0,8,1,0,8,0,1,2.0,1,0.0,0,0.0,1.0,0,0,0.0,1,1.0
4,3,0,8,38,0,1,8,2,0.555555556,201,1.0,0,0.913043478,0.5,0,0,48.5,1,0.5
1,1,0,5,1,0,4,1,1,2.0,1,0.0,0,0.0,1.0,0,0,0.0,1,1.0
1,1,0,5,1,0,2,3,1,2.0,1,0.0,0,0.0,1.0,0,0,0.0,1,1.0
8,4,0,0,14,0,0,0,8,0.428571429,98,1.0,0,0.833333333,0.45,0,0,10.75,1,0.5
4,3,0,6,13,0,6,1,3,1.222222222,71,0.133333333,0,0.85,0.5,1,1,13.0,1,0.75
11,1,0,3,16,55,2,1,9,2.0,456,0.0,0,0.0,0.363636364,0,0,40.45454545,6,3.5455
10,1,0,2,10,45,1,1,10,2.0,10,0.0,0,0.0,0.75,0,0,0.0,1,1.0
1,1,0,0,1,0,0,0,1,2.0,1,0.0,0,0.0,1.0,0,0,0.0,1,1.0
8,2,0,3,12,22,1,3,7,0.885714286,102,0.8,0,0.583333333,0.35,1,2,11.125,1,0.625
14,2,0,8,26,69,4,4,12,0.743589744,187,0.666666667,0,0.5,0.321428571,1,6,12.14285714,3,1.1429
9,1,0,11,43,28,0,11,6,0.6875,416,1.0,0,0.0,0.333333333,0,0,45.0,13,3.2222
82,1,0,72,318,3021,37,48,72,0.943883277,3982,0.954545455,4,0.0,0.087369421,0,0,47.29268293,13,2.1951
10,2,0,4,14,45,2,2,10,1.111111111,67,0.333333333,0,0.272727273,0.32,0,0,5.4,1,0.8
89,1,0,22,152,3486,4,20,83,0.960359408,1002,1.0,1,0.0,0.092696629,0,0,9.775280899,29,1.4831
2,5,0,4,5,1,0,4,2,2.0,12,0.0,0,0.982142857,0.75,2,7,5.0,1,0.5
19,2,0,20,31,133,6,18,18,0.644444444,170,1.0,2,0.4375,0.163157895,1,1,7.684210526,2,1.0
20,4,0,6,42,190,2,6,19,1.0,284,0.0,1,0.831858407,0.275,0,0,13.15,4,2.0
4,1,0,4,13,0,2,2,4,0.555555556,77,0.666666667,1,0.0,0.75,0,0,17.5,2,1.0
5,2,0,2,17,0,1,1,2,0.607142857,120,0.285714286,0,0.938461538,0.466666667,1,1,21.6,3,1.4
2,5,0,3,4,1,2,1,1,2.0,9,0.0,0,0.888888889,0.666666667,1,1,3.5,1,0.5
5,5,0,4,19,4,1,3,4,0.25,107,1.0,0,0.903225806,0.7,2,5,20.2,1,0.6
8,2,6,13,25,22,6,7,3,0.571428571,89,1.0,0,0.857142857,0.333333333,0,0,10.0,2,0.625
32,2,0,4,40,330,2,2,2,0.781056966,2014,0.787234043,1,0.225,0.20625,1,1,60.46875,26,4.0938
10,3,0,6,12,37,6,2,10,0.933333333,53,0.8,0,0.956097561,0.4,1,1,3.8,1,0.9
7,2,0,2,8,21,0,2,7,1.0,26,1.0,0,0.583333333,0.428571429,1,2,2.571428571,1,0.7143
1,1,0,3,1,0,3,1,1,2.0,1,0.0,0,0.0,1.0,0,0,0.0,1,1.0
5,1,0,23,23,8,14,9,2,0.5,77,1.0,0,0.0,0.4375,0,0,14.2,2,1.0
2,1,0,0,2,1,0,0,2,2.0,2,0.0,0,0.0,0.75,0,0,0.0,1,1.0
2,1,0,2,3,1,2,0,0,1.0,16,0.0,0,0.0,0.75,0,0,6.0,0,0.0
8,2,0,14,17,0,8,7,6,0.571428571,69,1.0,1,0.65,0.3,1,1,7.375,2,1.0
7,1,0,9,10,0,9,1,2,0.625,64,1.0,1,0.0,0.428571429,0,0,7.571428571,2,1.1429
61,1,0,10,77,714,6,4,60,0.629166667,1486,0.875,0,0.0,0.219262295,0,0,23.2295082,9,2.2459
22,4,0,12,64,149,0,12,18,0.863095238,464,1.0,0,0.7,0.345454545,2,3,19.72727273,1,0.9545
2,4,0,5,5,1,0,5,2,2.0,15,0.0,0,0.979591837,0.75,1,6,6.5,1,0.5
5,2,0,8,12,8,4,6,5,0.75,38,1.0,0,0.9,0.4,0,0,6.4,1,0.6
4,1,0,6,10,6,1,5,4,2.0,34,0.0,0,0.0,0.5,0,0,7.5,1,0.75
1,1,0,0,1,0,0,0,1,2.0,1,0.0,0,0.0,1.0,0,0,0.0,1,1.0
15,3,0,54,104,23,2,53,9,0.798319328,1314,1.0,8,0.811594203,0.214285714,2,3,85.46666667,14,3.1333
4,4,0,3,7,0,1,2,4,0.0,161,1.0,0,0.928571429,0.75,2,4,38.5,1,0.5
12,2,0,5,22,54,2,3,10,0.954545455,119,0.25,0,0.55,0.5,1,6,8.583333333,2,0.8333
5,1,0,2,10,0,1,2,4,0.375,60,1.0,1,0.0,0.6,0,0,10.6,2,1.2
3,4,0,2,6,3,0,2,3,2.0,17,0.0,0,0.979166667,0.666666667,0,0,4.666666667,1,0.6667
24,2,0,15,86,116,5,11,21,0.507246377,781,1.0,0,0.290322581,0.16025641,1,7,31.41666667,7,1.4167
110,1,0,13,149,5191,0,13,96,0.943807339,1853,0.666666667,8,0.0,0.11983945,0,0,15.62727273,10,1.5364
6,2,0,4,20,13,1,3,5,0.95,126,0.75,0,0.807692308,0.541666667,1,3,19.33333333,4,1.3333
12,1,0,6,32,34,6,0,9,0.690909091,346,1.0,0,0.0,0.375,0,0,27.41666667,6,1.5833
3,1,0,0,3,3,0,0,3,2.0,3,0.0,0,0.0,0.666666667,0,0,0.0,1,1.0
5,2,0,9,39,4,2,7,5,0.666666667,228,1.0,2,0.826086957,0.6,1,1,44.0,1,0.8
3,4,0,1,4,1,0,1,2,0.5,314,0.0,0,0.976190476,1.0,0,0,103.3333333,1,0.3333
5,1,0,3,9,0,1,2,5,0.666666667,64,1.0,0,0.0,0.533333333,0,0,11.2,1,0.8
3,4,0,10,16,0,2,8,3,0.75,93,0.5,1,0.96,0.555555556,2,7,29.33333333,1,0.6667
5,2,0,7,14,2,2,6,3,0.625,60,1.0,0,0.555555556,0.44,1,2,10.6,1,0.8
4,2,0,10,31,6,0,10,3,2.0,456,0.0,0,0.666666667,0.4,0,0,113.0,18,5.75
5,2,0,10,12,10,4,8,5,2.0,62,0.0,0,0.9,0.4,1,2,11.4,1,0.6
8,1,0,9,13,12,8,1,8,0.428571429,109,1.0,0,0.0,0.5,0,0,12.25,3,1.125
4,2,0,7,20,0,1,6,3,0.0,79,1.0,0,0.7,0.5,1,1,18.5,3,1.25
6,3,0,10,12,0,1,9,5,0.2,49,1.0,0,0.918032787,0.333333333,1,3,7.0,2,1.1667
7,4,1,11,48,15,2,9,3,0.333333333,282,1.0,0,0.972222222,0.5,1,1,39.14285714,1,0.8571
13,1,0,14,45,10,2,12,8,0.583333333,382,1.0,1,0.0,0.19047619,0,0,28.0,4,1.4615
3,1,0,5,9,0,0,5,3,0.0,32,0.0,1,0.0,0.666666667,0,0,9.333333333,1,0.6667
4,4,0,4,20,0,1,3,4,0.777777778,162,0.666666667,0,0.928571429,0.75,2,4,38.75,1,0.5
6,1,0,6,37,13,2,4,5,0.2,172,1.0,0,0.0,0.666666667,0,0,27.5,1,0.6667
18,2,0,5,31,91,1,4,16,0.776470588,303,0.8,0,0.423076923,0.458333333,1,6,15.55555556,2,0.8889
26,1,0,0,26,325,0,0,26,2.0,26,0.0,0,0.0,0.487179487,0,0,0.0,1,1.0
4,1,0,2,18,0,1,1,4,0.222222222,129,1.0,1,0.0,0.4375,1,1,30.5,6,2.5
17,1,3,15,66,90,4,12,6,0.791666667,630,1.0,2,0.0,0.197916667,0,0,35.88235294,14,2.4118
18,3,0,8,52,101,2,8,9,0.861344538,519,0.928571429,2,0.685185185,0.194444444,0,0,27.05555556,7,1.5
3,1,0,4,9,0,1,3,3,0.0,27,1.0,1,0.0,0.555555556,0,0,7.666666667,1,0.6667
8,5,0,33,44,0,1,33,8,0.142857143,241,1.0,1,0.933962264,0.270833333,3,4,29.0,6,1.875
18,1,0,34,19,107,34,0,18,0.382352941,170,1.0,0,0.0,0.433333333,0,0,8.333333333,2,1.2222
3,4,0,26,33,0,0,26,3,0.166666667,264,1.0,3,0.979591837,0.444444444,4,15,86.0,3,1.3333
3,3,0,5,12,0,1,5,1,0.75,59,0.5,0,0.961538462,0.555555556,2,3,18.0,1,0.6667
6,1,1,7,7,15,4,4,0,2.0,9,0.0,0,0.0,0.366666667,0,0,0.5,1,0.8333
10,2,0,0,19,0,0,0,10,0.0,86,1.0,0,0.5,0.32,1,2,7.5,1,0.9
10,1,2,6,14,19,3,4,6,0.611111111,71,1.0,2,0.0,0.325,0,0,5.9,3,1.3
8,2,0,0,10,28,0,0,8,2.0,21,0.0,0,0.65,0.46875,1,2,1.625,1,0.875
6,1,0,8,6,15,7,1,6,2.0,6,0.0,0,0.0,0.444444444,0,0,0.0,1,1.0
1,2,0,1,2,0,0,1,1,2.0,7,1.0,0,1.0,1.0,0,0,3.0,0,0.0
24,3,0,17,118,72,2,15,17,0.851449275,1066,0.916666667,1,0.616666667,0.185185185,3,4,42.91666667,6,1.7083
25,1,0,54,25,300,47,7,25,2.0,25,0.0,0,0.0,0.24,0,0,0.0,1,1.0
11,0,0,14,22,29,0,14,11,0.82,101,1.0,2,0.0,0.340909091,0,0,7.727272727,1,0.9091
5,3,0,6,15,0,1,5,5,0.375,50,1.0,1,0.862068966,0.333333333,2,6,8.6,2,1.0
25,1,0,0,29,0,0,0,24,0.388888889,629,1.0,0,0.0,0.313333333,1,1,24.04,9,2.6
6,1,0,0,6,15,0,0,6,2.0,6,0.0,0,0.0,0.75,0,0,0.0,1,1.0
18,3,2,31,62,0,23,8,16,0.617647059,396,1.0,1,0.652173913,0.215277778,1,1,20.77777778,5,1.8889
12,2,0,9,39,20,2,7,10,0.626262626,568,0.888888889,1,0.230769231,0.273809524,0,0,45.58333333,2,1.0
5,2,0,7,11,0,4,5,5,0.25,44,1.0,0,0.9,0.433333333,0,0,7.6,1,0.6
1,1,0,8,1,0,7,1,1,2.0,1,0.0,0,0.0,1.0,0,0,0.0,1,1.0
20,6,0,21,65,146,13,16,7,0.861244019,352,1.0,5,0.971385542,0.191666667,1,1,16.05,5,1.4
8,1,0,4,16,28,0,4,8,2.0,40,0.0,0,0.0,0.166666667,0,0,4.0,1,0.875
4,7,0,7,13,6,0,7,3,1.333333333,82,0.0,0,0.96,0.5,3,8,19.25,1,0.75
6,3,0,2,19,15,2,0,4,1.12,184,0.0,0,0.8125,0.5,1,1,28.83333333,14,2.8333
5,1,0,5,30,0,1,4,0,0.1875,227,0.0,0,0.0,0.3,0,0,43.6,7,2.6
22,5,1,17,73,151,4,15,14,0.848484848,618,1.0,0,0.72,0.221590909,0,0,26.59090909,7,1.6364
2,3,0,4,4,1,0,4,1,2.0,9,0.0,0,0.916666667,0.75,1,1,3.5,1,0.5
3,4,0,9,26,3,0,9,3,1.5,188,0.0,0,0.96,0.5,2,8,61.0,1,0.6667
1,1,0,5,1,0,4,1,1,2.0,1,0.0,0,0.0,1.0,0,0,0.0,1,1.0
29,1,0,0,29,406,0,0,29,2.0,29,0.0,0,0.0,0.370689655,0,0,0.0,1,1.0
19,1,0,6,42,57,2,4,19,0.666666667,154,0.0,1,0.0,0.278195489,0,0,7.0,1,0.9474
3,4,0,13,12,3,1,12,3,2.0,56,0.0,0,0.979591837,0.5,2,4,17.66666667,3,1.3333
1,1,0,3,1,0,2,1,1,2.0,1,0.0,0,0.0,1.0,0,0,0.0,1,1.0
3,2,0,1,5,3,0,1,3,2.0,12,0.0,0,0.956521739,0.666666667,1,2,3.0,1,0.3333
17,5,0,13,97,20,1,13,10,0.8125,1504,1.0,4,0.92195122,0.191176471,2,8,83.64705882,23,3.6471
1,1,0,0,1,0,0,0,1,2.0,1,0.0,0,0.0,1.0,0,0,0.0,1,1.0
3,1,0,1,30,3,0,1,2,2.0,315,0.0,0,0.0,0.333333333,0,0,104.0,1,0.6667
0,1,0,8,0,0,8,0,0,2.0,0,0.0,0,0.0,0.0,0,0,0.0,0,0.0
3,1,0,0,14,3,0,0,2,2.0,133,0.0,0,0.0,0.333333333,0,0,43.33333333,4,1.6667
5,3,10,10,16,8,10,0,3,1.24795082,4275,0.0,0,0.926829268,0.333333333,0,0,805.2,2,0.8
6,1,0,10,13,15,0,10,6,2.0,35,0.0,0,0.0,0.361111111,0,0,4.833333333,1,0.8333
5,1,2,7,20,4,3,5,5,0.5,126,1.0,0,0.0,0.44,0,0,23.8,7,2.0
19,6,0,12,60,125,11,8,7,0.916666667,336,1.0,1,0.97309417,0.197368421,3,6,16.15789474,3,1.0526
11,3,0,9,22,29,6,4,11,0.88,127,0.8,0,0.951456311,0.340909091,2,5,10.09090909,2,1.0
2,1,0,3,3,1,1,2,2,2.0,7,0.0,0,0.0,0.666666667,0,0,2.5,1,0.5
15,2,0,15,42,27,6,9,12,0.726190476,326,0.833333333,1,0.277777778,0.4,1,1,20.33333333,7,2.4667
1,1,0,6,1,0,2,4,1,2.0,1,0.0,0,0.0,1.0,0,0,0.0,1,1.0
5,3,1,11,18,0,10,1,4,0.55,387,0.4,1,0.866666667,0.4,1,1,75.4,14,4.8
5,1,0,6,9,0,5,1,5,1.192307692,84,0.0,1,0.0,0.733333333,0,0,10.6,3,1.6
3,4,0,5,24,3,0,5,1,1.5,163,1.0,0,0.960784314,1.0,2,3,53.0,11,4.0
5,4,0,10,27,2,0,10,3,0.625,146,1.0,1,0.913043478,0.36,2,5,27.8,5,2.0
8,1,0,2,8,28,1,1,8,1.142857143,10,0.0,0,0.0,0.5,0,0,0.0,1,1.0
2,6,0,9,9,1,0,9,1,2.0,27,0.0,0,0.961538462,0.666666667,1,1,12.5,1,0.5
1,1,0,5,1,0,3,2,1,2.0,1,0.0,0,0.0,1.0,0,0,0.0,1,1.0
44,3,9,18,71,766,9,9,5,0.98089701,1970,1.0,0,0.391304348,0.193181818,1,6,43.13636364,20,2.5682
9,6,1,17,34,26,15,3,8,0.708333333,142,1.0,0,0.9921875,0.375,3,15,14.44444444,3,1.2222
6,1,0,4,11,0,4,0,6,0.4,57,1.0,0,0.0,0.5,0,0,8.0,2,0.8333
9,2,0,9,23,36,9,9,0,2.0,82,0.0,0,0.529411765,0.444444444,0,0,8.111111111,1,0.8889
8,2,0,5,15,28,1,4,6,1.142857143,60,0.0,0,0.647058824,0.325,1,4,6.375,2,0.875
7,1,0,6,20,0,1,5,4,0.703703704,347,1.0,1,0.0,0.371428571,0,0,47.28571429,8,3.0
4,1,0,8,18,2,1,7,2,0.5,131,1.0,2,0.0,0.777777778,0,0,31.25,3,1.5
8,3,0,5,21,4,2,3,7,0.357142857,188,1.0,1,0.777777778,0.270833333,1,2,22.25,5,1.25
3,1,0,1,9,0,1,0,3,0.0,86,0.0,0,0.0,0.5,0,0,26.66666667,1,0.6667
14,1,0,6,14,91,6,0,14,2.0,14,0.0,0,0.0,0.375,0,0,0.0,1,1.0
5,1,0,58,10,8,58,0,3,0.3125,69,0.75,1,0.0,0.583333333,0,0,12.0,3,0.6
10,3,0,7,57,19,0,7,9,0.833333333,518,0.875,0,0.804347826,0.34,2,2,50.0,2,1.0
9,5,0,14,43,0,2,12,8,0.583333333,426,1.0,1,0.946969697,0.277777778,3,11,46.0,14,2.7778
5,2,0,6,7,4,1,5,5,0.5,22,1.0,0,0.555555556,0.325,0,0,3.2,1,0.8
5,2,0,5,13,10,5,5,4,2.0,45,0.0,0,0.692307692,0.45,0,0,8.0,1,0.8
7,1,0,6,22,11,0,6,3,0.666666667,107,0.0,1,0.0,0.375,0,0,13.85714286,2,0.8571
4,3,2,6,12,0,5,1,4,0.0,57,1.0,1,0.857142857,0.5,2,2,13.0,2,1.0
3,2,0,1,5,3,0,1,3,2.0,12,0.0,0,0.956521739,0.666666667,1,2,3.0,1,0.3333
1,1,0,126,1,0,125,1,1,2.0,1,0.0,0,0.0,1.0,0,0,0.0,1,1.0
2,4,0,6,15,1,0,6,2,2.0,73,0.0,0,0.979591837,0.75,1,6,35.5,1,0.5
5,3,0,7,23,8,3,5,2,0.875,198,0.5,1,0.904761905,0.44,0,0,38.2,2,1.2
3,4,0,1,4,1,0,1,2,1.3,875,0.0,0,0.976190476,1.0,0,0,289.0,1,0.3333
3,0,0,1,20,3,1,0,2,2.0,106,0.0,0,0.0,0.777777778,0,0,34.33333333,9,3.6667
0,1,0,1,0,0,1,0,0,2.0,0,0.0,0,0.0,0.0,0,0,0.0,0,0.0
4,1,0,7,8,6,0,7,3,2.0,22,0.0,0,0.0,0.375,0,0,4.5,1,0.75
3,6,0,4,34,1,1,3,1,0.5,370,1.0,0,0.996987952,1.0,2,4,118.0,5,2.6667
8,1,0,1,12,22,1,0,8,0.761904762,52,1.0,0,0.0,0.458333333,0,0,5.125,1,0.875
7,1,3,9,8,21,6,4,0,1.0,15,0.0,1,0.0,0.342857143,0,0,1.0,1,0.8571
4,1,0,6,25,6,0,6,3,2.0,124,0.0,0,0.0,0.5,0,0,30.0,6,2.25
4,0,2,5,24,6,2,3,1,2.0,93,0.0,0,0.0,0.4,0,0,22.25,4,1.5
5,1,0,8,6,0,7,1,0,0.35,123,0.1,3,0.0,0.466666667,0,0,21.6,2,1.0
10,3,0,9,31,15,2,7,10,0.666666667,166,1.0,1,0.769230769,0.3,1,1,15.3,3,1.4
2,3,0,0,3,1,0,0,2,2.0,229,0.0,0,0.974358974,1.0,0,0,113.5,1,0.5
5,0,1,9,20,0,3,6,3,0.0,73,1.0,0,0.0,0.5,0,0,13.4,1,0.8
2,1,0,2,2,1,1,1,2,2.0,2,0.0,0,0.0,0.666666667,0,0,0.0,1,1.0
5,1,0,0,6,6,0,0,5,0.75,24,1.0,0,0.0,0.466666667,0,0,3.4,1,0.8
25,2,0,14,39,288,5,10,20,0.854166667,204,0.5,0,0.633333333,0.246666667,1,3,7.08,1,0.88
14,7,0,24,106,69,3,24,8,0.869230769,708,1.0,2,0.98048048,0.174603175,0,0,48.85714286,9,2.2143
1,1,0,3,1,0,3,0,1,2.0,1,0.0,0,0.0,1.0,0,0,0.0,1,1.0
8,2,0,4,13,28,3,2,8,1.142857143,56,0.0,0,0.538461538,0.40625,1,2,5.75,1,0.75
7,5,0,9,26,0,5,4,7,0.666666667,263,0.0,0,0.863636364,0.342857143,2,5,36.0,8,3.0
1,1,0,22,1,0,19,3,1,2.0,1,0.0,0,0.0,1.0,0,0,0.0,1,1.0
4,1,0,12,6,6,11,3,3,1.0,15,0.0,2,0.0,0.833333333,0,0,2.25,1,0.75
8,6,0,5,25,24,3,5,8,0.857142857,74,1.0,2,0.989263804,0.625,1,1,8.0,1,0.875
28,1,0,54,49,268,50,4,28,0.562962963,732,0.8,0,0.0,0.285714286,1,1,24.96428571,9,1.4286
17,1,0,6,39,110,2,4,17,0.09375,165,1.0,1,0.0,0.344537815,0,0,8.588235294,2,1.0588
100,1,0,31,240,2870,4,30,53,0.973956432,6081,1.0,9,0.0,0.135625,0,0,58.98,11,1.48
5,2,0,3,20,0,0,3,4,0.5,138,1.0,0,0.888888889,0.5,1,1,26.2,12,4.8
7,4,0,19,38,7,0,19,5,0.458333333,275,1.0,1,0.941176471,0.285714286,3,13,37.71428571,12,3.2857
6,6,0,8,38,0,4,5,3,0.68,253,0.4,0,0.994993742,0.32,2,11,40.33333333,8,2.5
7,3,0,6,17,1,0,6,7,0.7,138,1.0,0,0.842105263,0.428571429,0,0,18.0,1,0.8571
3,1,0,9,8,1,4,5,3,0.0,26,1.0,1,0.0,0.5,0,0,7.333333333,1,0.3333
5,3,14,19,15,4,15,4,3,0.75,53,1.0,0,0.980392157,0.5,1,3,9.2,3,1.2
30,2,1,11,73,0,7,8,27,0.879310345,624,0.833333333,1,0.611111111,0.34,1,13,19.6,6,1.9333
12,1,0,2,25,0,1,1,12,0.436363636,253,1.0,0,0.0,0.395833333,0,0,19.66666667,3,1.3333
2,4,0,4,4,0,1,3,1,0.0,16,1.0,1,0.9375,0.666666667,1,1,6.5,1,0.5
24,1,0,8,51,84,3,5,16,0.673913043,451,0.833333333,3,0.0,0.183333333,0,0,17.54166667,5,1.7083
2,3,0,5,7,1,1,4,2,2.0,18,0.0,0,0.9375,0.625,0,0,8.0,1,0.5
19,1,0,1,19,171,1,0,19,2.0,19,0.0,0,0.0,0.381578947,0,0,0.0,1,1.0
3,4,0,4,11,0,0,4,3,0.0,53,1.0,0,0.962264151,0.666666667,1,1,16.33333333,1,0.6667
2,2,0,15,24,1,1,14,1,1.0,177,0.0,0,0.947368421,0.625,1,1,87.0,4,2.0
6,1,0,6,6,15,6,1,6,2.0,6,0.0,0,0.0,0.583333333,0,0,0.0,1,1.0
6,2,0,10,18,9,9,1,5,0.2,65,1.0,0,0.733333333,0.333333333,1,1,9.666666667,3,1.1667
13,4,3,13,19,64,5,8,13,0.854166667,107,1.0,1,0.878787879,0.230769231,2,3,6.923076923,6,1.4615
4,1,0,1,16,0,1,0,4,0.444444444,77,1.0,0,0.0,0.625,0,0,17.5,2,1.25
3,2,4,9,11,3,6,7,3,2.0,46,0.0,0,0.916666667,0.666666667,0,0,14.33333333,6,2.0
105,1,0,55,321,4900,40,51,22,0.959880637,2443,0.965517241,5,0.0,0.072380952,0,0,21.99047619,6,1.5238
15,2,0,6,39,49,3,4,13,0.75,369,0.5,0,0.47826087,0.516666667,1,6,23.46666667,2,1.2667
9,1,2,10,16,0,9,1,9,0.5,86,1.0,0,0.0,0.703703704,0,0,8.333333333,2,1.1111
9,2,0,5,13,36,2,3,9,1.125,59,0.0,0,0.3,0.259259259,0,0,5.333333333,1,0.7778
2,8,0,5,3,1,3,2,2,2.0,13,0.0,0,1.0,0.75,0,0,5.5,0,0.0
2,2,0,4,3,1,1,3,1,2.0,6,0.0,0,0.9,0.75,0,0,2.0,1,0.5
30,1,3,18,60,257,13,5,16,0.95841785,671,1.0,14,0.0,0.2,0,0,20.23333333,3,1.1333
9,4,0,3,12,36,0,3,9,2.0,50,0.0,0,0.911111111,0.555555556,1,5,4.555555556,1,0.8889
1,1,0,5,1,0,4,1,1,2.0,1,0.0,0,0.0,1.0,0,0,0.0,1,1.0
75,2,1,56,171,2573,15,44,61,0.9306698,1510,1.0,8,0.164705882,0.069256757,1,1,18.82666667,7,1.36
2,2,0,4,4,1,1,3,2,2.0,10,0.0,0,0.666666667,0.666666667,0,0,4.0,1,0.5
3,5,0,2,6,3,1,1,3,1.5,17,1.0,0,1.0,0.777777778,0,0,4.333333333,0,0.0
6,3,0,8,37,3,1,8,4,0.666666667,151,1.0,1,0.75,0.305555556,1,1,23.66666667,1,0.8333
7,5,0,5,18,0,1,4,7,0.0,115,0.0,0,0.978417266,0.285714286,3,14,15.28571429,1,0.4286
18,1,0,5,49,87,1,4,13,0.694117647,317,1.0,0,0.0,0.317647059,0,0,16.33333333,5,1.2778
24,1,0,44,24,276,37,7,24,2.0,24,0.0,0,0.0,0.244047619,0,0,0.0,1,1.0
5,4,0,3,20,4,1,2,4,0.833333333,168,0.666666667,0,0.896551724,0.466666667,2,4,32.0,1,0.6
1,2,1,3,2,0,2,1,1,2.0,4,0.0,0,1.0,1.0,0,0,3.0,0,0.0
17,1,0,9,61,0,1,9,16,0.75,283,1.0,2,0.0,0.22875817,0,0,15.35294118,8,1.3529
11,1,0,2,16,35,1,2,11,0.6,52,1.0,1,0.0,0.424242424,0,0,3.636363636,1,0.9091
3,2,0,4,19,0,1,3,3,0.0,57,1.0,0,0.714285714,0.5,0,0,17.66666667,2,1.0
2,2,0,7,6,1,1,6,1,2.0,28,0.0,0,0.947368421,0.625,1,1,13.0,1,0.5
3,3,0,3,13,3,0,3,3,2.0,170,0.0,0,0.666666667,0.444444444,0,0,55.66666667,3,1.3333
8,5,0,16,67,28,1,15,6,2.0,551,0.0,0,0.888888889,0.475,3,8,67.875,1,0.875
20,1,0,9,40,122,3,7,16,0.84962406,275,1.0,0,0.0,0.33,0,0,12.4,9,1.45
6,2,0,5,14,0,2,3,1,0.2,154,1.0,2,0.615384615,0.416666667,1,2,24.33333333,1,0.8333
5,1,0,6,26,0,4,3,5,0.25,288,1.0,0,0.0,0.6,0,0,56.2,9,4.2
2,2,0,7,6,1,1,6,1,2.0,36,0.0,0,0.947368421,0.625,1,1,17.0,1,0.5
16,2,0,13,60,34,4,9,9,0.866666667,483,0.375,0,0.464285714,0.258928571,0,0,28.6875,8,2.4375
30,1,0,10,38,0,8,2,29,0.816696915,1224,1.0,2,0.0,0.333333333,0,0,39.16666667,6,2.8667
2,3,0,4,6,0,0,4,2,0.0,35,1.0,1,0.8,0.75,0,0,16.0,1,0.5
12,1,0,12,41,0,10,2,9,0.666666667,275,0.0,0,0.0,0.090909091,0,0,21.66666667,6,2.25
2,3,0,0,3,1,0,0,2,2.0,7,0.0,0,0.909090909,0.75,1,1,2.5,1,0.5
85,3,0,0,181,0,0,0,85,0.5,2890,0.5,0,0.514450867,0.075456389,2,20,32.97647059,1,0.9882
4,2,0,6,12,0,2,4,4,0.0,35,1.0,0,0.5,0.5,1,1,7.5,1,0.75
3,1,0,4,4,3,1,3,3,2.0,7,0.0,0,0.0,0.833333333,0,0,1.333333333,1,0.6667
7,2,0,7,27,15,1,6,6,0.75,380,1.0,1,0.444444444,0.333333333,1,1,52.14285714,1,0.7143
17,2,0,30,51,86,8,23,14,0.729166667,257,0.666666667,0,0.6875,0.22875817,2,3,13.94117647,2,1.1176
4,3,0,6,15,6,1,5,4,2.0,39,0.0,0,0.959459459,0.5,2,12,8.75,1,0.75
42,1,0,3,68,375,1,2,29,0.780487805,2044,1.0,0,0.0,0.226480836,0,0,47.38095238,33,3.1429
1,1,0,0,1,0,0,0,1,2.0,1,0.0,0,0.0,1.0,0,0,0.0,1,1.0
13,1,0,2,23,0,1,1,10,0.229166667,498,1.0,0,0.0,0.371794872,0,0,37.0,4,2.0
11,2,0,7,30,25,3,6,9,0.833333333,198,1.0,0,0.615384615,0.386363636,1,2,16.72727273,4,1.8182
28,3,0,6,80,272,0,6,12,0.928104575,777,1.0,1,0.587301587,0.290123457,1,1,26.14285714,27,2.5357
4,1,0,2,11,4,1,2,3,0.666666667,58,1.0,0,0.0,0.333333333,0,0,13.25,4,2.0
3,4,0,5,7,3,1,5,2,2.0,38,0.0,0,0.923076923,0.5,1,1,11.66666667,4,1.6667
3,1,0,3,8,0,1,2,3,0.5,29,0.0,0,0.0,0.666666667,0,0,8.0,1,0.6667
15,2,0,10,32,81,1,9,15,0.535714286,119,1.0,1,0.176470588,0.177777778,0,0,6.8,1,0.9333
12,1,0,3,25,0,2,1,0,0.436363636,218,1.0,0,0.0,0.395833333,0,0,16.75,3,1.3333
8,1,0,0,8,28,0,0,8,2.0,8,0.0,0,0.0,0.75,0,0,0.0,1,1.0
2,1,0,6,14,1,1,5,2,2.0,49,0.0,0,0.0,0.5,0,0,23.5,1,0.5
1,5,0,2,6,0,1,1,1,2.0,14,1.0,0,1.0,1.0,0,0,12.0,0,0.0
3,1,0,2,3,3,2,0,3,2.0,3,0.0,0,0.0,1.0,0,0,0.0,1,1.0
8,2,1,11,37,0,7,5,6,0.357142857,278,1.0,0,0.823529412,0.375,1,1,33.5,6,1.625
23,2,0,19,33,217,4,18,23,0.636363636,247,1.0,3,0.511111111,0.241545894,1,2,9.608695652,2,1.0
21,1,1,5,23,0,5,0,21,0.3375,516,1.0,0,0.0,0.5,0,0,23.38095238,4,1.7143
11,1,0,0,11,55,0,0,11,2.0,11,0.0,0,0.0,0.515151515,0,0,0.0,1,1.0
18,1,0,17,36,113,16,1,16,0.919504644,442,0.421052632,14,0.0,0.132352941,1,1,22.5,3,1.5
5,2,0,4,9,8,1,3,4,0.25,34,1.0,0,0.571428571,0.4,1,2,5.6,2,0.8
1,2,0,3,2,0,1,2,1,2.0,5,0.0,0,1.0,1.0,0,0,4.0,0,0.0
3,3,0,12,29,3,0,12,3,2.0,151,0.0,0,0.777777778,0.555555556,0,0,49.33333333,9,3.3333
16,2,0,3,24,106,1,2,11,0.333333333,151,1.0,1,0.558823529,0.5,1,6,8.25,2,1.0625
6,1,0,6,26,15,6,1,6,2.0,193,0.0,0,0.0,0.233333333,0,0,31.16666667,5,2.3333
11,2,0,5,21,49,2,3,9,0.85,106,0.5,0,0.578947368,0.522727273,1,6,8.454545455,2,0.8182
4,2,0,4,8,4,0,4,3,0.666666667,31,0.0,1,0.666666667,0.444444444,0,0,6.5,1,0.5
8,6,0,6,42,10,4,4,4,0.571428571,207,1.0,1,0.99086758,0.291666667,2,2,24.375,2,1.0
8,2,0,6,25,0,1,5,8,0.485714286,183,1.0,2,0.65,0.34375,1,5,21.25,6,1.625
3,3,0,8,12,3,0,8,2,2.0,39,0.0,0,0.944444444,0.666666667,1,1,12.0,1,0.6667
7,1,0,0,48,21,0,0,3,2.0,334,0.0,0,0.0,0.257142857,0,0,46.71428571,3,1.2857
20,2,0,15,52,86,5,14,9,0.669172932,449,1.0,3,0.32,0.223684211,1,3,21.1,6,1.75
11,1,1,2,20,53,2,1,0,0.9,90,1.0,0,0.0,0.4,0,0,7.090909091,2,0.9091
5,1,0,7,17,2,1,6,4,0.625,68,1.0,1,0.0,0.4375,0,0,12.2,5,1.4
18,1,0,27,62,119,3,27,6,0.745098039,356,1.0,2,0.0,0.235294118,0,0,18.61111111,6,1.6111
13,2,0,1,20,30,1,1,9,0.805555556,115,1.0,0,0.571428571,0.269230769,0,0,7.384615385,2,1.0769
4,2,0,1,15,0,0,1,4,0.833333333,62,0.0,0,0.571428571,0.5,1,4,14.0,3,1.5
8,3,0,8,25,14,1,7,8,0.714285714,157,1.0,1,0.840909091,0.375,0,0,18.25,2,1.125
12,1,0,0,24,0,0,0,12,0.303030303,178,0.0,0,0.0,0.4375,0,0,13.58333333,2,1.25
4,0,0,10,17,2,1,9,3,0.666666667,71,1.0,2,0.0,0.833333333,0,0,16.0,1,0.5
5,0,2,9,22,10,2,7,1,2.0,145,0.0,0,0.0,0.5,0,0,28.0,4,1.8
13,1,2,4,44,70,2,2,9,0.833333333,208,1.0,0,0.0,0.5625,0,0,14.84615385,1,0.8462
53,3,0,6,139,1188,5,3,50,0.834134615,1625,1.0,1,0.395061728,0.102272727,0,0,29.50943396,7,2.5094
16,1,1,8,31,112,2,6,12,0.8,150,1.0,2,0.0,0.266666667,0,0,8.125,3,1.25
1,5,3,7,2,0,6,1,0,2.0,4,0.0,0,1.0,1.0,0,0,3.0,0,0.0
2,1,0,7,16,0,1,6,1,0.0,134,1.0,1,0.0,0.583333333,0,0,65.0,1,0.5
5,1,0,10,37,0,3,9,1,0.5,203,0.0,0,0.0,0.36,0,0,39.2,1,0.8
28,1,0,6,49,298,4,3,28,0.907407407,271,1.0,0,0.0,0.1875,0,0,8.25,9,1.4643
4,1,0,0,4,6,0,0,4,2.0,4,0.0,0,0.0,0.75,0,0,0.0,1,1.0
7,1,0,28,16,9,28,1,6,1.0,91,0.75,0,0.0,0.333333333,0,0,11.42857143,3,1.2857
1,1,0,9,1,0,9,0,1,2.0,1,0.0,0,0.0,1.0,0,0,0.0,1,1.0
8,1,0,5,12,24,3,3,7,0.714285714,68,1.0,0,0.0,0.541666667,0,0,7.25,2,1.25
2,4,0,5,7,1,0,5,2,2.0,15,0.0,0,0.979591837,0.75,1,6,6.5,1,0.5
3,2,0,1,5,3,0,1,3,2.0,12,0.0,0,0.956521739,0.666666667,1,2,3.0,1,0.3333
1,1,0,36,1,0,35,1,1,2.0,1,0.0,0,0.0,1.0,0,0,0.0,1,1.0
5,3,3,3,7,4,3,0,5,0.5,29,1.0,0,0.944444444,0.6,0,0,4.6,1,0.2
19,3,0,16,26,157,4,15,18,0.944444444,111,1.0,0,0.642857143,0.215277778,1,1,4.526315789,1,0.7895
4,3,0,6,16,0,1,6,1,0.666666667,82,0.5,0,0.96,0.5,2,8,19.0,3,1.25
6,1,0,4,7,0,3,1,6,0.133333333,118,1.0,0,0.0,0.5,0,0,18.16666667,4,2.0
6,1,0,35,101,3,2,33,3,0.6,550,1.0,0,0.0,0.371428571,0,0,90.33333333,7,1.6667
35,1,0,172,35,595,162,14,35,2.0,35,0.0,0,0.0,0.147619048,0,0,0.0,1,1.0
12,3,0,40,49,0,1,39,11,0.333333333,836,1.0,2,0.865853659,0.238095238,2,8,68.41666667,18,3.25
19,1,0,2,73,161,1,1,5,0.983333333,2178,0.2,0,0.0,0.25308642,0,0,113.1052632,9,3.5789
1,1,0,0,2,0,0,0,1,2.0,4,0.0,0,0.0,1.0,0,0,3.0,0,0.0
57,2,0,18,87,1362,17,7,17,0.927083333,1806,1.0,1,0.25,0.265306122,1,7,30.47368421,19,2.5263
18,2,0,7,35,0,3,4,15,0.638655462,315,1.0,0,0.523809524,0.263888889,1,1,16.11111111,3,0.7778
5,2,0,5,12,0,1,4,4,0.0,34,0.0,0,0.75,0.4,0,0,5.6,1,0.8
5,1,0,10,16,0,1,9,2,0.75,238,0.142857143,6,0.0,0.416666667,0,0,43.8,1,0.6
7,3,0,9,16,9,1,8,6,0.5,55,1.0,1,0.97029703,0.314285714,2,5,6.714285714,2,1.0
1,1,0,3,1,0,2,1,1,2.0,1,0.0,0,0.0,1.0,0,0,0.0,1,1.0
2,3,0,4,5,1,1,3,2,2.0,21,0.0,0,0.8,0.75,0,0,9.5,1,0.5
13,2,0,8,32,52,1,7,11,0.638888889,201,1.0,2,0.533333333,0.321428571,0,0,14.23076923,1,0.5385
5,1,0,0,11,0,0,0,3,0.0,86,0.0,0,0.0,0.666666667,0,0,16.0,3,1.6
82,1,2,5,83,3321,2,3,81,1.012345679,269,1.0,0,0.0,0.097560976,0,0,2.268292683,1,0.9878
3,2,0,3,6,3,0,3,3,2.0,17,0.0,0,0.965517241,0.533333333,0,0,4.666666667,1,0.3333
2,1,0,3,10,1,0,3,2,2.0,20,0.0,0,0.0,0.5,0,0,9.0,1,0.5
3,2,0,1,18,0,0,1,1,1.242424242,274,1.0,0,0.888888889,0.5,1,3,79.33333333,12,5.6667
4,3,0,6,28,0,1,6,1,0.666666667,179,0.5,0,0.947368421,0.5,2,13,43.25,8,2.5
15,2,0,10,30,79,3,9,13,0.892857143,129,1.0,0,0.657142857,0.314285714,0,0,7.2,4,1.0
1,2,0,3,2,0,1,2,1,2.0,5,0.0,0,1.0,1.0,0,0,4.0,0,0.0
9,1,0,6,18,0,2,0,9,0.5,65,0.5,2,0.0,0.407407407,0,0,6.0,1,0.8889
5,3,0,5,13,0,1,5,1,0.75,59,0.5,0,0.921568627,0.466666667,2,6,10.4,1,0.8
18,3,0,10,49,115,1,9,14,0.836601307,397,1.0,3,0.685185185,0.333333333,0,0,20.55555556,6,1.8333
0,1,0,0,0,0,0,0,0,2.0,0,0.0,0,0.0,0.0,0,0,0.0,0,0.0
17,2,0,6,28,90,2,4,15,0.78125,232,0.833333333,0,0.423076923,0.305882353,1,4,12.29411765,2,0.9412
4,1,0,2,4,6,1,1,4,2.0,4,0.0,0,0.0,0.75,0,0,0.0,1,1.0
1,1,0,6,1,0,5,1,1,2.0,1,0.0,0,0.0,1.0,0,0,0.0,1,1.0
5,4,0,5,12,0,5,0,5,0.0,53,1.0,0,0.944444444,0.6,1,1,9.4,1,0.2
4,8,0,10,15,2,2,8,3,0.333333333,97,1.0,1,0.978571429,0.4375,2,2,22.75,4,1.5
4,2,0,11,20,6,1,10,1,1.0,290,0.0,0,0.85,0.45,1,1,71.25,4,2.25
52,1,3,31,121,1214,6,28,45,0.786096257,737,1.0,2,0.0,0.106617647,0,0,12.96153846,7,1.0962
8,4,0,11,28,16,6,8,8,0.857142857,112,0.0,1,0.966507177,0.3,2,4,12.75,3,1.125
1,1,0,8,1,0,7,1,1,2.0,1,0.0,0,0.0,1.0,0,0,0.0,1,1.0
2,1,0,4,12,1,1,3,2,2.0,52,0.0,0,0.0,0.666666667,0,0,25.0,3,1.5
2,2,0,10,10,1,1,9,2,2.0,41,0.0,0,0.944444444,0.625,1,1,19.5,1,0.5
5,1,0,3,19,2,0,3,3,0.666666667,157,1.0,1,0.0,0.333333333,0,0,29.8,3,1.0
4,1,0,4,8,4,0,4,3,0.666666667,45,1.0,1,0.0,0.555555556,0,0,10.0,1,0.5
30,4,4,16,79,57,10,9,24,0.735632184,683,0.666666667,1,0.738317757,0.333333333,2,14,21.66666667,11,2.7333
12,2,0,8,29,26,1,7,7,0.609090909,461,1.0,3,0.444444444,0.305555556,1,3,36.58333333,2,1.0833
7,3,0,8,13,19,2,7,5,0.5,59,1.0,0,0.871794872,0.464285714,1,1,7.285714286,2,0.8571
5,4,0,18,22,4,0,18,5,0.25,126,1.0,2,0.96,0.4,3,14,23.8,1,0.8
2,1,0,0,2,1,0,0,2,2.0,2,0.0,0,0.0,1.0,0,0,0.0,1,1.0
41,2,0,13,77,280,2,11,35,0.903947368,1231,1.0,10,0.487179487,0.306620209,1,7,28.56097561,3,1.1951
6,2,0,9,28,0,1,8,6,0.0,147,1.0,1,0.705882353,0.333333333,2,3,23.33333333,4,1.5
8,1,0,13,22,12,7,6,6,0.761904762,313,0.333333333,2,0.0,0.357142857,0,0,37.75,9,3.875
21,1,0,15,49,82,14,5,9,0.85625,658,0.6875,5,0.0,0.169312169,0,0,29.57142857,14,3.1905
1,1,0,6,1,0,5,1,1,2.0,1,0.0,0,0.0,1.0,0,0,0.0,1,1.0
3,5,0,4,9,0,1,4,1,0.75,44,0.5,0,0.969230769,0.555555556,3,11,13.0,2,1.0
8,6,0,7,31,16,0,7,4,0.80952381,147,1.0,1,0.9625,0.357142857,3,9,17.0,2,0.875
2,1,0,1,22,1,1,0,2,2.0,145,0.0,0,0.0,0.5,0,0,71.5,8,4.0
3,1,0,2,9,1,2,0,2,1.0,67,0.0,0,0.0,0.5,0,0,19.0,1,0.3333
49,3,2,42,100,1176,33,12,46,1.0,740,0.0,1,0.606837607,0.122222222,3,21,14.08163265,16,1.8571
6,2,0,6,9,13,4,4,5,0.8,28,1.0,0,0.9,0.4,0,0,3.5,1,0.5
23,1,0,20,93,105,9,17,10,0.857575758,700,0.8,3,0.0,0.217391304,0,0,28.7826087,8,2.087
2,5,0,4,24,0,2,2,0,0.333333333,148,1.0,1,0.998470948,0.75,0,0,71.5,4,2.0
3,5,0,4,8,0,1,3,3,0.5,32,1.0,2,0.894736842,0.555555556,0,0,9.0,1,0.6667
3,3,0,5,9,0,1,4,3,0.833333333,40,0.666666667,2,0.875,0.5,0,0,11.33333333,1,0.6667
64,1,1,34,151,1520,1,33,40,0.893046107,3329,0.595238095,12,0.0,0.112169312,0,0,50.359375,23,2.4844
10,2,0,9,54,1,1,8,5,0.777777778,470,0.666666667,2,0.578947368,0.253968254,2,2,44.8,6,1.3
13,2,0,7,31,52,2,5,11,0.722222222,206,0.666666667,0,0.5,0.269230769,1,4,14.61538462,2,1.1538
3,1,0,16,34,3,3,13,2,1.041666667,461,0.083333333,0,0.0,0.666666667,0,0,148.6666667,4,2.0
5,3,0,9,44,8,1,8,3,0.625,298,1.0,0,0.842105263,0.542857143,1,1,57.8,1,0.6
4,1,0,2,17,6,2,0,4,2.0,147,0.0,0,0.0,0.333333333,0,0,35.75,1,0.75
28,4,5,23,45,348,6,23,28,0.037037037,204,1.0,0,0.564516129,0.079192547,0,0,6.25,4,1.2143
9,1,0,6,14,24,5,1,9,0.65625,105,1.0,1,0.0,0.311111111,1,1,10.22222222,2,0.8889
12,2,0,6,18,54,4,2,8,0.924242424,222,1.0,1,0.230769231,0.3125,1,2,17.0,5,1.3333
5,3,0,7,16,0,1,7,2,0.25,56,1.0,0,0.846153846,0.5,1,1,10.0,1,0.8
25,1,0,6,26,276,5,1,25,0.958333333,136,1.0,1,0.0,0.246666667,0,0,3.96,1,0.96
5,3,0,3,18,0,2,1,4,0.55,387,0.4,1,0.866666667,0.4,1,1,75.4,14,4.8
2,2,0,9,7,1,1,8,1,1.0,29,0.0,0,0.947368421,0.625,1,1,13.0,1,0.5
1,1,0,5,1,0,4,1,1,2.0,1,0.0,0,0.0,1.0,0,0,0.0,1,1.0
17,3,2,9,36,14,3,6,14,0.546875,272,1.0,0,0.723404255,0.333333333,1,11,14.76470588,2,0.9412
12,3,0,11,27,44,1,10,8,0.727272727,124,1.0,2,0.571428571,0.233766234,1,1,9.0,3,0.9167
7,6,0,11,56,13,1,11,1,0.784313725,522,0.941176471,2,0.992581602,0.5,2,4,71.14285714,7,2.8571
8,4,0,7,35,4,0,7,7,0.714285714,265,1.0,0,0.917647059,0.46875,3,3,31.375,5,1.375
7,1,2,9,10,15,4,5,4,0.583333333,81,1.0,2,0.0,0.457142857,0,0,10.28571429,3,1.4286
4,1,1,1,9,0,1,0,4,0.0,27,1.0,0,0.0,1.0,0,0,5.5,1,0.75
4,2,0,5,7,4,4,1,2,0.888888889,45,0.333333333,3,0.857142857,0.444444444,1,1,9.5,1,0.5
8,5,0,11,15,18,1,10,7,0.961038961,120,1.0,0,0.958333333,0.476190476,1,2,12.625,1,0.75
76,1,0,120,177,2446,114,12,63,0.969462366,1776,0.612903226,3,0.0,0.118518519,0,0,21.96052632,5,1.3289
5,2,1,9,24,4,2,7,3,0.25,124,1.0,1,0.571428571,0.457142857,0,0,23.6,2,0.8
78,2,0,168,143,2203,152,21,76,0.93452381,1065,0.791666667,13,0.2,0.06993007,0,0,12.34615385,5,1.2821
3,1,0,4,5,3,0,4,3,2.0,18,0.0,0,0.0,0.833333333,0,0,5.0,1,0.6667
6,1,0,3,16,0,1,2,4,0.0,62,1.0,0,0.0,0.6,0,0,9.166666667,3,1.3333
2,4,0,1,3,1,0,1,2,2.0,870,0.0,0,0.976190476,1.0,0,0,432.0,1,0.5
3,1,0,4,19,1,0,4,2,0.5,89,1.0,0,0.0,0.5,0,0,28.33333333,1,0.3333
7,2,0,11,21,17,6,5,6,0.666666667,90,1.0,0,0.375,0.375,0,0,11.57142857,2,1.0
5,1,0,2,17,4,1,1,3,0.5,133,1.0,0,0.0,0.433333333,0,0,24.8,3,2.0
5,1,0,0,7,2,0,0,5,0.625,29,0.5,0,0.0,0.466666667,0,0,4.4,1,0.8
20,2,0,8,43,82,3,6,16,0.837320574,334,0.181818182,1,0.514285714,0.2,1,2,15.15,6,1.35
0,1,0,0,0,0,0,0,0,2.0,4,0.0,0,0.0,0.0,0,0,0.0,0,0.0
2,2,0,7,9,1,0,7,2,2.0,39,0.0,0,1.0,0.75,0,0,18.5,0,0.0
3,2,1,31,28,3,22,29,3,2.0,226,0.0,0,0.989130435,0.761904762,0,0,74.33333333,5,1.6667
12,1,0,2,42,0,1,1,12,0.386363636,236,1.0,0,0.0,0.444444444,0,0,18.33333333,4,1.5833
6,5,0,27,27,15,1,26,4,2.0,229,0.0,0,0.97706422,0.533333333,2,4,37.16666667,7,1.8333
7,1,0,2,26,17,0,2,2,0.666666667,131,0.0,1,0.0,0.277777778,0,0,17.42857143,2,1.0
2,1,0,5,2,1,5,0,2,2.0,2,0.0,0,0.0,0.75,0,0,0.0,1,1.0
9,2,0,5,22,2,2,4,8,0.666666667,202,0.166666667,1,0.538461538,0.333333333,1,2,20.77777778,2,0.8889
7,2,0,1,13,0,1,0,7,0.0,65,1.0,0,0.684210526,0.342857143,1,2,8.142857143,1,0.8571
19,1,0,20,19,171,11,9,19,2.0,19,0.0,0,0.0,0.149122807,0,0,0.0,1,1.0
22,4,0,16,72,165,1,16,16,0.904761905,675,1.0,1,0.787878788,0.227272727,3,3,29.04545455,4,1.2273
1,1,0,4,1,0,4,0,1,2.0,1,0.0,0,0.0,1.0,0,0,0.0,1,1.0
14,2,0,7,35,37,4,4,11,0.760683761,304,1.0,1,0.824324324,0.224489796,0,0,20.07142857,8,1.7143
4,3,2,4,8,4,2,2,2,0.857142857,122,1.0,0,0.5,0.583333333,0,0,27.75,1,0.75
3,5,0,5,14,3,4,2,3,2.0,52,0.0,0,0.96875,0.555555556,1,1,16.33333333,3,1.6667
3,2,0,9,28,0,1,9,2,0.571428571,177,0.857142857,3,0.75,0.428571429,0,0,55.66666667,2,1.0
16,3,0,17,88,56,3,15,10,0.848484848,595,0.909090909,1,0.5,0.257142857,2,2,35.5,9,2.125
2,2,0,7,6,0,1,6,2,0.0,23,1.0,1,0.923076923,0.625,0,0,10.0,2,1.0
18,1,1,6,28,47,5,1,18,0.720588235,357,1.0,1,0.0,0.179012346,0,0,18.38888889,3,1.7778
13,1,0,7,33,26,5,2,12,0.604166667,261,1.0,0,0.0,0.252747253,0,0,18.76923077,7,1.4615
7,3,0,10,19,13,1,10,5,0.777777778,75,1.0,1,0.875,0.333333333,1,1,9.285714286,1,0.7143
1,3,0,1,9,0,0,1,1,2.0,27,0.0,0,1.0,1.0,0,0,26.0,0,0.0
12,4,1,16,48,18,2,14,9,0.727272727,334,0.666666667,2,0.948356808,0.229166667,2,6,26.58333333,4,1.1667
4,1,0,8,8,4,1,7,2,0.666666667,32,1.0,1,0.0,0.5,0,0,6.75,2,0.75
2,3,0,0,3,1,0,0,2,2.0,1243,0.0,0,0.974358974,1.0,0,0,620.5,1,0.5
7,1,0,8,17,9,3,5,5,0.5,139,1.0,0,0.0,0.566666667,0,0,17.85714286,5,1.8571
5,1,0,8,6,0,8,0,0,0.125,100,0.0,0,0.0,0.55,0,0,18.2,1,0.4
2,1,0,8,2,1,7,1,2,2.0,7,0.0,0,0.0,0.625,0,0,0.0,1,1.0
15,2,0,11,39,0,1,0,15,0.547619048,217,1.0,2,0.735849057,0.222222222,1,2,13.26666667,3,1.2
18,2,1,10,40,67,8,4,16,0.911764706,283,0.833333333,0,0.733333333,0.361111111,1,9,14.38888889,6,1.5556
34,4,0,10,92,39,0,10,29,0.723484848,710,1.0,2,0.643678161,0.148484848,3,4,19.64705882,5,1.9118
5,3,2,18,16,8,18,0,3,1.24375,1199,0.0,0,0.926829268,0.333333333,0,0,222.8,2,0.8
5,2,0,9,10,10,5,6,5,2.0,53,0.0,0,0.909090909,0.4,1,1,9.6,1,0.6
6,1,0,7,12,0,1,6,6,0.766666667,246,1.0,2,0.0,0.416666667,0,0,39.0,13,3.5
4,3,0,1,15,6,0,1,3,1.333333333,1166,0.0,0,0.926829268,0.333333333,0,0,271.25,2,1.0
18,1,0,13,20,3,13,0,11,0.294117647,860,1.0,0,0.0,0.916666667,0,0,46.38888889,8,3.1111
9,1,0,7,15,36,0,7,9,2.0,84,0.0,0,0.0,0.333333333,0,0,8.333333333,1,0.8889
12,1,0,4,12,66,4,0,12,2.0,12,0.0,0,0.0,0.583333333,0,0,0.0,1,1.0
2,4,0,8,11,1,0,8,2,2.0,45,0.0,0,0.979591837,0.75,1,6,21.0,1,0.5
2,4,1,2,4,1,1,1,1,2.0,9,0.0,0,0.857142857,0.666666667,1,1,3.5,1,0.5
10,2,0,4,18,33,2,3,9,0.866666667,89,0.6,0,0.5,0.283333333,1,2,7.4,1,0.7
6,1,0,11,6,15,11,0,6,2.0,6,0.0,0,0.0,0.375,0,0,0.0,1,1.0
12,1,0,7,28,16,6,2,10,0.545454545,258,1.0,1,0.0,0.270833333,0,0,20.16666667,5,1.8333
7,1,0,3,9,11,3,0,7,0.611111111,43,1.0,0,0.0,0.523809524,0,0,4.714285714,1,0.8571
5,2,0,11,41,6,0,11,3,0.846153846,423,0.923076923,0,0.25,0.416666667,0,0,81.0,17,3.8
2,2,0,11,11,1,5,6,1,2.0,53,0.0,0,0.944444444,0.625,0,0,25.5,1,0.5
6,3,0,9,14,11,3,8,3,0.8,44,1.0,0,0.851851852,0.4,1,1,6.0,1,0.6667
4,1,0,1,8,6,0,1,4,2.0,36,0.0,0,0.0,0.875,0,0,8.0,2,1.0
19,1,0,10,85,171,8,2,12,2.0,720,0.0,0,0.0,0.276315789,0,0,36.89473684,11,2.6316
2,4,0,5,7,1,0,5,2,2.0,614,0.0,0,0.976190476,1.0,0,0,306.0,1,0.5
2,1,0,1,17,1,0,1,2,2.0,127,1.0,0,0.0,0.5,0,0,62.0,6,3.0
9,2,0,2,15,0,1,1,9,0.625,788,1.0,0,0.619047619,0.311111111,1,2,85.88888889,1,0.8889
2,0,0,3,6,1,0,3,2,2.0,14,0.0,0,0.0,0.666666667,0,0,6.0,1,0.5
17,1,0,6,42,134,5,1,14,0.9375,936,1.0,1,0.0,0.208333333,0,0,54.0,47,6.8824
64,2,2,28,127,1836,12,25,50,0.883876358,1188,1.0,2,0.273809524,0.096119929,0,0,17.265625,6,1.2031
6,1,0,4,6,15,4,0,6,2.0,6,0.0,0,0.0,0.75,0,0,0.0,1,1.0
2,3,0,0,3,1,0,0,2,2.0,1243,0.0,0,0.974358974,1.0,0,0,620.5,1,0.5
3,2,0,2,14,0,1,1,3,0.0,42,1.0,0,0.666666667,0.555555556,0,0,12.66666667,1,0.6667
54,1,0,34,183,89,4,30,45,0.878216123,1831,0.727272727,4,0.0,0.140161725,0,0,32.7037037,32,2.2963
15,3,0,5,22,71,1,5,13,0.785714286,113,1.0,0,0.638888889,0.35,2,6,6.333333333,2,0.9333
11,3,0,9,30,11,1,9,9,0.35,132,1.0,2,0.813953488,0.257575758,1,2,10.81818182,1,0.7273
3,1,0,10,4,0,10,1,3,0.5,20,1.0,1,0.0,0.555555556,0,0,5.0,1,0.6667
11,1,1,2,20,53,2,1,0,0.9,90,1.0,0,0.0,0.4,0,0,7.090909091,2,0.9091
9,1,0,2,17,2,1,1,6,0.678571429,236,1.0,0,0.0,1.0,0,0,24.44444444,5,2.8889
3,3,0,7,7,3,2,5,3,1.5,26,0.0,0,0.953488372,0.555555556,1,1,7.333333333,1,0.6667
3,3,0,4,14,1,0,4,2,0.5,37,1.0,1,0.965517241,0.555555556,1,4,11.0,1,0.6667
3,3,0,7,7,3,2,5,3,2.0,25,0.0,0,0.953488372,0.555555556,1,1,7.333333333,1,0.6667
21,3,0,65,104,68,6,64,20,0.765,1066,1.0,4,0.78021978,0.210884354,2,8,49.28571429,12,3.1429
20,2,0,8,27,118,5,3,17,0.473684211,129,1.0,1,0.5,0.316666667,1,3,5.4,1,0.95
10,1,2,6,14,19,3,4,6,0.611111111,71,1.0,2,0.0,0.325,0,0,5.9,3,1.3
3,3,0,6,7,0,1,5,3,0.0,29,1.0,0,0.913043478,0.533333333,0,0,8.333333333,1,0.6667
6,3,0,3,30,0,0,3,5,0.6,1270,1.0,0,0.880952381,0.555555556,1,1,210.0,2,1.0
16,3,0,3,41,84,1,2,16,0.674074074,559,1.0,2,0.580645161,0.25,2,8,33.375,1,0.8125
25,5,0,18,123,122,11,14,11,0.818452381,797,1.0,3,0.964549483,0.195555556,1,4,30.32,12,2.28
7,3,0,4,17,0,2,2,6,0.888888889,120,0.333333333,0,0.772727273,0.523809524,1,5,15.71428571,1,0.7143
5,3,2,2,7,10,2,0,5,2.0,20,0.0,0,0.944444444,0.6,0,0,3.0,1,0.2
9,3,0,5,19,14,1,4,7,0.375,118,1.0,1,0.933333333,0.361111111,1,2,11.88888889,3,1.2222
7,2,0,4,23,21,1,3,7,2.0,258,0.0,0,0.25,0.5,0,0,35.85714286,6,3.5714
16,5,0,22,54,46,4,21,13,0.6,563,1.0,2,0.899280576,0.2,2,13,34.0625,9,2.5
24,5,0,24,96,88,15,16,15,0.788819876,463,1.0,3,0.965976331,0.158333333,1,4,18.0,9,1.5417
1,1,0,4,1,0,2,2,1,2.0,1,0.0,0,0.0,1.0,0,0,0.0,1,1.0
15,3,0,16,77,69,0,16,10,0.826530612,504,1.0,0,0.725490196,0.233333333,1,1,32.13333333,6,1.4
6,3,6,10,10,3,7,3,6,0.4,46,1.0,0,0.857142857,0.5,0,0,6.5,3,1.5
3,4,0,1,4,1,0,1,2,1.428571429,1872,0.0,0,0.976190476,1.0,0,0,618.3333333,1,0.3333
24,3,0,17,48,250,12,8,19,0.881987578,238,1.0,2,0.290322581,0.223602484,0,0,8.625,3,1.1667
3,5,0,9,11,3,0,9,3,2.0,37,0.0,0,0.99,0.533333333,3,5,11.33333333,1,0.3333
4,1,0,2,16,0,2,0,4,0.333333333,92,1.0,0,0.0,0.75,0,0,21.25,4,1.5
2,1,0,5,2,1,5,1,2,2.0,2,0.0,0,0.0,0.75,0,0,0.0,1,1.0
16,1,0,7,78,118,5,3,12,0.888888889,745,0.666666667,0,0.0,0.411111111,0,0,45.375,22,3.125
3,1,0,15,33,3,3,12,2,1.041666667,431,0.083333333,0,0.0,0.666666667,0,0,138.6666667,4,2.0
3,2,0,5,9,3,2,3,0,2.0,47,0.0,0,0.846153846,0.555555556,1,3,14.66666667,4,1.6667
4,1,0,3,11,4,2,1,4,0.333333333,39,1.0,0,0.0,0.625,0,0,8.5,2,1.0
6,1,0,11,39,9,1,10,3,0.4,189,1.0,0,0.428571429,0.333333333,0,0,30.33333333,5,1.3333
7,4,0,11,16,21,4,7,7,2.0,45,0.0,0,0.975308642,0.392857143,3,4,5.428571429,1,0.5714
9,1,0,5,29,0,1,4,9,0.125,139,0.0,0,0.0,0.259259259,0,0,14.33333333,2,1.1111
46,1,0,44,89,869,39,7,29,0.898412698,2089,0.071428571,2,0.0,0.084444444,1,1,44.10869565,14,2.587
4,4,1,9,8,4,7,4,4,0.666666667,30,1.0,0,0.99086758,0.45,0,0,6.25,1,0.5
20,5,1,14,75,104,7,13,8,0.589473684,391,0.8,3,0.972712681,0.204678363,3,4,18.3,5,1.9
3,2,0,2,6,3,0,2,1,2.0,12,0.0,0,0.714285714,0.666666667,1,2,3.0,1,0.6667
6,3,5,15,8,3,12,3,6,0.4,39,1.0,0,0.857142857,0.5,0,0,5.333333333,3,1.3333
9,1,15,33,11,34,30,3,7,0.875,47,1.0,1,0.0,0.416666667,0,0,4.111111111,1,0.8889
11,1,0,18,11,55,6,12,11,2.0,11,0.0,0,0.0,0.263636364,0,0,0.0,1,1.0
12,5,0,16,73,6,2,16,6,0.618181818,445,1.0,4,0.983433735,0.25,1,7,35.66666667,11,2.5
3,3,0,0,4,1,0,0,2,0.5,234,1.0,0,0.974358974,1.0,0,0,76.66666667,1,0.3333
17,2,2,4,33,42,3,1,10,0.6953125,478,0.625,0,0.548387097,0.302083333,1,5,26.64705882,8,1.2941
3,2,0,4,9,1,1,3,0,0.5,106,1.0,0,0.777777778,0.444444444,1,2,34.0,11,4.0
6,3,0,28,37,0,1,27,6,0.333333333,263,1.0,2,0.934210526,0.305555556,2,7,42.33333333,4,1.3333
6,2,0,4,17,0,0,4,4,0.0,80,1.0,0,0.722222222,0.444444444,1,1,12.16666667,3,1.1667
3,1,0,6,9,3,2,4,2,2.0,19,0.0,0,0.0,0.333333333,0,0,5.333333333,1,0.6667
2,2,0,8,14,1,1,8,1,2.0,140,0.0,0,0.75,0.571428571,2,2,69.0,1,0.5
8,2,0,6,19,18,1,5,6,0.935064935,166,0.090909091,8,0.666666667,0.314285714,1,1,18.375,1,0.75
10,1,0,9,38,45,3,7,8,2.0,216,0.0,0,0.0,0.283333333,0,0,20.6,4,2.4
9,0,0,5,24,0,1,4,9,0.0,213,1.0,0,0.0,0.37037037,0,0,22.55555556,1,0.8889
10,2,0,11,24,1,1,10,6,0.638888889,126,1.0,3,0.466666667,0.277777778,1,1,11.2,2,0.9
13,1,0,17,30,26,12,6,13,0.733333333,278,1.0,3,0.0,0.338461538,0,0,20.0,5,2.2308
7,1,0,2,21,17,0,2,2,0.666666667,90,0.0,1,0.0,0.277777778,0,0,11.57142857,2,1.0
8,3,0,13,27,0,0,13,7,0.285714286,117,1.0,1,0.965517241,0.270833333,2,5,13.5,2,1.0
3,2,0,12,28,3,0,12,3,2.0,137,0.0,0,0.75,0.555555556,0,0,44.66666667,8,3.0
4,2,0,9,16,2,0,9,4,0.666666667,67,0.0,1,0.727272727,0.4375,1,1,15.5,1,0.75
8,1,0,2,27,18,1,1,6,0.428571429,567,1.0,0,0.0,0.314285714,0,0,68.875,8,2.5
1,1,0,1,1,0,0,1,1,2.0,1,0.0,0,0.0,1.0,0,0,0.0,1,1.0
5,6,0,4,35,0,2,3,3,0.714285714,406,1.0,0,0.994056464,0.5,3,5,77.4,5,1.8
5,2,0,27,35,0,13,15,5,0.25,319,1.0,1,0.818181818,0.5,1,1,62.6,1,0.8
1,6,0,3,6,0,1,2,1,2.0,13,0.0,0,1.0,1.0,0,0,12.0,0,0.0
8,1,0,8,32,16,0,8,7,0.571428571,159,1.0,0,0.0,0.267857143,0,0,18.625,2,1.0
3,1,0,3,17,0,2,1,3,0.25,204,1.0,0,0.0,0.666666667,0,0,65.66666667,2,1.0
24,2,0,10,83,132,3,8,14,0.882352941,596,0.705882353,0,0.371428571,0.193236715,1,1,23.125,8,1.4167
12,3,0,17,29,52,6,16,12,0.681818182,140,1.0,2,0.65625,0.191666667,1,1,10.5,2,1.0
2,2,0,7,13,1,1,6,2,2.0,66,1.0,0,0.958333333,1.0,0,0,31.5,1,0.5
7,2,1,4,12,15,3,2,7,0.916666667,80,0.75,0,0.88,0.523809524,1,4,9.857142857,3,1.8571
4,3,0,19,26,0,0,19,3,0.333333333,311,1.0,0,0.949152542,0.4,2,6,76.5,6,2.25
11,1,0,6,14,35,2,4,11,0.7,82,1.0,3,0.0,0.327272727,0,0,6.181818182,3,1.0909
6,1,11,31,13,9,31,1,6,0.4,45,1.0,1,0.0,0.583333333,0,0,6.333333333,1,0.8333
2,2,0,6,20,1,1,5,2,2.0,80,1.0,0,0.75,0.75,1,1,38.5,1,0.5
3,5,0,1,9,0,0,1,3,0.5,33,1.0,0,0.894736842,0.555555556,0,0,9.333333333,1,0.6667
1,1,0,6,10,0,3,4,0,2.0,80,0.0,3,0.0,1.0,0,0,71.0,0,0.0
2,4,1,5,4,1,1,5,2,2.0,11,0.0,0,1.0,0.6,0,0,4.5,0,0.0
7,4,0,2,12,21,0,2,7,2.0,39,0.0,0,0.94,0.428571429,0,0,4.571428571,1,0.8571
3,1,0,10,13,0,5,5,2,0.166666667,167,1.0,2,0.0,0.5,0,0,53.66666667,1,0.3333
5,2,0,11,12,10,5,8,5,2.0,62,0.0,0,0.909090909,0.4,1,2,11.4,1,0.6
14,2,0,21,61,29,7,16,13,0.78974359,782,1.0,1,0.692307692,0.253968254,1,2,53.78571429,18,2.2143
4,2,3,6,11,6,4,5,4,2.0,61,0.0,0,0.916666667,0.6875,0,0,14.25,5,1.25
15,1,0,3,16,103,2,1,13,0.928571429,47,1.0,1,0.0,0.380952381,0,0,2.066666667,1,0.8667
14,2,0,11,88,35,6,7,8,0.673076923,889,1.0,1,0.842105263,0.619047619,1,7,62.21428571,10,2.0714
10,4,0,7,17,13,1,6,10,0.555555556,82,1.0,1,0.95625,0.375,1,1,7.0,2,0.8
8,1,1,33,22,18,33,0,6,0.828571429,183,1.0,0,0.0,0.314285714,0,0,21.25,7,1.875
10,1,0,10,65,0,5,5,7,0.305555556,611,0.75,1,0.0,0.44,0,0,59.7,1,0.7
6,3,0,31,57,0,2,29,5,0.5,413,1.0,2,0.918032787,0.305555556,2,10,67.16666667,28,6.0
3,3,0,0,4,1,0,0,2,0.5,234,1.0,0,0.974358974,1.0,0,0,76.66666667,1,0.3333
2,2,0,9,24,1,1,8,2,2.0,147,0.0,0,0.958333333,1.0,0,0,72.5,1,0.5
56,2,1,22,84,714,15,7,56,0.739393939,839,0.833333333,1,0.363636364,0.160714286,1,4,13.875,9,1.5714
7,3,0,21,48,17,0,21,5,0.888888889,237,1.0,1,0.903225806,0.30952381,1,4,32.42857143,6,1.7143
44,2,0,12,72,834,4,8,44,0.5,345,1.0,0,0.338461538,0.261363636,1,2,6.795454545,1,0.9773
36,1,0,188,44,630,186,2,33,2.0,398,0.0,0,0.0,0.200617284,0,0,10.05555556,2,1.2222
3,3,0,25,37,3,3,23,2,2.0,245,0.0,0,0.965517241,0.5,2,4,80.66666667,15,5.3333
1,1,0,4,1,0,4,0,1,2.0,1,0.0,0,0.0,1.0,0,0,0.0,1,1.0
20,1,0,23,79,102,7,19,8,0.771929825,1578,0.555555556,1,0.0,0.252631579,0,0,77.45,5,1.8
12,5,0,18,61,36,6,16,3,0.690909091,377,1.0,1,0.983433735,0.3,0,0,30.0,6,1.5
7,1,0,19,7,21,17,3,7,2.0,7,0.0,0,0.0,0.476190476,0,0,0.0,1,1.0
22,1,0,39,59,231,24,15,21,2.0,358,0.0,0,0.0,0.333333333,0,0,15.27272727,4,1.4545
47,2,1,38,109,1019,16,25,26,0.944816054,2553,0.461538462,2,0.14893617,0.230072464,1,2,53.04255319,11,1.766
71,2,0,47,152,2163,25,25,33,0.941326531,1340,0.75,6,0.197674419,0.108035714,1,1,17.47887324,7,1.3239
4,8,0,9,15,2,2,7,3,0.666666667,98,0.666666667,1,0.978571429,0.4375,2,2,22.75,4,1.5
0,1,0,1,0,0,1,0,0,2.0,0,0.0,0,0.0,0.0,0,0,0.0,0,0.0
3,1,0,1,5,0,1,0,3,1.0,224,1.0,0,0.0,0.833333333,0,0,72.66666667,8,4.6667
12,3,0,11,38,2,2,10,8,0.409090909,224,1.0,0,0.731707317,0.197916667,2,3,17.5,4,1.8333
9,3,0,2,18,0,1,1,8,0.0,88,1.0,0,0.876923077,0.416666667,1,1,8.666666667,2,1.0
2,3,0,4,5,0,1,3,2,1.0,21,0.5,1,0.933333333,0.666666667,0,0,8.5,1,0.5
4,1,0,10,19,6,0,10,3,2.0,76,0.0,0,0.0,0.25,0,0,18.0,1,0.75
2,4,0,10,17,1,0,10,2,2.0,87,0.0,0,0.979591837,0.75,2,7,42.5,1,0.5
12,1,2,14,47,48,2,12,3,0.886363636,306,1.0,0,0.0,0.218181818,0,0,23.83333333,4,1.6667
4,0,0,10,18,4,1,9,3,0.666666667,81,1.0,0,0.0,0.4375,0,0,19.0,6,2.25
3,1,0,0,3,3,0,0,3,2.0,3,0.0,0,0.0,1.0,0,0,0.0,1,1.0
3,1,0,8,23,3,1,8,3,2.0,101,0.0,0,0.0,0.666666667,0,0,32.66666667,5,2.0
34,3,0,59,83,541,55,9,29,0.96969697,1017,0.8,5,0.733333333,0.284848485,2,4,28.61764706,7,2.2059
14,1,0,13,23,55,12,2,13,0.153846154,212,1.0,2,0.0,0.427350427,0,0,14.0,1,0.8571
7,5,2,12,23,21,3,10,2,2.0,163,0.0,0,0.9765625,0.371428571,2,4,22.28571429,11,1.8571
1,1,0,6,1,0,6,0,1,2.0,1,0.0,0,0.0,1.0,0,0,0.0,1,1.0
3,2,0,4,5,3,1,3,0,2.0,20,0.0,0,0.777777778,0.466666667,1,2,5.666666667,1,0.6667
12,2,0,6,47,28,1,5,11,0.636363636,353,1.0,0,0.655172414,0.246753247,1,6,28.16666667,3,1.3333
5,5,0,8,8,10,3,5,4,1.25,58,0.0,0,0.9765625,0.45,1,4,10.4,4,1.2
7,3,0,4,13,3,1,3,7,0.5,73,1.0,1,0.951456311,0.357142857,1,2,9.142857143,3,1.1429
5,2,0,7,21,4,1,6,2,0.5,154,0.0,0,0.818181818,0.366666667,0,0,29.6,10,4.0
5,5,0,8,8,10,3,5,4,2.0,57,0.0,0,0.9765625,0.45,1,4,10.4,4,1.2
22,1,0,34,114,219,1,33,6,0.962406015,2003,0.0,5,0.0,0.159090909,0,0,89.18181818,18,5.4545
13,2,0,9,40,28,2,7,10,0.666666667,418,0.333333333,1,0.571428571,0.333333333,1,1,30.92307692,5,2.2308
4,2,0,3,16,0,0,3,4,0.333333333,59,1.0,0,0.842105263,0.875,1,1,13.5,5,1.75
14,2,0,11,52,43,0,11,12,0.955128205,467,0.166666667,1,0.5,0.276923077,2,3,31.5,12,2.2143
2,3,0,4,5,0,1,4,2,0.0,20,1.0,1,0.985915493,0.666666667,1,1,8.5,1,0.5
1,4,0,2,3,0,1,1,0,2.0,7,0.0,0,1.0,1.0,0,0,6.0,0,0.0
17,3,2,20,31,136,11,9,17,2.0,72,0.0,0,0.816091954,0.277310924,2,5,3.235294118,1,0.9412
3,4,0,19,22,3,0,19,3,2.0,131,0.0,0,0.979591837,0.444444444,3,14,42.66666667,5,2.0
9,5,0,4,28,12,0,4,8,0.5,217,1.0,0,0.8,0.481481481,2,5,22.66666667,1,0.7778
12,4,0,3,22,66,0,3,12,2.0,97,0.0,0,0.895238095,0.316666667,1,1,7.083333333,3,1.25
39,1,0,1,56,469,1,0,39,0.578947368,198,0.0,0,0.0,0.256410256,0,0,4.051282051,1,0.9744
6,1,0,9,6,15,8,1,6,1.2,10,0.0,0,0.0,0.722222222,0,0,0.0,1,1.0
3,3,1,3,4,3,2,2,3,1.5,13,0.0,0,0.964285714,0.555555556,1,4,3.0,1,0.6667
12,4,2,21,20,54,12,11,7,0.545454545,83,1.0,1,0.828571429,0.333333333,0,0,5.833333333,1,0.5
14,3,0,13,24,69,0,13,12,0.963369963,723,0.571428571,0,0.454545455,0.205128205,0,0,49.14285714,1,0.8571
11,2,0,8,43,27,0,8,6,0.728571429,523,1.0,0,0.523809524,0.285714286,0,0,45.90909091,5,1.9091
12,1,2,14,47,48,2,12,3,0.886363636,306,1.0,1,0.0,0.218181818,0,0,23.83333333,4,1.6667
1,1,0,7,1,0,5,2,1,2.0,1,0.0,0,0.0,1.0,0,0,0.0,1,1.0
21,3,0,12,77,160,2,0,15,0.9125,797,1.0,0,0.661016949,0.227513228,2,3,36.57142857,3,1.0952
24,1,0,1,41,198,1,0,18,0.824275362,749,0.166666667,9,0.0,0.149758454,0,0,29.20833333,13,2.5833
2,1,0,11,6,1,8,3,1,1.969230769,81,0.0,0,0.0,1.0,0,0,7.0,0,0.0
30,7,0,22,137,315,7,20,4,0.830140485,1603,0.888888889,5,0.958883994,0.233333333,2,2,51.53333333,11,2.0333
9,4,0,0,15,28,0,0,8,0.375,106,1.0,0,0.8,0.466666667,0,0,10.33333333,1,0.5556
1,3,0,4,2,0,2,2,1,2.0,5,0.0,0,1.0,1.0,0,0,4.0,0,0.0
1,5,0,2,6,0,1,1,1,2.0,14,1.0,0,1.0,1.0,0,0,12.0,0,0.0
9,2,1,13,38,12,2,12,8,0.5,197,1.0,1,0.5,0.377777778,0,0,20.66666667,5,1.6667
3,4,0,15,14,0,0,15,3,0.0,63,1.0,1,0.979591837,0.444444444,3,13,19.66666667,1,0.6667
12,2,0,5,22,46,2,3,10,0.818181818,127,0.5,0,0.55,0.4,1,6,9.416666667,2,1.0
15,2,0,10,44,47,2,8,12,0.885714286,479,0.7,0,0.315789474,0.3,0,0,30.26666667,27,2.6
2,1,0,5,29,0,0,5,0,0.0,176,1.0,2,0.0,0.6,0,0,85.5,10,5.0
15,3,6,12,33,75,6,6,11,0.821428571,179,1.0,0,0.657142857,0.205357143,1,1,10.4,3,0.9333
4,2,0,9,22,6,1,8,4,1.285714286,130,0.0,0,0.8125,1.0,0,0,29.75,1,0.75
5,1,0,7,14,0,3,4,0,0.75,108,0.333333333,4,0.0,0.4,0,0,19.4,5,1.6
21,2,0,12,94,198,5,9,19,0.94,981,0.6,0,0.525,0.375,2,4,45.47619048,16,3.1905
4,2,1,1,9,2,1,0,3,0.666666667,378,1.0,0,0.942857143,0.666666667,2,3,93.0,6,1.75
19,1,0,19,71,91,6,15,9,0.708333333,1313,0.625,1,0.0,0.274853801,0,0,67.68421053,5,1.6316
7,1,11,13,14,0,11,2,7,0.5,73,1.0,0,0.0,0.523809524,0,0,9.142857143,4,1.4286
64,1,0,7,136,444,6,4,59,0.719298246,2278,0.894736842,12,0.0,0.152380952,0,0,34.296875,18,1.8438
17,2,0,3,34,0,1,2,16,0.4625,403,1.0,0,0.515151515,0.183006536,1,15,22.41176471,8,2.2353
7,6,0,3,22,21,0,0,7,2.0,68,0.0,0,0.967567568,0.857142857,1,1,8.714285714,3,1.1429
10,3,4,123,15,27,119,6,9,0.888888889,87,1.0,2,0.898734177,0.288888889,0,0,6.9,1,0.8
27,1,0,3,63,297,1,2,10,0.778846154,527,0.0,2,0.0,0.37962963,0,0,18.22222222,11,1.4444
16,1,0,0,16,120,0,0,16,2.0,16,0.0,0,0.0,0.375,0,0,0.0,1,1.0
8,3,0,8,29,0,0,8,7,0.142857143,118,1.0,1,0.333333333,0.375,1,1,13.625,3,1.0
19,1,0,6,48,71,3,6,7,0.75,468,1.0,5,0.0,0.210526316,0,0,23.10526316,3,1.3158
2,2,0,10,9,1,1,9,1,1.0,36,0.0,0,0.947368421,0.625,1,1,16.0,1,0.5
3,2,0,10,5,3,7,3,1,1.0,18,0.0,1,0.8,0.75,1,1,4.666666667,1,0.3333
1,1,0,4,1,0,2,2,1,2.0,1,0.0,0,0.0,1.0,0,0,0.0,1,1.0
3,5,0,6,11,3,0,6,3,2.0,45,0.0,0,0.964912281,0.666666667,2,7,14.0,1,0.6667
2,1,0,2,2,1,1,1,2,2.0,2,0.0,0,0.0,0.666666667,0,0,0.0,1,1.0
3,2,0,4,9,1,1,3,0,0.5,71,1.0,0,0.777777778,0.444444444,1,2,22.33333333,6,2.3333
1,1,1,1,2,0,1,0,1,2.0,26,0.0,0,0.0,1.0,0,0,3.0,0,0.0
12,1,0,9,19,24,8,2,11,0.924242424,855,0.0,0,0.0,0.291666667,1,1,68.75,28,5.0833
3,1,0,7,3,3,7,1,3,2.0,3,0.0,0,0.0,0.666666667,0,0,0.0,1,1.0
9,4,0,2,12,36,0,2,9,2.0,50,0.0,0,0.921568627,0.555555556,0,0,4.555555556,1,0.8889
10,1,0,4,19,5,2,2,4,0.416666667,123,0.0,1,0.0,0.481481481,0,0,10.9,3,1.5
20,1,0,30,20,190,23,7,20,1.052631579,21,0.0,0,0.0,0.225,0,0,0.0,1,1.0
4,5,0,2,8,6,1,1,4,2.0,20,0.0,0,1.0,0.666666667,0,0,4.0,0,0.0
6,2,0,7,5,9,3,6,6,0.666666667,36,1.0,3,0.868421053,0.444444444,1,20,4.5,1,0.8333
10,4,0,6,27,5,1,5,8,0.527777778,168,1.0,2,0.75862069,0.25,2,2,15.4,3,1.1
9,2,0,0,23,0,0,0,9,0.53125,250,1.0,0,0.5625,0.388888889,1,2,26.33333333,1,0.7778
3,1,0,3,11,0,2,1,3,0.5,64,1.0,0,0.0,0.555555556,0,0,19.66666667,1,0.6667
2,3,0,9,11,1,1,8,2,2.0,40,0.0,0,0.97826087,0.666666667,1,1,18.5,1,0.5
1,1,0,0,1,0,0,0,1,2.0,1,0.0,0,0.0,1.0,0,0,0.0,1,1.0
81,1,1,34,168,2716,1,33,44,0.908333333,3477,0.571428571,12,0.0,0.093421053,0,0,41.40740741,23,2.1852
4,2,0,13,14,6,4,9,2,2.0,113,0.0,0,0.85,0.6,1,1,27.25,1,0.75
11,1,3,12,15,29,9,4,11,0.775,68,1.0,1,0.0,0.246753247,0,0,4.818181818,1,0.9091
3,1,0,4,6,1,1,3,3,0.0,31,1.0,1,0.0,0.5,0,0,9.0,1,0.6667
9,1,0,0,18,36,0,0,9,2.0,81,0.0,0,0.0,0.111111111,0,0,8.0,2,1.1111
27,1,0,4,31,0,4,0,25,0.509615385,683,1.0,0,0.0,0.37037037,1,1,24.14814815,9,2.5556
4,1,0,1,6,6,1,0,3,2.0,87,0.0,0,0.0,0.416666667,0,0,20.75,2,1.0
26,3,0,12,74,265,2,10,20,0.885,643,1.0,2,0.596774194,0.230769231,0,0,23.42307692,4,1.4615
7,1,0,7,20,0,1,6,4,0.736111111,392,1.0,2,0.0,0.404761905,0,0,53.28571429,11,4.2857
5,2,0,9,13,8,4,7,5,0.75,41,1.0,0,0.909090909,0.4,0,0,7.0,1,0.6
4,1,0,3,12,0,1,2,4,0.0,37,1.0,0,0.0,0.5,0,0,8.0,1,0.75
5,4,0,23,46,10,5,19,4,1.25,379,0.0,0,0.947368421,0.371428571,2,7,73.8,16,4.6
25,4,2,12,51,234,2,10,22,0.875,451,1.0,1,0.717647059,0.35,1,1,16.6,12,1.48
5,1,0,8,17,0,6,2,4,0.4375,115,1.0,2,0.0,0.45,0,0,21.2,4,1.6
3,3,0,3,7,3,0,3,3,2.0,33,0.0,0,1.0,0.75,0,0,10.0,0,0.0
8,1,0,2,8,28,1,1,8,2.0,8,0.0,0,0.0,0.75,0,0,0.0,1,1.0
11,1,0,13,24,39,5,12,11,0.8,101,1.0,4,0.0,0.272727273,0,0,7.818181818,1,0.9091
7,3,0,17,43,1,2,17,2,0.766666667,219,1.0,2,0.791666667,0.291666667,0,0,29.57142857,1,0.7143
4,4,17,66,8,6,66,0,4,1.333333333,21,1.0,0,1.0,0.666666667,0,0,4.0,0,0.0
3,3,0,3,14,1,0,3,3,0.5,84,1.0,0,0.948717949,0.666666667,1,1,26.66666667,1,0.6667
10,1,0,8,11,15,8,0,10,0.333333333,121,1.0,0,0.0,0.4,1,1,11.0,4,1.0
7,3,0,8,22,0,0,8,7,0.625,147,1.0,0,0.860465116,0.342857143,1,1,19.42857143,5,1.4286
10,1,5,34,13,45,32,2,9,1.0,28,0.0,0,0.0,0.407407407,0,0,1.6,1,0.8
3,2,0,8,18,3,1,7,2,1.0,132,0.0,0,0.92,0.5,0,0,42.0,1,0.6667
2,3,0,0,3,1,0,0,2,2.0,1243,0.0,0,0.974358974,1.0,0,0,620.5,1,0.5
23,1,0,57,23,253,46,16,23,2.0,23,0.0,0,0.0,0.127717391,0,0,0.0,1,1.0
11,2,0,5,21,43,2,3,9,0.85,117,0.0,0,0.578947368,0.418181818,1,6,9.454545455,2,1.0
7,3,0,13,53,1,1,12,6,0.7,911,0.4,0,0.571428571,0.349206349,2,6,128.4285714,8,2.1429
2,1,0,5,2,1,5,0,2,2.0,2,0.0,0,0.0,0.75,0,0,0.0,1,1.0
38,2,0,9,56,511,4,5,35,0.938063063,603,0.625,4,0.244444444,0.239382239,1,6,14.23684211,3,0.9737
1,3,0,1,2,0,0,1,1,2.0,4,0.0,0,1.0,1.0,0,0,3.0,0,0.0
6,1,0,10,35,3,1,9,3,0.4,145,1.0,0,0.0,0.25,0,0,23.0,3,1.0
12,2,0,5,20,24,4,1,12,2.0,161,0.0,0,0.653846154,0.395833333,1,14,12.41666667,2,1.0
3,2,0,9,26,3,1,8,2,2.0,147,0.0,0,0.92,1.0,1,1,48.0,10,3.6667
2,1,0,14,14,1,7,10,2,2.0,91,0.0,0,0.0,0.5,0,0,44.5,7,3.5
3,1,0,9,6,3,7,2,3,2.0,44,0.0,0,0.0,0.555555556,0,0,13.66666667,5,2.0
1,1,0,2,1,0,1,1,1,2.0,1,0.0,0,0.0,1.0,0,0,0.0,1,1.0
7,1,0,9,29,0,3,6,3,0.541666667,265,1.0,1,0.0,0.333333333,0,0,36.28571429,3,1.1429
21,1,0,12,40,52,4,8,21,0.683333333,161,0.0,3,0.0,0.214285714,0,0,6.523809524,2,1.0476
13,3,0,11,23,58,0,11,11,0.960526316,656,0.578947368,0,0.476190476,0.21969697,0,0,48.0,1,0.8462
14,2,2,19,71,47,8,13,11,0.666666667,442,0.666666667,0,0.5,0.255102041,0,0,30.35714286,7,1.5
2,1,0,0,4,1,0,0,2,1.0,47,1.0,0,0.0,1.0,0,0,18.0,1,0.5
18,1,0,51,33,3,51,2,15,1.015345269,485,0.086956522,0,0.0,0.411764706,0,0,20.83333333,3,0.7222
4,2,0,4,9,0,2,3,3,0.833333333,31,0.5,0,0.25,0.416666667,0,0,6.25,1,0.75
35,2,0,26,164,329,4,23,19,0.897058824,1673,1.0,7,0.282608696,0.135714286,0,0,46.17142857,20,2.8286
14,1,0,6,18,61,2,5,14,0.830769231,81,1.0,5,0.0,0.297619048,0,0,4.428571429,1,0.9286
15,3,0,55,96,23,0,55,9,0.798319328,1308,1.0,8,0.811594203,0.214285714,2,3,85.06666667,14,3.1333
2,4,0,4,6,1,0,4,2,2.0,633,0.0,0,0.976190476,1.0,0,0,315.5,1,0.5
1,1,0,0,1,0,0,0,1,2.0,1,0.0,0,0.0,1.0,0,0,0.0,1,1.0
1,1,0,4,1,0,2,2,1,2.0,1,0.0,0,0.0,1.0,0,0,0.0,1,1.0
14,2,0,5,24,69,2,3,12,0.769230769,155,0.666666667,0,0.5,0.482142857,1,6,9.857142857,2,0.8571
4,1,0,0,4,6,0,0,4,2.0,4,0.0,0,0.0,0.5,0,0,0.0,1,1.0
12,2,0,4,29,40,1,4,8,0.838383838,216,1.0,2,0.541666667,0.319444444,1,2,16.25,5,1.9167
5,1,0,7,10,10,7,0,5,2.0,85,0.0,0,0.0,0.2,0,0,16.0,5,3.0
2,1,0,1,10,1,1,0,2,2.0,34,0.0,0,0.0,0.5,0,0,16.0,4,2.0
0,1,0,6,0,0,5,1,0,2.0,218,0.0,0,0.0,0.0,0,0,0.0,0,0.0
0,1,0,2,0,0,1,1,0,2.0,0,0.0,0,0.0,0.0,0,0,0.0,0,0.0
27,2,3,8,49,207,4,4,22,0.711538462,363,1.0,1,0.783783784,0.171717172,1,7,12.2962963,3,1.0
7,1,0,5,12,13,5,0,6,0.5,64,1.0,0,0.0,0.166666667,0,0,7.857142857,4,1.5714
3,1,0,4,11,3,1,3,3,2.0,48,0.0,0,0.0,0.533333333,0,0,15.0,1,0.6667
20,1,0,2,41,130,1,1,18,0.796992481,316,0.857142857,0,0.0,0.258333333,0,0,14.45,4,1.3
6,3,5,18,8,3,15,3,6,0.4,39,1.0,0,0.857142857,0.5,0,0,5.333333333,3,1.3333
8,1,0,2,8,28,1,1,8,2.0,8,0.0,0,0.0,0.75,0,0,0.0,1,1.0
4,1,0,6,15,4,4,2,2,0.333333333,55,1.0,0,0.0,0.333333333,0,0,12.5,2,0.75
13,4,2,17,57,22,2,15,9,0.25,346,1.0,1,0.85,0.192307692,3,7,25.53846154,6,1.6154
1,4,0,2,2,0,1,1,1,2.0,4,0.0,0,1.0,1.0,0,0,3.0,0,0.0
1,1,0,2,1,0,2,0,1,2.0,1,0.0,0,0.0,1.0,0,0,0.0,1,1.0
3,3,0,10,25,0,1,10,2,0.0,136,1.0,0,0.945945946,0.5,1,1,44.0,2,1.0
8,1,0,2,12,0,2,0,8,0.523809524,217,0.833333333,0,0.0,0.583333333,0,0,25.375,4,1.875
2,4,0,1,5,1,0,1,2,2.0,10,0.0,0,0.985507246,0.75,1,1,4.0,1,0.5
5,1,0,3,12,0,2,1,3,0.46875,269,1.0,0,0.0,0.6,0,0,51.2,10,3.8
2,0,0,5,8,1,1,4,2,2.0,50,0.0,0,0.0,0.75,0,0,24.0,1,0.5
3,1,4,5,14,3,4,1,1,2.0,62,0.0,0,0.0,0.5,0,0,19.66666667,4,1.6667
4,3,0,1,15,6,0,1,3,1.333333333,4270,0.0,0,0.926829268,0.333333333,0,0,1005.75,2,1.0
22,3,2,29,46,189,24,11,22,0.942857143,179,0.8,4,0.903225806,0.181818182,2,14,6.681818182,1,0.9545
7,1,0,4,29,17,0,4,2,0.666666667,154,0.0,1,0.0,0.333333333,0,0,20.71428571,2,1.0
18,1,0,0,18,153,0,0,18,1.058823529,30,0.0,0,0.0,0.333333333,0,0,0.0,1,1.0
11,2,0,5,21,49,2,3,9,0.85,112,0.5,0,0.578947368,0.418181818,1,6,9.0,2,0.9091
2,1,0,4,5,1,1,3,2,2.0,20,0.0,0,0.0,0.5,0,0,9.0,4,2.0
5,1,0,5,9,8,1,4,3,0.75,29,1.0,1,0.0,0.5,0,0,4.6,2,0.8
1,1,0,18,1,0,18,0,1,2.0,1,0.0,0,0.0,1.0,0,0,0.0,1,1.0
3,2,0,10,16,3,0,10,3,2.0,56,0.0,0,0.75,0.555555556,0,0,17.66666667,4,1.6667
1,1,0,0,1,0,0,0,1,2.0,1,0.0,0,0.0,1.0,0,0,0.0,1,1.0
12,2,0,5,34,42,1,5,8,0.818181818,188,1.0,1,0.541666667,0.273809524,1,4,14.08333333,4,1.5833
5,1,0,12,19,10,3,9,4,1.0,143,1.0,0,0.0,0.583333333,0,0,27.4,1,0.6
3,1,0,37,3,3,36,2,3,2.0,3,0.0,0,0.0,0.555555556,0,0,0.0,1,1.0
3,2,0,4,7,3,0,4,3,2.0,18,0.0,0,0.714285714,0.5,0,0,5.0,1,0.6667
2,1,0,4,9,1,0,4,1,2.0,68,0.0,0,0.0,0.5,0,0,33.0,8,4.0
2,1,0,5,10,1,1,4,0,2.0,82,0.0,0,0.0,0.5,0,0,40.0,1,0.5
7,1,0,3,19,0,3,1,6,0.25,432,1.0,1,0.0,0.464285714,0,0,60.14285714,3,1.4286
3,3,0,18,25,1,1,18,2,0.857142857,136,1.0,2,0.952380952,0.666666667,0,0,42.0,1,0.3333
57,2,0,15,87,1362,14,7,17,0.927083333,1806,1.0,1,0.25,0.265306122,1,7,30.47368421,19,2.5263
3,5,2,13,34,3,2,11,1,2.0,152,0.0,0,0.977011494,1.0,0,0,49.66666667,1,0.6667
27,4,0,2,35,351,0,2,27,2.0,171,0.0,0,0.783333333,0.37962963,0,0,5.333333333,3,1.1111
4,2,0,8,6,0,1,7,4,0.0,37,1.0,0,0.8,0.45,0,0,8.0,3,1.25
3,4,0,6,22,3,0,6,1,1.0,82,0.0,0,0.961538462,1.0,2,4,26.0,3,1.6667
9,2,0,4,13,36,1,3,9,1.125,58,0.0,0,0.3,0.259259259,0,0,5.333333333,1,0.7778
50,5,0,59,120,1069,51,25,34,0.939909297,990,0.944444444,11,0.853658537,0.079130435,3,6,18.44,10,1.6
5,6,1,4,36,4,3,1,3,0.75,176,0.75,0,0.995670996,0.375,1,1,33.4,4,1.2
1,1,0,0,2,0,0,0,1,2.0,8,0.0,0,0.0,1.0,0,0,3.0,0,0.0
2,1,0,11,12,0,4,7,2,0.4,116,1.0,4,0.0,0.625,0,0,54.5,9,4.5
6,3,0,8,19,15,2,6,3,2.0,149,0.0,0,0.851851852,0.416666667,1,3,23.83333333,12,2.5
18,5,0,19,48,13,5,15,16,0.8,245,0.8,2,0.858333333,0.185185185,4,14,12.33333333,3,1.3889
4,3,1,3,5,4,1,2,4,0.666666667,17,1.0,0,0.925,0.625,0,0,3.0,1,0.75
16,4,2,13,46,102,10,6,14,0.933333333,288,0.5,0,0.849462366,0.34375,3,18,16.875,11,2.375
15,1,0,0,15,105,0,0,15,2.0,15,0.0,0,0.0,0.488888889,0,0,0.0,1,1.0
1,1,0,6,1,0,5,1,1,2.0,1,0.0,0,0.0,1.0,0,0,0.0,1,1.0
2,3,0,5,18,1,2,3,1,2.0,106,0.0,0,0.962962963,0.666666667,2,5,52.0,7,3.5
9,4,0,2,13,36,0,2,9,2.0,52,0.0,0,0.921568627,0.555555556,1,1,4.777777778,1,0.8889
5,2,0,10,13,4,8,3,4,0.9,55,0.2,0,0.5,0.5,1,1,9.0,1,0.6
18,2,1,14,54,71,8,10,16,0.789915966,460,1.0,2,0.15,0.208333333,0,0,24.16666667,14,2.5556
6,2,0,3,15,11,0,3,6,0.85,110,1.0,0,0.555555556,0.388888889,0,0,16.66666667,4,1.5
20,1,0,53,45,188,51,2,19,0.947368421,326,1.0,0,0.0,0.236842105,0,0,15.25,5,1.95
1,4,0,0,2,0,0,0,1,2.0,5,0.0,0,1.0,1.0,0,0,4.0,0,0.0
39,2,0,10,72,277,1,9,2,1.0,804,1.0,0,0.571428571,0.184210526,1,12,19.46153846,12,1.5641
6,3,0,71,45,13,50,21,3,0.9,219,1.0,0,0.870967742,0.366666667,2,5,35.16666667,8,2.1667
9,1,0,20,9,36,16,4,9,2.0,9,0.0,0,0.0,0.296296296,0,0,0.0,1,1.0
5,1,0,1,22,8,0,1,5,0.5,97,1.0,0,0.0,0.4,0,0,18.2,1,0.6
18,1,0,45,41,0,30,16,17,0.294117647,438,1.0,1,0.0,0.163194444,0,0,23.22222222,4,2.3333
4,2,0,6,14,2,1,5,4,0.666666667,68,1.0,1,0.75,0.5,0,0,15.5,1,0.75
0,1,0,0,0,0,0,0,0,2.0,0,0.0,0,0.0,0.0,0,0,0.0,0,0.0
14,1,0,12,42,91,12,0,12,1.076923077,458,1.0,0,0.0,0.255102041,0,0,31.64285714,10,2.5714
44,3,0,9,97,742,3,6,40,0.88372093,695,1.0,0,0.730263158,0.148601399,2,13,14.77272727,2,0.9545
35,3,0,13,93,519,4,9,25,0.909090909,807,1.0,3,0.536231884,0.171428571,0,0,21.74285714,7,1.4
5,2,0,11,18,10,4,9,5,2.0,130,0.0,0,0.909090909,0.4,1,1,25.0,1,0.6
16,1,1,7,30,112,2,5,12,0.8,151,1.0,2,0.0,0.266666667,0,0,8.1875,4,1.3125
1,1,0,1,1,0,1,0,1,2.0,1,0.0,0,0.0,1.0,0,0,0.0,1,1.0
11,1,1,2,20,53,2,1,0,0.9,90,1.0,0,0.0,0.4,0,0,7.090909091,2,0.9091
10,3,1,14,61,19,1,13,8,0.80952381,543,1.0,0,0.804347826,0.266666667,2,2,52.6,5,1.4
2,3,0,4,4,1,0,4,1,2.0,11,0.0,0,0.972222222,0.666666667,1,1,4.5,1,0.5
4,1,0,14,4,6,14,0,4,2.0,4,0.0,0,0.0,1.0,0,0,0.0,1,1.0
12,1,0,3,25,0,2,1,0,0.436363636,212,1.0,0,0.0,0.395833333,0,0,16.25,3,1.3333
6,3,0,13,18,13,1,13,4,0.8,76,1.0,0,0.8,0.333333333,1,1,11.5,1,0.6667
8,3,0,1,21,28,1,0,7,1.142857143,273,0.0,0,0.857142857,0.225,0,0,17.375,2,0.875
4,5,0,0,8,6,0,0,4,2.0,20,0.0,0,0.963855422,0.625,0,0,4.0,1,0.75
1,1,0,3,1,0,3,0,1,2.0,1,0.0,0,0.0,1.0,0,0,0.0,1,1.0
5,4,2,5,7,4,5,0,5,0.5,29,1.0,0,0.944444444,0.6,0,0,4.6,1,0.2
16,2,0,7,35,58,0,7,15,1.002380952,460,0.071428571,1,0.580645161,0.260416667,1,3,26.0,22,4.0625
5,1,0,6,9,0,2,4,4,0.25,37,1.0,1,0.0,0.433333333,0,0,6.2,1,0.8
1,1,0,0,1,0,0,0,1,2.0,1,0.0,0,0.0,1.0,0,0,0.0,1,1.0
57,2,0,18,87,1362,17,7,17,0.927083333,1806,1.0,1,0.25,0.265306122,1,7,30.47368421,19,2.5263
12,1,0,3,44,64,1,2,0,0.981818182,586,1.0,0,0.0,0.318181818,0,0,47.41666667,8,1.8333
11,3,0,3,19,55,1,2,11,2.0,79,0.0,0,0.804347826,0.363636364,0,0,6.181818182,1,0.8182
26,2,1,13,80,53,6,8,18,0.854545455,938,0.818181818,0,0.314285714,0.296,0,0,34.65384615,2,1.0
11,1,0,4,18,5,2,2,8,0.714285714,248,0.714285714,2,0.0,0.366666667,0,0,20.27272727,5,1.2727
5,4,0,2,8,10,0,2,5,2.0,28,0.0,0,0.959183673,0.6,0,0,4.6,1,0.8
12,3,0,11,26,44,1,10,8,0.727272727,121,1.0,3,0.666666667,0.233766234,1,1,8.75,2,0.8333
4,1,0,8,96,6,0,8,2,2.0,1490,0.0,0,0.0,0.25,0,0,371.5,86,22.0
3,1,0,1,30,3,0,1,2,2.0,315,0.0,0,0.0,0.333333333,0,0,104.0,1,0.6667
7,4,0,11,16,21,4,7,7,2.0,45,0.0,0,0.978723404,0.392857143,3,4,5.428571429,1,0.5714
9,1,0,2,12,22,1,1,9,0.8125,75,1.0,2,0.0,0.288888889,0,0,6.888888889,4,1.2222
9,1,3,16,14,28,16,2,8,0.916666667,50,0.333333333,1,0.0,0.296296296,1,1,4.222222222,3,1.1111
27,1,0,6,27,351,1,5,27,2.0,27,0.0,0,0.0,0.412037037,0,0,0.0,1,1.0
4,1,0,15,10,0,15,0,2,0.5,68,0.25,3,0.0,0.666666667,0,0,15.0,4,1.25
3,2,0,11,31,3,0,11,3,2.0,225,0.0,0,0.75,0.555555556,0,0,74.0,13,4.6667
3,3,0,3,14,1,0,3,3,0.5,82,1.0,0,0.948717949,0.666666667,1,1,26.0,1,0.6667
6,2,0,5,12,3,1,4,5,2.0,36,0.0,0,0.666666667,0.305555556,1,1,5.0,1,0.8333
1,1,0,3,1,0,3,0,1,2.0,1,0.0,0,0.0,1.0,0,0,0.0,1,1.0
2,1,0,3,2,1,3,1,2,2.0,2,0.0,0,0.0,1.0,0,0,0.0,1,1.0
3,2,0,6,16,1,1,5,3,0.5,97,1.0,0,0.666666667,0.428571429,0,0,31.0,8,3.3333
12,1,0,7,30,48,2,5,9,0.818181818,322,1.0,2,0.0,0.5,0,0,25.25,4,1.4167
66,1,0,38,230,489,1,37,49,0.933687003,3681,1.0,25,0.0,0.116742081,0,0,53.45454545,11,1.5758
26,1,0,10,38,311,7,3,23,0.873333333,177,1.0,1,0.0,0.16,0,0,5.576923077,3,1.1923
3,7,0,5,10,1,2,4,2,0.5,41,1.0,0,0.99739922,0.4,1,1,12.33333333,1,0.6667
5,3,0,8,35,0,1,8,5,0.375,163,1.0,0,0.826086957,0.4,0,0,31.2,1,0.8
9,1,0,10,19,0,6,4,9,0.5,106,1.0,1,0.0,0.555555556,0,0,10.55555556,3,1.1111
8,5,0,6,28,0,0,6,8,0.619047619,110,1.0,0,0.923913043,0.458333333,1,2,12.375,1,0.875
5,3,0,7,31,4,0,7,4,0.75,178,1.0,1,0.925,0.5,2,2,34.0,11,2.6
2,1,0,8,2,1,6,2,2,2.0,2,0.0,0,0.0,0.666666667,0,0,0.0,1,1.0
4,2,0,4,18,0,1,3,2,0.555555556,116,0.333333333,0,0.571428571,0.45,0,0,27.25,6,2.0
37,2,0,39,46,660,1,38,35,0.013888889,304,1.0,0,0.506849315,0.07815924,0,0,7.162162162,4,1.0811
17,4,0,2,27,136,0,2,17,2.0,123,0.0,0,0.854545455,0.317647059,0,0,6.235294118,3,1.1765
71,1,0,17,193,1133,1,16,23,0.924860853,7189,1.0,15,0.0,0.147959184,0,0,99.16901408,3,1.0423
5,2,0,2,12,0,1,1,5,0.125,82,0.5,0,0.5,0.466666667,1,2,15.0,1,0.8
8,2,0,10,29,0,2,8,8,0.5,167,1.0,1,0.65,0.270833333,0,0,19.625,6,2.125
26,1,0,0,26,325,0,0,26,2.0,26,0.0,0,0.0,0.487179487,0,0,0.0,1,1.0
6,1,0,2,6,15,1,1,6,2.0,6,0.0,0,0.0,0.75,0,0,0.0,1,1.0
5,2,0,2,6,10,1,1,4,2.0,15,0.0,0,0.5,1.0,1,1,2.0,1,0.8
4,1,0,11,4,6,8,3,4,1.333333333,6,0.0,0,0.0,0.5625,0,0,0.0,1,1.0
54,1,0,16,115,277,4,14,52,0.870283019,803,1.0,4,0.0,0.171296296,0,0,13.72222222,11,1.6111
33,4,2,42,74,516,24,19,31,0.96875,600,0.0,6,0.801470588,0.173611111,3,29,17.0,2,1.1515
4,3,0,11,14,0,0,11,4,0.333333333,44,1.0,0,0.959459459,0.4,2,7,9.75,1,0.75
3,1,2,19,4,3,18,1,3,2.0,7,0.0,0,0.0,1.0,0,0,1.333333333,1,0.6667
11,1,0,16,52,43,1,15,1,0.5,248,1.0,0,0.470588235,0.4,1,4,21.45454545,10,1.9091
2,1,0,6,2,1,2,4,2,2.0,2,0.0,0,0.0,0.666666667,0,0,0.0,1,1.0
11,4,0,3,14,55,0,3,11,2.0,61,0.0,0,0.891304348,0.545454545,1,6,4.545454545,1,0.9091
12,2,0,6,22,46,3,3,10,0.818181818,128,0.5,0,0.55,0.4,1,6,9.5,2,1.0
2,1,0,0,2,1,0,0,2,2.0,2,0.0,0,0.0,0.75,0,0,0.0,1,1.0
9,1,0,1,58,30,0,1,3,0.75,619,0.0,0,0.0,0.185185185,0,0,67.33333333,13,6.3333
63,1,3,22,79,1617,22,2,36,0.956575682,531,0.846153846,1,0.0,0.147619048,0,0,7.222222222,5,1.4127
18,1,0,20,18,153,12,17,18,2.0,18,0.0,0,0.0,0.238095238,0,0,0.0,1,1.0
1,3,0,2,2,0,2,0,1,2.0,5,0.0,0,1.0,1.0,0,0,4.0,0,0.0
11,1,0,11,57,23,3,8,7,0.533333333,515,1.0,0,0.0,0.35,0,0,45.54545455,3,1.1818
23,2,0,7,39,0,0,7,21,0.738636364,332,0.875,6,0.34375,0.253623188,1,4,13.08695652,2,0.9565
15,2,0,9,59,7,7,3,8,0.775510204,519,0.857142857,1,0.842105263,0.375,1,6,33.13333333,5,1.8667
32,1,0,38,123,210,11,31,29,0.683870968,1566,0.9,2,0.0,0.13671875,0,0,47.625,31,4.25
4,4,0,6,15,6,2,4,2,2.0,120,0.0,0,0.971830986,0.392857143,1,8,29.0,1,0.5
8,2,0,2,32,10,1,2,7,1.040816327,223,0.214285714,0,0.588235294,0.46875,1,1,25.125,6,1.5
2,1,0,2,2,1,2,0,2,2.0,2,0.0,0,0.0,1.0,0,0,0.0,1,1.0
7,1,0,14,56,9,4,10,5,0.722222222,663,1.0,0,0.0,0.166666667,0,0,93.28571429,8,2.0
11,4,0,18,26,33,14,5,11,0.45,141,0.0,0,0.764705882,0.363636364,1,2,11.63636364,2,1.0
16,1,0,11,68,8,3,9,4,0.683333333,814,1.0,2,0.0,0.236111111,0,0,49.375,2,1.0
15,1,0,3,16,103,2,1,13,0.928571429,47,1.0,1,0.0,0.380952381,0,0,2.066666667,1,0.8667
4,1,0,10,24,0,1,9,4,0.166666667,178,1.0,1,0.0,0.5,0,0,43.0,2,1.0
1,1,0,1,1,0,1,0,1,2.0,2,0.0,0,0.0,1.0,0,0,0.0,1,1.0
7,3,0,5,13,15,2,3,7,0.333333333,106,1.0,0,0.5,0.514285714,0,0,13.85714286,3,0.7143
6,4,0,10,33,0,0,10,6,0.6,511,1.0,0,0.939759036,0.555555556,1,1,83.5,1,0.8333
2,1,0,5,22,1,2,3,2,2.0,138,0.0,0,0.0,0.5,0,0,68.0,1,0.5
6,3,0,2,19,15,2,0,4,1.12,184,0.0,0,0.85,0.5,1,1,28.83333333,14,2.8333
11,1,1,6,20,15,2,4,9,0.514285714,231,1.0,4,0.0,0.246753247,0,0,19.36363636,1,0.9091
11,2,0,8,28,15,2,7,7,0.644444444,440,1.0,3,0.444444444,0.287878788,1,3,38.18181818,2,1.1818
5,1,3,10,15,8,4,9,3,0.75,191,1.0,0,0.0,0.333333333,0,0,36.6,1,0.6
3,2,0,12,24,3,0,12,3,2.0,94,0.0,0,0.75,0.555555556,0,0,30.33333333,8,3.0
6,3,0,13,12,0,1,12,5,0.2,49,1.0,0,0.918032787,0.333333333,1,3,7.0,2,1.1667
1,1,0,1,2,0,1,0,1,2.0,16,0.0,0,0.0,1.0,0,0,12.0,0,0.0
13,2,1,5,18,58,1,4,13,0.666666667,103,1.0,1,0.633333333,0.461538462,0,0,6.846153846,4,1.4615
35,1,0,47,35,595,47,35,35,2.0,35,0.0,0,0.0,0.081081081,0,0,0.0,1,1.0
0,1,0,0,0,0,0,0,0,2.0,0,0.0,0,0.0,0.0,0,0,0.0,0,0.0
23,2,0,5,68,181,2,3,17,0.806818182,462,0.875,0,0.547619048,0.140909091,0,0,18.73913043,5,1.4783
21,4,1,22,36,168,11,16,21,0.841666667,175,1.0,3,0.595744681,0.158730159,1,1,7.047619048,3,1.0952
13,2,0,5,38,44,0,5,11,0.845238095,284,0.0,0,0.6,0.365384615,2,3,20.30769231,5,1.6923
41,3,0,4,66,742,2,2,40,0.95,337,1.0,0,0.74,0.148217636,3,14,7.195121951,3,1.0
6,1,0,8,18,0,3,7,5,0.4,162,0.5,1,0.0,0.458333333,0,0,25.66666667,4,1.6667
24,1,0,23,44,270,11,22,24,0.913043478,133,1.0,3,0.0,0.1625,0,0,4.416666667,1,0.9583
2,1,0,16,2,1,14,2,2,2.0,2,0.0,0,0.0,0.75,0,0,0.0,1,1.0
2,1,0,0,2,1,0,0,2,2.0,2,0.0,0,0.0,0.75,0,0,0.0,1,1.0
14,1,0,12,22,61,11,1,13,0.692307692,175,0.0,3,0.0,0.320512821,0,0,11.28571429,3,0.7143
15,4,0,3,20,105,0,3,15,2.0,84,0.0,0,0.854166667,0.4,1,4,4.6,1,0.9333
44,1,0,14,94,830,4,10,1,0.967009194,2030,0.162790698,2,0.0,0.328165375,0,0,44.15909091,19,1.5227
5,3,0,8,17,10,2,7,5,2.0,46,0.0,0,0.980769231,0.4,1,2,8.2,1,0.4
1,1,0,0,2,0,0,0,1,2.0,10,0.0,0,0.0,1.0,0,0,3.0,0,0.0
11,7,0,9,71,29,2,8,4,0.814285714,408,1.0,0,0.984984985,0.363636364,0,0,35.45454545,4,1.3636
4,1,0,0,18,0,0,0,3,1.166666667,130,0.5,0,0.0,0.333333333,0,0,30.0,6,2.5
7,3,2,8,17,13,5,4,7,1.0,97,0.5,0,0.9,0.342857143,1,5,12.57142857,2,1.1429
6,3,0,6,15,13,1,6,4,0.4,54,1.0,1,0.782608696,0.444444444,1,1,7.833333333,1,0.8333
2,1,0,0,2,1,0,0,2,2.0,2,0.0,0,0.0,1.0,0,0,0.0,1,1.0
16,4,0,7,26,68,0,7,16,0.847619048,172,1.0,0,0.802631579,0.71875,0,0,9.3125,1,0.9375
1,1,0,1,2,0,1,0,1,2.0,16,0.0,1,0.0,1.0,0,0,12.0,0,0.0
12,2,0,5,20,24,4,1,12,2.0,161,0.0,0,0.653846154,0.395833333,1,14,12.41666667,2,1.0
1,1,0,3,1,0,3,0,1,2.0,1,0.0,0,0.0,1.0,0,0,0.0,1,1.0
32,1,3,19,65,290,13,6,18,0.962648557,732,1.0,16,0.0,0.17578125,0,0,20.6875,3,1.1563
9,2,0,9,23,36,9,9,0,2.0,82,0.0,0,0.529411765,0.444444444,0,0,8.111111111,1,0.8889
2,4,0,5,7,1,0,5,2,2.0,618,0.0,0,0.976190476,1.0,0,0,308.0,1,0.5
4,1,0,2,4,6,1,1,4,2.0,4,0.0,0,0.0,0.75,0,0,0.0,1,1.0
5,2,0,10,35,6,0,10,3,1.027777778,435,1.0,0,0.5,0.5,0,0,84.2,30,7.4
7,4,0,13,25,0,4,9,7,0.458333333,199,1.0,2,0.853658537,0.392857143,1,3,26.85714286,5,2.5714
5,1,1,4,21,0,3,2,4,0.25,264,1.0,1,0.0,0.44,0,0,50.6,22,6.0
15,1,0,5,51,105,3,2,14,2.0,527,0.0,0,0.0,0.4,0,0,34.13333333,5,3.8
31,1,0,28,98,301,9,22,24,0.949425287,1373,0.965517241,6,0.0,0.16969697,0,0,42.35483871,39,2.9032
45,4,0,15,122,462,8,8,39,0.899521531,1143,1.0,3,0.936231884,0.136752137,3,18,23.97777778,12,2.0889
5,2,0,10,22,10,4,8,5,2.0,153,0.0,0,0.9,0.4,1,1,29.6,1,0.6
0,1,0,4,0,0,3,1,0,2.0,0,0.0,0,0.0,0.0,0,0,0.0,0,0.0
23,2,0,13,49,201,2,13,21,0.918181818,266,1.0,0,0.545454545,0.176767677,1,1,10.13043478,1,0.8696
2,2,0,7,12,0,2,5,2,0.0,59,1.0,0,0.954545455,0.625,0,0,28.0,1,0.5
4,3,0,1,15,6,0,1,3,1.333333333,1166,0.0,0,0.926829268,0.333333333,0,0,271.25,2,1.0
15,4,0,22,89,51,1,22,11,0.826530612,776,0.857142857,1,0.847826087,0.373333333,2,2,49.8,5,1.4667
6,1,0,1,8,0,0,1,6,0.0,43,1.0,1,0.0,0.666666667,0,0,6.0,1,0.8333
1,1,0,1,2,0,1,0,0,2.0,6,0.0,0,0.0,1.0,0,0,3.0,0,0.0
25,1,0,0,25,300,0,0,25,1.041666667,37,0.0,0,0.0,0.33,0,0,0.0,1,1.0
3,2,0,1,5,3,0,1,3,2.0,12,0.0,0,0.956521739,0.666666667,1,2,3.0,1,0.3333
15,1,1,16,16,105,13,3,15,2.0,18,0.0,0,0.0,0.32,0,0,0.2,1,0.9333
7,4,1,11,47,15,2,9,3,0.333333333,268,1.0,0,0.972222222,0.5,1,1,37.14285714,1,0.8571
5,1,3,6,6,0,5,1,4,0.625,30,1.0,1,0.0,0.466666667,0,0,4.6,2,1.0
13,2,0,5,24,56,2,3,11,0.777777778,141,0.666666667,0,0.523809524,0.5,1,6,9.615384615,2,0.8462
5,2,0,7,8,6,2,6,5,0.75,35,1.0,0,0.857142857,0.333333333,0,0,5.6,1,0.8
4,1,0,6,4,6,4,2,4,2.0,4,0.0,0,0.0,0.55,0,0,0.0,1,1.0
12,3,0,5,20,62,1,5,11,0.636363636,79,1.0,0,0.943396226,0.354166667,1,2,5.416666667,2,0.8333
5,0,1,8,20,0,2,6,3,0.0,73,1.0,0,0.0,0.5,0,0,13.4,1,0.8
2,2,0,8,3,0,5,0,2,0.0,14,1.0,1,0.8,0.625,0,0,5.5,1,0.5
4,1,0,1,5,0,1,0,0,0.0,28,1.0,0,0.0,0.625,0,0,5.75,2,1.0
4,2,0,3,10,0,1,2,3,0.0,37,0.0,1,0.7,0.583333333,0,0,8.0,1,0.75
10,1,0,13,10,45,13,0,10,2.0,10,0.0,0,0.0,0.4,0,0,0.0,1,1.0
6,3,0,28,55,3,2,27,5,0.6,318,1.0,2,0.918032787,0.361111111,1,6,51.66666667,9,2.6667
5,2,0,7,20,4,1,6,2,0.5,153,0.0,0,0.818181818,0.366666667,0,0,29.4,10,4.0
6,1,5,38,8,15,37,1,6,2.0,21,0.0,0,0.0,0.583333333,0,0,2.5,1,0.8333
5,1,0,3,9,4,2,1,4,1.2,135,0.08,0,0.0,0.5,0,0,21.0,1,0.6
1,1,0,0,2,0,0,0,0,2.0,23,0.0,0,0.0,1.0,0,0,3.0,0,0.0
9,4,0,3,12,36,0,3,9,2.0,50,0.0,0,0.911111111,0.555555556,1,6,4.555555556,1,0.8889
6,5,0,12,45,5,6,7,2,0.828571429,536,1.0,3,0.993055556,0.3,0,0,87.16666667,3,1.5
5,1,0,2,10,4,1,1,0,0.875,185,0.5,1,0.0,0.333333333,0,0,35.6,3,1.0
11,4,3,12,41,19,3,9,9,0.816666667,240,0.666666667,0,0.811320755,0.290909091,0,0,20.27272727,4,1.2727
4,1,0,11,6,6,10,3,3,1.0,15,0.0,2,0.0,0.833333333,0,0,2.25,1,0.75
5,1,2,8,13,10,2,6,2,2.0,53,0.0,0,0.0,0.56,0,0,9.6,1,0.8
1,6,0,15,2,0,14,1,1,2.0,6,0.0,0,1.0,1.0,0,0,5.0,0,0.0
7,2,0,1,17,0,1,0,7,0.25,83,1.0,0,0.692307692,0.714285714,0,0,10.57142857,1,0.5714
3,3,0,0,4,1,0,0,2,0.5,1248,1.0,0,0.974358974,1.0,0,0,414.6666667,1,0.3333
2,1,0,6,8,1,0,6,2,2.0,23,0.0,0,0.0,0.75,0,0,10.5,1,0.5
13,1,0,3,49,64,1,2,0,0.916666667,699,0.833333333,0,0.0,0.3125,0,0,52.30769231,16,2.4615
2,4,0,5,7,1,0,5,2,2.0,17,0.0,0,0.979591837,0.75,1,6,7.5,1,0.5
3,2,0,4,8,3,0,4,3,2.0,31,0.0,0,0.714285714,0.777777778,1,2,9.333333333,1,0.6667
8,1,0,8,28,6,1,7,8,0.678571429,160,1.0,2,0.0,0.234375,0,0,18.5,6,2.0
16,6,0,15,101,80,4,15,1,0.791666667,577,1.0,1,0.978070175,0.3125,4,13,34.5625,5,1.625
4,3,0,1,15,6,0,1,3,1.333333333,2120,0.0,0,0.926829268,0.333333333,0,0,495.5,2,1.0
1,1,0,6,1,0,4,2,1,2.0,1,0.0,0,0.0,1.0,0,0,0.0,1,1.0
9,1,0,21,33,36,19,2,6,2.0,341,0.0,0,0.0,0.5,0,0,36.88888889,9,4.1111
6,1,0,4,10,0,1,3,6,0.6,46,1.0,0,0.0,0.333333333,0,0,6.166666667,1,0.8333
0,1,0,0,0,0,0,0,0,2.0,4,0.0,0,0.0,0.0,0,0,0.0,0,0.0
11,4,2,14,42,29,2,12,5,0.725,395,1.0,1,0.885057471,0.232323232,3,4,34.54545455,3,1.2727
2,1,0,0,2,1,0,0,2,2.0,2,0.0,0,0.0,0.75,0,0,0.0,1,1.0
4,1,0,9,25,0,3,6,2,0.733333333,126,0.0,2,0.0,0.416666667,0,0,29.25,2,0.75
3,1,0,23,3,3,23,0,3,2.0,3,0.0,0,0.0,1.0,0,0,0.0,1,1.0
3,4,0,8,9,1,1,7,3,0.5,26,0.0,1,0.99086758,0.555555556,0,0,7.333333333,1,0.6667
3,1,1,5,4,3,5,0,0,2.0,6,0.0,0,0.0,1.0,0,0,1.0,1,0.6667
18,2,0,28,52,91,6,23,16,0.68627451,271,0.666666667,0,0.6875,0.222222222,2,3,13.88888889,2,1.0
3,6,0,8,14,3,6,3,3,2.0,46,0.0,0,0.997382199,0.833333333,0,0,14.33333333,1,0.6667
20,1,2,101,54,168,98,5,12,0.954887218,352,0.285714286,0,0.0,0.219298246,0,0,16.25,3,1.15
7,4,0,3,10,21,0,3,7,2.0,39,0.0,0,0.931818182,0.571428571,1,6,4.571428571,1,0.8571
2,2,0,6,13,1,1,5,2,2.0,66,1.0,0,0.958333333,1.0,0,0,31.5,1,0.5
3,3,0,2,11,3,2,0,3,2.0,61,0.0,0,0.95,0.833333333,1,2,19.33333333,5,2.3333
4,1,0,4,5,0,3,1,4,0.333333333,24,1.0,0,0.0,0.875,0,0,4.75,1,0.75
24,2,0,8,38,252,4,4,22,0.782608696,366,0.8,0,0.34375,0.305555556,1,6,14.04166667,7,1.7917
13,2,0,11,34,0,2,11,13,0.333333333,184,1.0,2,0.571428571,0.240384615,1,1,13.0,3,1.2308
4,3,0,6,5,2,6,0,4,0.333333333,31,0.0,0,0.894736842,0.583333333,0,0,6.25,1,0.5
15,1,0,33,32,13,31,2,13,0.875,211,0.375,1,0.0,0.160714286,0,0,12.53333333,2,1.4667
2,0,0,5,10,1,1,4,2,2.0,40,0.0,0,0.0,0.75,0,0,19.0,1,0.5
7,1,0,2,52,19,0,2,2,0.944444444,412,0.0,0,0.0,0.166666667,0,0,57.42857143,6,3.0
12,3,0,37,49,0,1,36,11,0.333333333,836,1.0,2,0.865853659,0.238095238,2,8,68.41666667,18,3.25
2,2,0,3,4,1,0,3,2,2.0,11,0.0,0,1.0,0.833333333,0,0,4.5,0,0.0
15,2,0,7,32,43,1,6,15,0.833333333,253,0.666666667,0,0.575757576,0.333333333,1,5,15.46666667,2,1.0
7,1,0,0,7,21,0,0,7,2.0,7,0.0,0,0.0,0.25,0,0,0.0,1,1.0
13,1,2,13,72,14,7,6,7,0.527777778,765,1.0,0,0.0,0.296296296,0,0,57.61538462,14,3.4615
7,1,0,3,8,0,3,0,7,0.0,147,1.0,0,0.0,0.342857143,1,1,19.85714286,4,1.0
2,1,0,4,12,1,1,3,2,2.0,52,0.0,0,0.0,0.666666667,0,0,25.0,3,1.5
53,1,2,21,126,740,2,19,22,0.908216783,1257,1.0,11,0.0,0.106971154,0,0,22.30188679,3,1.0189
34,2,0,20,144,337,4,17,19,0.894660895,1704,1.0,6,0.288888889,0.131487889,0,0,48.5,18,2.7059
2,2,0,12,10,1,1,11,1,1.125,138,0.625,4,0.947368421,0.625,1,1,64.0,1,0.5
30,1,0,31,65,303,29,4,26,0.689655172,634,1.0,0,0.0,0.177339901,0,0,20.03333333,18,2.2333
18,2,0,13,39,125,3,13,17,0.870588235,170,1.0,0,0.6,0.179012346,1,1,8.166666667,3,1.1111
28,1,0,6,49,298,4,3,28,0.907407407,271,1.0,0,0.0,0.1875,0,0,8.25,9,1.4643
4,4,0,3,8,0,1,2,4,0.333333333,38,1.0,0,0.875,0.4,2,2,8.25,1,0.75
16,1,0,60,34,0,60,2,12,1.027160494,476,0.046296296,0,0.0,0.411111111,0,0,22.0,3,0.6875
4,2,0,14,30,2,0,14,3,0.666666667,161,1.0,0,0.6,0.666666667,0,0,38.0,8,2.25
0,1,0,0,0,0,0,0,0,2.0,0,0.0,0,0.0,0.0,0,0,0.0,0,0.0
7,4,0,3,10,21,0,3,7,2.0,39,0.0,0,0.931818182,0.571428571,1,6,4.571428571,1,0.8571
28,3,0,46,64,374,8,40,26,1.0,426,0.0,0,0.564516129,0.181547619,1,3,14.17857143,10,1.6786
18,4,0,12,84,83,1,12,11,0.960151803,1202,1.0,1,0.821052632,0.181818182,2,2,64.05555556,8,1.9444
12,2,0,7,16,46,0,7,11,0.795454545,83,1.0,2,0.153846154,0.266666667,0,0,5.583333333,2,1.0
11,2,0,5,21,43,2,3,9,0.85,117,0.5,0,0.578947368,0.418181818,1,6,9.454545455,2,1.0
6,1,0,2,8,15,2,0,6,1.2,139,0.0,0,0.0,0.333333333,0,0,22.0,4,2.0
7,2,0,8,9,15,3,7,7,0.666666667,51,1.0,3,0.846153846,0.357142857,1,20,5.857142857,1,0.8571
7,1,0,11,19,9,0,11,7,0.791666667,75,1.0,3,0.0,0.357142857,0,0,9.142857143,1,0.8571
5,3,0,1,16,8,0,1,3,1.24795082,4275,0.0,0,0.926829268,0.333333333,0,0,805.2,2,0.8
18,1,0,9,44,85,1,8,10,0.739495798,242,1.0,2,0.0,0.205882353,0,0,12.05555556,5,1.3889
2,5,0,2,3,1,0,2,2,2.0,6,0.0,0,0.995833333,0.75,1,1,2.0,1,0.5
6,1,0,5,22,0,3,3,4,0.6,84,1.0,2,0.0,0.444444444,0,0,12.5,2,1.0
13,2,0,16,27,36,9,11,10,0.880952381,119,1.0,3,0.541666667,0.185185185,1,1,7.615384615,2,0.9231
1,1,0,4,1,0,3,1,1,2.0,1,0.0,0,0.0,1.0,0,0,0.0,1,1.0
3,3,0,7,7,3,2,5,3,2.0,25,0.0,0,0.953488372,0.555555556,1,1,7.333333333,1,0.6667
5,1,0,6,33,10,2,4,5,2.0,229,0.0,0,0.0,0.48,0,0,44.8,7,2.0
14,7,0,12,41,7,3,10,10,0.346153846,330,1.0,1,0.917241379,0.273809524,4,18,22.42857143,9,2.2857
11,4,0,4,23,23,2,2,10,0.533333333,492,0.333333333,1,0.764705882,0.272727273,2,4,43.18181818,14,3.2727
42,2,7,143,68,819,130,15,40,0.953929539,465,0.111111111,0,0.428571429,0.112244898,2,8,9.857142857,4,1.1667
18,1,0,9,44,85,1,8,10,0.739495798,242,1.0,3,0.0,0.205882353,0,0,12.05555556,5,1.3889
3,1,0,10,3,3,10,0,3,2.0,3,0.0,0,0.0,0.666666667,0,0,0.0,1,1.0
2,2,0,4,3,1,3,1,1,1.0,10,0.0,0,0.947368421,0.75,0,0,3.5,1,0.5
4,1,0,7,39,4,0,7,4,0.666666667,235,1.0,1,0.0,0.5,0,0,57.5,6,3.0
9,2,0,11,14,26,3,11,6,0.833333333,57,0.666666667,1,0.708333333,0.229166667,0,0,5.0,1,0.7778
8,6,0,9,25,16,8,2,5,0.285714286,105,1.0,0,0.9921875,0.35,1,2,12.0,2,1.0
13,1,1,15,66,78,10,7,12,1.083333333,476,0.0,0,0.0,0.207692308,0,0,35.46153846,2,1.0
5,1,0,6,13,4,4,2,3,0.75,44,0.5,1,0.0,0.25,0,0,7.4,1,0.6
7,1,0,3,9,0,2,2,5,0.611111111,61,1.0,2,0.0,0.357142857,1,1,7.285714286,3,1.1429
1,1,0,0,1,0,0,0,1,2.0,1,0.0,0,0.0,1.0,0,0,0.0,1,1.0
3,1,0,11,35,1,2,11,3,0.5,228,1.0,0,0.0,0.555555556,0,0,74.66666667,18,6.3333
6,1,0,10,19,15,2,8,5,2.0,171,0.0,0,0.0,0.666666667,0,0,27.5,1,0.8333
5,1,0,8,6,2,8,0,4,1.195652174,189,0.086956522,0,0.0,0.375,0,0,32.2,1,0.6
5,4,0,11,38,0,1,11,4,0.25,303,1.0,1,0.870967742,0.36,1,1,59.0,1,0.8
4,3,0,7,28,0,1,7,1,0.666666667,176,0.5,0,0.947368421,0.5,2,5,42.5,8,2.5
15,2,0,24,41,0,4,20,14,0.357142857,205,0.5,1,0.676470588,0.18974359,1,3,12.53333333,1,0.7333
6,7,1,8,16,0,3,6,4,0.7,95,0.5,0,0.97080292,0.4,4,10,14.5,3,1.1667
11,1,0,5,11,55,2,3,11,1.1,16,0.0,0,0.0,0.327272727,0,0,0.0,1,1.0
3,1,9,9,4,1,9,0,3,0.5,14,1.0,0,0.0,0.666666667,0,0,3.333333333,1,0.6667
4,3,2,18,15,6,18,0,3,1.333333333,2395,0.0,0,0.926829268,0.333333333,0,0,560.5,2,1.0
21,1,0,5,79,58,3,0,18,0.7,948,1.0,0,0.0,0.292857143,0,0,43.95238095,18,2.619
6,2,0,17,25,9,0,17,6,0.666666667,120,1.0,1,0.545454545,0.5,0,0,18.5,3,1.1667
2,1,0,12,14,0,1,12,2,0.0,77,1.0,0,0.0,0.75,0,0,37.0,4,2.0
11,4,0,23,38,0,2,22,11,0.64,380,1.0,3,0.879518072,0.204545455,2,7,33.09090909,35,4.8182
2,3,0,3,7,1,1,3,2,2.0,23,0.0,0,0.96969697,1.0,0,0,10.5,1,0.5
4,1,0,11,23,2,1,10,2,0.583333333,101,1.0,0,0.0,0.333333333,0,0,23.25,4,1.25
4,2,0,13,34,2,0,13,3,0.69047619,314,1.0,0,0.6,0.666666667,0,0,74.0,17,4.5
10,5,15,17,27,29,15,2,5,0.805555556,258,1.0,0,0.986404834,0.5,0,0,24.4,2,1.1
17,5,0,21,76,76,10,17,3,0.785714286,496,1.0,5,0.97754491,0.205357143,2,5,27.76470588,11,2.0
11,3,0,4,32,0,0,4,10,0.5,114,1.0,0,0.571428571,0.366666667,0,0,9.181818182,1,0.8182
5,1,0,4,13,0,0,4,5,0.5,65,1.0,0,0.0,0.8,0,0,11.6,3,1.2
20,1,0,47,45,188,45,2,19,0.947368421,326,1.0,0,0.0,0.236842105,0,0,15.25,5,1.95
8,1,0,6,22,0,5,1,3,1.046382189,931,0.090909091,0,0.0,0.464285714,0,0,105.75,3,1.5
12,1,0,35,18,30,32,4,12,0.727272727,99,1.0,4,0.0,0.277777778,1,1,6.833333333,2,0.9167
27,3,0,32,60,245,19,16,24,0.835164835,345,1.0,1,0.884422111,0.169230769,1,6,11.51851852,3,1.0741
2,1,0,3,3,1,3,1,2,2.0,7,0.0,0,0.0,0.666666667,0,0,2.5,1,0.5
6,3,0,21,39,0,0,21,5,0.4,201,1.0,2,0.918032787,0.361111111,1,7,32.16666667,3,1.6667
7,1,0,12,45,1,0,12,4,0.75,499,0.5,0,0.0,0.571428571,0,0,69.71428571,7,1.7143
3,1,0,2,21,3,0,2,2,2.0,112,0.0,0,0.0,0.333333333,0,0,36.33333333,4,2.3333
4,4,0,2,6,6,1,2,4,1.333333333,16,0.0,0,0.975308642,0.625,2,5,2.75,1,0.5
10,3,0,5,13,3,2,3,10,0.722222222,73,0.5,0,0.466666667,0.4,1,2,6.1,1,0.8
6,2,0,16,46,15,3,13,6,2.0,279,0.0,0,0.782608696,0.229166667,1,1,45.5,1,0.8333
5,3,0,7,19,10,1,6,5,1.25,75,0.0,0,0.98,0.466666667,2,6,13.8,1,0.8
2,2,0,11,9,1,3,8,1,2.0,65,0.0,0,0.947368421,0.625,0,0,31.5,1,0.5
2,1,0,12,2,1,11,1,2,2.0,2,0.0,0,0.0,0.75,0,0,0.0,1,1.0
10,1,0,14,10,45,14,0,10,2.0,10,0.0,0,0.0,0.4,0,0,0.0,1,1.0
11,5,0,16,23,37,3,13,10,0.916666667,141,1.0,0,0.93877551,0.225,2,5,10.72727273,2,0.9091
13,1,0,14,49,78,3,12,11,2.0,297,0.0,0,0.0,0.274725275,0,0,21.84615385,4,2.0769
9,3,0,11,17,16,7,6,9,0.75,79,1.0,3,0.960784314,0.296296296,1,2,7.444444444,1,0.8889
3,4,0,8,11,0,0,8,3,0.0,51,1.0,1,0.979591837,0.444444444,3,13,15.66666667,2,1.0
6,1,0,8,12,3,6,2,6,0.984615385,112,0.0,2,0.0,0.5,1,1,13.33333333,1,0.6667
3,1,0,2,8,1,2,2,2,0.75,42,0.0,0,0.0,0.625,0,0,12.33333333,1,0.3333
3,7,0,5,27,3,1,5,3,1.0,110,1.0,0,0.996960486,0.666666667,0,0,35.33333333,1,0.6667
4,1,0,3,9,0,0,3,4,0.333333333,34,1.0,0,0.0,0.5,0,0,7.25,2,1.0
0,1,0,5,0,0,3,2,0,2.0,0,0.0,0,0.0,0.0,0,0,0.0,0,0.0
28,2,0,8,51,0,3,5,26,0.731481481,237,0.75,3,0.297297297,0.198412698,1,6,7.321428571,3,1.1786
38,3,0,29,122,607,1,29,6,0.9,1852,0.0,2,0.357142857,0.194594595,0,0,47.47368421,15,3.7632
5,3,0,1,16,8,0,1,3,1.243589744,1171,0.0,0,0.926829268,0.333333333,0,0,217.6,2,0.8
4,3,3,10,8,6,10,0,4,2.0,20,0.0,0,1.0,0.666666667,0,0,4.0,0,0.0
2,3,0,7,4,1,5,2,2,2.0,9,0.0,0,0.933333333,0.75,0,0,3.5,1,0.5
24,1,0,22,42,270,11,21,24,0.913043478,125,1.0,3,0.0,0.175925926,0,0,4.083333333,1,0.9583
5,1,0,3,8,4,2,1,5,0.5,34,1.0,0,0.0,0.6,0,0,5.6,2,1.0
21,5,0,20,99,130,6,19,5,0.816666667,596,1.0,3,0.971181556,0.323809524,2,5,26.66666667,10,1.7143
10,1,1,13,44,25,10,6,8,0.666666667,230,0.5,1,0.0,0.377777778,0,0,21.8,5,1.7
7,4,0,12,18,0,3,10,6,0.166666667,156,0.0,1,0.931034483,0.367346939,3,16,21.14285714,2,1.0
4,4,0,20,20,0,1,20,4,0.333333333,149,1.0,0,0.979591837,0.45,2,4,36.0,10,2.75
2,1,0,0,2,1,0,0,2,2.0,2,0.0,0,0.0,1.0,0,0,0.0,1,1.0
3,2,0,12,20,3,1,11,1,1.0,294,0.0,0,0.894736842,0.533333333,1,1,96.66666667,1,0.6667
4,1,0,12,8,6,5,7,4,1.333333333,39,1.0,0,0.0,0.59375,0,0,8.25,1,0.75
4,2,0,6,12,6,1,5,3,2.0,71,0.0,0,0.625,0.5,0,0,16.75,1,0.75
1,1,0,1,1,0,1,0,1,2.0,1,0.0,0,0.0,1.0,0,0,0.0,1,1.0
6,2,0,27,47,3,5,25,2,0.7875,2717,0.03125,0,0.848484848,0.444444444,1,1,446.5,38,7.0
4,1,0,7,27,4,0,7,2,0.666666667,134,0.0,0,0.0,0.333333333,0,0,32.25,3,1.5
6,2,0,3,8,15,0,3,6,1.0,34,0.0,0,0.818181818,0.5,1,1,4.333333333,2,0.8333
11,1,0,13,45,0,1,13,9,0.633333333,360,1.0,2,0.0,0.222222222,0,0,31.18181818,11,2.4545
4,4,0,6,19,6,2,4,2,1.333333333,146,1.0,0,0.971830986,0.392857143,1,9,35.25,1,0.5
2,1,0,4,4,1,2,2,2,2.0,8,0.0,0,0.0,0.75,0,0,3.0,1,0.5
12,1,0,0,31,66,0,0,11,2.0,109,0.0,0,0.0,0.166666667,0,0,8.083333333,3,1.25
4,2,0,8,12,6,4,6,4,2.0,42,0.0,0,0.933333333,0.416666667,1,1,9.5,1,0.5
5,3,0,10,24,0,2,10,1,0.5,119,1.0,2,0.884615385,0.4375,1,1,22.2,3,1.0
65,1,0,7,135,508,6,4,59,0.7375,2297,0.85,12,0.0,0.1515625,0,0,34.03076923,18,1.8462
3,4,1,9,15,3,1,8,1,2.0,52,0.0,0,0.95,0.666666667,2,2,16.33333333,1,0.6667
1,1,0,9,1,0,9,1,1,2.0,1,0.0,0,0.0,1.0,0,0,0.0,1,1.0
8,1,0,1,14,28,1,0,8,2.0,274,0.0,0,0.0,0.45,0,0,33.25,7,2.875
23,1,1,22,51,181,20,2,14,0.731404959,1407,1.0,0,0.0,0.290909091,0,0,59.69565217,35,5.8696
9,2,2,7,14,8,5,2,6,0.5,103,1.0,2,0.384615385,0.407407407,1,2,10.22222222,2,1.0
2,1,0,2,2,1,1,1,2,2.0,2,0.0,0,0.0,0.75,0,0,0.0,1,1.0
6,3,0,12,23,7,2,11,4,0.666666667,90,1.0,1,0.967032967,0.44,0,0,13.5,1,0.5
11,2,0,5,22,25,1,4,9,0.75,124,0.5,0,0.55,0.257575758,1,4,10.09090909,2,0.9091
1,6,0,1,2,0,0,1,1,2.0,6,0.0,0,1.0,1.0,0,0,5.0,0,0.0
11,2,0,12,15,13,9,4,11,0.75,97,1.0,3,0.2,0.220779221,0,0,7.272727273,1,0.7273
19,2,0,8,25,163,5,5,15,0.916666667,124,1.0,1,0.604651163,0.273684211,1,2,5.421052632,1,0.8947
5,2,0,11,18,10,4,9,5,2.0,129,0.0,0,0.909090909,0.4,1,1,24.8,1,0.6
2,1,0,6,7,0,5,1,2,1.761904762,52,0.0,3,0.0,0.625,0,0,14.5,1,0.5
25,3,23,62,126,68,25,37,15,0.848958333,1894,0.9375,4,0.76344086,0.131410256,3,10,74.12,15,2.92
77,3,0,28,196,2320,6,28,68,0.935222672,2040,1.0,9,0.330357143,0.161184211,3,3,25.15584416,19,1.7143
3,1,0,9,32,3,1,8,2,2.0,241,0.0,0,0.0,0.444444444,0,0,79.33333333,1,0.6667
3,1,0,0,3,3,0,0,3,2.0,3,0.0,0,0.0,0.777777778,0,0,0.0,1,1.0
8,1,0,6,48,6,0,6,2,0.666666667,356,0.0,3,0.0,0.257142857,0,0,42.375,3,1.75
12,2,0,5,30,18,1,5,11,0.654545455,205,0.8,1,0.642857143,0.333333333,1,2,15.66666667,6,1.4167
20,1,0,15,22,8,15,0,13,0.552631579,901,1.0,0,0.0,0.875,0,0,43.55,8,2.95
4,3,0,1,15,6,0,1,3,1.333333333,4270,0.0,0,0.926829268,0.333333333,0,0,1005.75,2,1.0
9,3,0,9,34,10,0,9,7,0.729166667,214,1.0,0,0.840909091,0.3125,1,1,22.11111111,6,1.4444
15,1,0,17,30,105,2,15,15,2.0,123,0.0,0,0.0,0.2,0,0,7.2,1,0.9333
2,3,1,4,4,1,2,3,1,2.0,11,0.0,0,0.972222222,0.666666667,1,1,4.5,1,0.5
5,3,16,21,15,4,17,4,3,0.75,53,1.0,0,0.983240223,0.5,1,3,9.2,3,1.2
1,1,0,1,2,0,1,0,0,2.0,6,0.0,0,0.0,1.0,0,0,3.0,0,0.0
6,1,0,17,45,5,1,17,6,0.55,247,0.0,2,0.0,0.375,0,0,39.5,10,2.6667
14,1,0,10,36,49,7,3,14,0.538461538,304,0.0,0,0.0,0.265306122,0,0,20.57142857,11,1.8571
18,1,0,2,28,87,1,1,18,0.852941176,200,1.0,0,0.0,0.361111111,0,0,9.666666667,1,0.9444
7,3,0,14,25,0,2,13,6,0.5,118,1.0,1,0.903225806,0.285714286,1,6,15.57142857,5,1.4286
5,3,0,13,20,8,1,12,2,0.5,66,1.0,0,0.913043478,0.472222222,0,0,12.0,1,0.4
2,3,0,4,4,1,1,3,2,2.0,13,0.0,0,0.976190476,0.75,1,1,5.5,1,0.5
4,2,0,10,26,6,1,9,2,1.0,195,0.0,0,0.884615385,0.5,0,0,47.5,10,3.0
14,1,0,30,96,87,8,23,10,0.884615385,905,1.0,2,0.0,0.192307692,0,0,63.5,10,1.7143
20,3,0,11,52,128,5,8,14,0.701754386,313,1.0,1,0.68627451,0.190789474,2,5,14.5,4,1.5
51,1,0,15,113,1263,11,5,50,0.924,731,0.6,0,0.0,0.104444444,0,0,13.23529412,2,1.0
12,4,0,12,29,52,4,9,12,0.818181818,115,1.0,1,0.946107784,0.214285714,2,3,8.333333333,2,0.8333
9,4,7,15,23,6,8,8,8,0.375,123,0.0,1,0.857142857,0.355555556,3,9,12.55555556,6,1.7778
13,5,0,17,53,54,8,12,9,0.875,303,0.833333333,1,0.981954887,0.261538462,3,12,21.84615385,10,1.6923
14,1,12,14,16,91,12,2,14,2.0,38,0.0,0,0.0,0.414285714,0,0,1.714285714,1,0.9286
3,1,0,37,9,1,36,1,2,0.5,37,1.0,0,0.0,0.5,0,0,11.0,2,0.6667
2,1,0,5,10,1,1,4,0,2.0,82,0.0,0,0.0,0.5,0,0,40.0,1,0.5
4,1,0,2,10,0,0,2,4,0.0,83,0.0,0,0.0,0.4,0,0,19.5,2,0.5
5,1,1,4,21,0,3,2,4,0.25,264,1.0,1,0.0,0.44,0,0,50.6,22,6.0
6,2,0,2,11,9,1,1,6,0.2,45,1.0,0,0.5,0.416666667,0,0,6.333333333,2,0.8333
7,4,1,4,25,19,2,3,4,0.333333333,130,0.0,1,0.953488372,0.326530612,1,3,17.42857143,1,0.5714
5,2,0,5,22,0,1,4,0,0.125,206,1.0,0,0.7,0.35,1,3,39.8,11,4.0
13,4,0,3,18,78,0,3,13,2.0,73,0.0,0,0.872340426,0.403846154,1,6,4.615384615,1,0.9231
1,1,0,3,1,0,2,1,1,2.0,1,0.0,0,0.0,1.0,0,0,0.0,1,1.0
14,3,0,5,29,53,1,4,6,0.692307692,514,1.0,1,0.541666667,0.333333333,1,4,34.92857143,14,2.2857
15,1,0,22,47,81,2,20,14,0.867346939,218,1.0,0,0.0,0.1875,0,0,13.06666667,2,0.9333
7,1,0,2,36,0,2,1,5,0.555555556,335,0.666666667,1,0.0,0.642857143,0,0,45.57142857,9,3.2857
9,3,0,5,18,14,1,4,8,0.8125,90,1.0,1,0.840909091,0.40625,0,0,8.333333333,1,0.7778
6,3,0,1,19,15,1,0,4,1.12,184,0.0,0,0.8125,0.5,1,1,28.83333333,14,2.8333
5,2,0,8,16,8,1,7,1,0.875,77,0.5,0,0.571428571,0.4375,1,2,14.0,2,0.8
4,0,2,5,24,6,2,3,1,2.0,93,0.0,0,0.0,0.4,0,0,22.25,4,1.5
3,3,0,3,11,3,1,3,2,1.5,30,0.0,0,0.958333333,0.555555556,1,1,8.666666667,1,0.6667
42,3,0,29,135,617,4,28,27,0.860310421,2387,1.0,9,0.830508475,0.136298422,2,6,55.57142857,26,2.0952
4,8,0,8,28,6,2,8,4,2.0,129,0.0,0,0.996515679,0.875,0,0,31.25,8,2.5
13,1,0,1,24,8,1,1,9,0.6875,380,1.0,4,0.0,0.307692308,0,0,27.61538462,11,4.2308
5,4,0,3,20,4,1,2,4,0.833333333,168,0.666666667,0,0.896551724,0.466666667,2,4,32.0,1,0.6
4,2,0,1,12,6,0,1,4,2.0,39,0.0,0,0.8125,0.583333333,0,0,8.75,1,0.75
8,5,0,9,23,0,4,5,8,0.761904762,198,0.5,0,0.844444444,0.35,1,4,23.0,6,2.25
12,1,0,0,12,66,0,0,12,2.0,12,0.0,0,0.0,0.354166667,0,0,0.0,1,1.0
4,1,1,18,40,4,2,16,2,0.833333333,192,0.5,0,0.0,0.444444444,0,0,46.5,1,0.5
26,1,0,20,65,73,9,13,0,0.675555556,1311,1.0,4,0.0,0.274038462,0,0,49.07692308,29,3.9615
4,2,0,17,7,4,16,1,2,0.958333333,100,0.125,8,0.857142857,0.444444444,1,1,22.0,1,0.5
5,3,0,3,18,0,2,1,4,0.55,387,0.4,1,0.866666667,0.4,1,1,75.4,14,4.8
13,1,0,23,77,48,1,22,5,0.738095238,614,1.0,4,0.0,0.314814815,0,0,45.69230769,8,2.6154
9,1,0,47,9,36,41,6,9,2.0,9,0.0,0,0.0,0.238095238,0,0,0.0,1,1.0
13,0,0,16,29,52,4,13,4,0.854166667,120,1.0,1,0.0,0.202380952,0,0,7.923076923,2,1.0
10,3,6,9,20,21,7,2,5,0.814814815,146,1.0,1,0.692307692,0.228571429,1,2,13.3,1,0.8
3,2,0,3,10,0,2,1,3,0.0,44,1.0,0,0.75,0.555555556,1,1,13.33333333,4,1.6667
7,1,0,17,7,21,15,3,7,2.0,7,0.0,0,0.0,0.476190476,0,0,0.0,1,1.0
1,1,0,7,1,0,7,0,1,2.0,1,0.0,0,0.0,1.0,0,0,0.0,1,1.0
19,2,0,4,33,119,0,4,17,0.901234568,284,0.555555556,0,0.407407407,0.460526316,1,6,13.47368421,2,0.8947
5,1,0,4,20,0,0,4,4,0.333333333,144,1.0,1,0.0,0.9,0,0,27.2,5,2.2
11,2,0,7,12,25,5,2,11,0.8,74,1.0,1,0.285714286,0.290909091,0,0,5.272727273,1,0.9091
1,1,0,0,2,0,0,0,1,2.0,6,0.0,0,0.0,1.0,0,0,3.0,0,0.0
25,1,0,62,25,300,55,8,25,2.0,25,0.0,0,0.0,0.296,0,0,0.0,1,1.0
10,1,0,15,24,0,13,3,9,0.970760234,247,0.210526316,3,0.0,0.475,0,0,21.8,4,1.5
35,1,0,12,79,333,2,11,31,0.751633987,487,1.0,6,0.0,0.167857143,0,0,12.65714286,7,1.7143
2,1,0,5,2,1,5,0,2,2.0,2,0.0,0,0.0,0.75,0,0,0.0,1,1.0
3,3,0,6,8,3,1,6,2,2.0,22,0.0,0,0.971428571,0.666666667,1,1,6.333333333,1,0.3333
19,1,0,4,40,159,0,4,14,0.819444444,198,0.5,2,0.0,0.203947368,0,0,9.210526316,2,1.1053
29,2,0,5,50,318,1,5,29,0.86038961,304,1.0,0,0.781512605,0.199233716,1,4,9.103448276,1,0.8966
89,1,0,5,123,492,1,4,10,0.80815508,13175,0.382352941,1,0.0,0.339015152,0,0,146.6516854,209,13.4831
4,3,0,4,15,0,0,4,4,0.833333333,70,0.5,0,0.909090909,0.583333333,0,0,16.0,3,1.5
30,1,0,13,73,347,1,12,27,0.668965517,380,1.0,2,0.0,0.114285714,0,0,11.5,3,1.0333
3,1,0,5,12,0,1,4,3,0.25,54,1.0,1,0.0,0.466666667,0,0,16.33333333,2,1.0
3,4,0,1,4,1,0,1,2,1.428571429,1872,0.0,0,0.976190476,1.0,0,0,618.3333333,1,0.3333
10,1,0,4,37,0,0,4,9,0.388888889,280,1.0,0,0.0,0.34,0,0,26.8,5,1.6
13,2,0,5,23,66,2,3,11,0.805555556,140,0.666666667,0,0.523809524,0.5,1,6,9.538461538,2,0.8462
62,2,0,70,204,1655,28,54,47,0.957991803,2554,0.8125,7,0.469565217,0.095878136,2,6,39.67741935,12,2.3387
10,1,0,1,10,45,1,0,10,1.111111111,11,0.0,0,0.0,0.4,0,0,0.0,1,1.0
3,2,0,4,8,0,1,3,0,0.5,77,1.0,0,0.777777778,0.444444444,1,2,24.0,5,2.0
6,1,0,4,6,15,4,0,6,1.2,18,0.0,0,0.0,0.533333333,0,0,0.0,1,1.0
7,1,0,9,30,21,9,0,5,2.0,350,0.0,0,0.0,0.306122449,0,0,49.0,10,3.5714
3,1,0,13,4,0,13,0,3,0.0,19,1.0,0,0.0,0.555555556,0,0,5.0,1,0.6667
18,2,0,8,42,81,0,8,17,1.0,517,0.064516129,1,0.545454545,0.259259259,2,4,26.0,22,3.9444
25,2,0,6,44,164,1,5,23,0.828703704,412,0.888888889,2,0.333333333,0.352,1,6,15.12,2,0.92
3,5,0,2,6,3,1,1,3,2.0,16,0.0,0,1.0,0.777777778,0,0,4.333333333,0,0.0
1,4,0,2,2,0,1,1,1,2.0,6,0.0,0,1.0,1.0,0,0,4.0,0,0.0
0,1,0,2,0,0,2,0,0,2.0,10,0.0,0,0.0,0.0,0,0,0.0,0,0.0
12,2,0,16,49,6,2,14,10,0.803030303,406,0.666666667,0,0.541666667,0.226190476,0,0,32.33333333,25,3.4167
18,1,0,21,93,0,1,21,0,0.701960784,1039,1.0,8,0.0,0.188888889,0,0,55.88888889,1,0.8889
6,2,2,6,12,0,2,4,4,0.0,38,1.0,0,0.736842105,0.666666667,1,1,5.166666667,1,0.8333
56,2,2,51,169,1200,37,16,35,0.848863636,1842,0.875,2,0.409638554,0.155844156,1,5,31.60714286,14,2.1964
9,1,0,7,10,2,7,0,8,0.666666667,83,0.666666667,1,0.0,0.5,1,1,7.888888889,5,1.1111
2,4,0,4,6,1,0,4,2,2.0,439,0.0,0,0.976190476,1.0,0,0,218.5,1,0.5
2,2,0,3,3,1,2,2,2,2.0,8,0.0,0,0.888888889,0.625,0,0,3.0,1,0.5
12,1,0,14,24,66,1,13,11,2.0,74,0.0,0,0.0,0.444444444,0,0,5.166666667,1,0.9167
15,1,0,8,42,105,7,1,14,2.0,214,0.0,0,0.0,0.2,0,0,13.26666667,4,2.4667
7,1,0,36,7,21,36,0,7,2.0,7,0.0,0,0.0,0.523809524,0,0,0.0,1,1.0
1,1,0,8,1,0,6,2,1,2.0,1,0.0,0,0.0,1.0,0,0,0.0,1,1.0
4,2,0,5,15,4,1,5,3,0.666666667,38,1.0,1,0.857142857,0.466666667,0,0,8.25,1,0.25
11,2,4,12,20,0,6,7,11,0.2,88,1.0,1,0.75,0.227272727,1,7,6.909090909,3,1.3636
2,1,0,5,2,1,5,0,2,2.0,2,0.0,0,0.0,0.75,0,0,0.0,1,1.0
1,3,0,4,2,0,4,0,1,2.0,5,0.0,0,1.0,1.0,0,0,4.0,0,0.0
6,2,0,18,33,11,2,18,1,2.0,612,0.0,0,0.666666667,0.35,1,2,101.0,34,9.8333
7,6,5,12,15,1,7,6,5,0.75,76,0.5,1,0.962406015,0.342857143,2,5,9.571428571,2,1.0
1,1,0,7,1,0,7,1,1,2.0,1,0.0,0,0.0,1.0,0,0,0.0,1,1.0
10,5,0,7,53,0,1,6,5,0.883141762,1077,1.0,1,0.954545455,0.211111111,2,8,100.9,12,3.5
9,1,0,121,151,32,0,121,5,0.75,1303,0.5,0,0.0,0.253968254,0,0,143.5555556,117,14.2222
1,1,0,15,1,0,14,1,1,2.0,1,0.0,0,0.0,1.0,0,0,0.0,1,1.0
13,1,0,8,46,42,4,5,13,0.625,339,0.5,0,0.0,0.340659341,0,0,24.92307692,5,1.8462
3,4,0,22,31,3,1,21,3,2.0,152,0.0,0,0.974358974,0.5,2,3,49.66666667,8,3.0
20,3,0,14,69,130,1,13,16,0.846889952,819,1.0,4,0.660714286,0.25,2,2,39.4,25,3.05
5,2,5,17,7,10,12,6,4,2.0,14,0.0,0,0.75,0.466666667,1,1,1.8,1,0.8
5,2,1,5,18,2,1,5,4,0.625,142,0.5,1,0.823529412,0.5,1,4,27.0,14,3.2
4,1,0,9,4,6,6,3,4,2.0,4,0.0,0,0.0,0.6875,0,0,0.0,1,1.0
1,1,0,13,1,0,13,0,0,2.0,672,0.0,0,0.0,0.0,0,0,540.0,0,0.0
18,5,0,14,44,77,2,12,16,0.713235294,331,1.0,3,0.636363636,0.240740741,2,8,16.94444444,6,1.4444
17,6,1,9,59,92,3,8,0,0.847222222,417,1.0,0,0.976642336,0.323529412,2,4,23.0,6,1.5882
12,5,0,3,39,58,1,2,11,0.690909091,213,1.0,0,0.975429975,0.4,0,0,16.33333333,2,1.0
2,2,0,9,20,1,1,8,2,2.0,132,0.0,0,0.958333333,1.0,1,1,65.0,1,0.5
11,3,0,18,43,0,0,18,10,0.633333333,375,0.666666667,2,0.8875,0.257142857,2,9,32.54545455,8,2.4545
27,3,0,11,92,349,1,11,26,1.030769231,865,1.0,0,0.619047619,0.164835165,1,2,30.48148148,11,1.6296
7,2,0,2,18,1,0,2,7,0.75,215,1.0,0,0.6,0.371428571,1,3,29.14285714,4,1.5714
7,1,0,9,22,5,0,9,7,0.7,114,1.0,1,0.0,0.392857143,0,0,14.57142857,5,1.4286
6,1,0,4,15,3,1,3,5,0.75,70,1.0,1,0.0,0.533333333,0,0,10.0,1,0.6667
6,3,0,6,18,5,0,6,5,0.733333333,95,1.0,0,0.880952381,0.5,0,0,14.33333333,1,0.8333
4,2,0,4,5,0,1,3,3,0.666666667,65,0.666666667,1,0.777777778,0.476190476,0,0,14.5,4,2.0
2,5,0,5,7,1,0,5,2,2.0,35,0.0,0,0.982142857,0.75,2,7,16.5,1,0.5
6,1,0,9,27,15,7,3,3,2.0,91,0.0,0,0.0,0.444444444,0,0,14.16666667,2,1.1667
5,3,0,1,16,8,0,1,3,1.243589744,1171,0.0,0,0.926829268,0.333333333,0,0,217.6,2,0.8
18,1,0,5,49,87,1,4,13,0.694117647,317,1.0,0,0.0,0.317647059,0,0,16.33333333,5,1.2778
11,1,0,6,19,1,5,2,11,0.45,67,1.0,1,0.0,0.318181818,0,0,4.909090909,1,0.9091
28,1,0,31,57,266,29,4,24,0.641975309,602,1.0,0,0.0,0.197530864,0,0,20.39285714,16,2.25
1,1,0,5,1,0,4,1,1,2.0,1,0.0,0,0.0,1.0,0,0,0.0,1,1.0
6,2,0,4,10,13,0,4,5,0.8,41,1.0,1,0.5,0.4,0,0,5.666666667,1,0.6667
15,1,0,20,63,103,17,6,12,0.910714286,757,0.0,0,0.0,0.154761905,0,0,48.93333333,11,3.0
2,3,0,3,4,1,1,2,2,2.0,12,0.0,0,1.0,0.625,0,0,4.5,0,0.0
6,7,1,8,16,0,3,6,4,0.2,94,1.0,0,0.97080292,0.4,4,10,14.5,3,1.1667
2,1,0,4,2,1,2,2,2,2.0,2,0.0,0,0.0,0.666666667,0,0,0.0,1,1.0
21,2,5,14,42,38,8,7,20,0.685714286,318,0.857142857,3,0.291666667,0.196428571,1,2,13.80952381,3,0.9048
39,4,0,18,119,617,1,18,30,0.870813397,1667,0.545454545,1,0.712121212,0.142857143,2,17,41.46153846,42,4.6154
2,1,0,0,4,1,0,0,2,2.0,16,0.0,0,0.0,0.5,0,0,3.5,1,0.5
11,1,1,2,13,35,2,0,11,0.9,87,0.1,2,0.0,0.393939394,0,0,6.0,1,0.9091
4,4,0,9,16,6,3,6,4,1.083333333,64,0.75,1,0.986363636,0.625,3,7,14.0,1,0.75
5,1,0,6,13,10,3,4,4,2.0,54,0.0,0,0.0,0.45,0,0,9.8,2,1.6
3,1,0,1,10,1,1,0,2,0.5,84,0.0,0,0.0,0.5,0,0,26.66666667,10,3.3333
4,3,0,6,13,4,1,5,3,0.666666667,27,1.0,1,0.939393939,1.0,0,0,5.5,1,0.5
3,3,0,3,7,3,0,3,3,2.0,33,0.0,0,1.0,0.75,0,0,10.0,0,0.0
2,1,0,2,9,1,1,1,2,2.0,48,0.0,0,0.0,0.666666667,0,0,23.0,6,3.0
133,2,0,114,409,7774,63,68,125,0.944507576,3531,0.725,17,0.090277778,0.052807487,1,2,25.2481203,5,1.3383
27,4,2,21,53,257,8,15,23,0.802884615,454,0.625,4,0.747572816,0.138888889,1,4,15.51851852,5,1.5926
20,3,0,2,29,100,2,1,12,0.671052632,569,1.0,0,0.538461538,0.233333333,2,11,27.25,6,2.7
1,4,0,0,2,0,0,0,1,2.0,10,0.0,0,1.0,1.0,0,0,7.0,0,0.0
32,2,1,16,140,400,3,14,23,0.970588235,1196,0.852941176,2,0.516129032,0.218637993,1,5,35.3125,28,2.625
7,2,0,3,17,0,3,1,7,0.611111111,66,1.0,0,0.333333333,0.392857143,0,0,8.0,2,1.0
2,1,0,4,4,1,1,3,2,2.0,9,0.0,0,0.0,1.0,0,0,3.5,1,0.5
0,1,0,2,0,0,2,0,0,2.0,0,0.0,0,0.0,0.0,0,0,0.0,0,0.0
7,1,0,11,38,21,4,9,3,2.0,167,0.0,0,0.0,0.3,0,0,22.85714286,3,1.4286
14,1,0,9,45,61,3,6,11,0.769230769,425,1.0,1,0.0,0.294871795,0,0,29.14285714,8,2.4286
10,1,0,53,10,45,53,0,10,1.111111111,11,0.0,0,0.0,0.4,0,0,0.0,1,1.0
11,3,0,4,29,17,0,4,8,0.771428571,224,1.0,1,0.804347826,0.4,1,1,18.72727273,3,1.0
7,7,0,6,40,9,3,5,4,0.611111111,214,1.0,1,0.993811881,0.3,3,13,28.71428571,8,2.1429
14,1,0,10,45,3,0,10,12,0.576923077,459,0.333333333,0,0.0,0.267857143,0,0,31.35714286,6,2.7143
8,2,0,8,19,0,2,6,6,0.821428571,324,1.0,6,0.3,0.583333333,1,2,38.5,4,1.375
2,1,0,4,2,1,2,2,2,2.0,2,0.0,0,0.0,0.75,0,0,0.0,1,1.0
3,2,0,4,8,0,1,3,3,0.0,43,1.0,0,0.666666667,0.833333333,0,0,13.0,1,0.6667
10,3,0,13,42,7,1,12,9,0.638888889,280,0.5,0,0.72,0.285714286,3,4,26.6,6,1.4
4,4,0,3,8,6,2,1,4,2.0,20,0.0,0,1.0,0.666666667,0,0,4.0,0,0.0
18,1,0,30,39,0,28,3,17,0.81372549,432,0.833333333,2,0.0,0.426470588,0,0,22.66666667,5,2.4444
20,1,0,7,39,132,1,6,18,0.881578947,363,1.0,0,0.0,0.3875,0,0,16.75,30,2.55
2,3,0,4,4,1,0,4,1,2.0,9,0.0,0,0.923076923,0.75,1,1,3.5,1,0.5
15,4,0,2,30,105,0,2,15,2.0,126,0.0,0,0.87037037,0.4,0,0,7.4,3,1.1333
11,2,0,14,46,25,8,6,11,0.957142857,366,0.142857143,0,0.655172414,0.222222222,1,6,31.63636364,3,1.8182
3,1,0,9,3,3,8,1,3,2.0,3,0.0,0,0.0,0.666666667,0,0,0.0,1,1.0
4,3,0,5,8,4,0,5,3,0.666666667,29,1.0,0,0.944444444,0.4,1,1,6.0,1,0.5
6,2,0,4,10,13,0,4,5,0.8,41,1.0,1,0.5,0.4,0,0,5.666666667,1,0.6667
11,1,0,7,22,43,4,4,9,0.751851852,364,0.0,4,0.0,0.533333333,0,0,29.63636364,5,1.4545
14,1,0,2,14,91,1,1,14,2.0,14,0.0,0,0.0,0.5,0,0,0.0,1,1.0
16,1,0,7,16,120,2,5,16,1.066666667,20,0.0,0,0.0,0.1953125,0,0,0.0,1,1.0
4,1,0,0,14,6,0,0,1,2.0,79,0.0,0,0.0,0.375,0,0,18.75,5,2.0
11,2,0,7,21,25,3,4,9,0.8,121,0.5,0,0.55,0.309090909,1,3,9.818181818,2,0.9091
20,3,0,12,79,144,2,11,14,0.885964912,785,1.0,0,0.660714286,0.227777778,2,3,37.95,3,1.1
2,5,0,5,8,1,0,5,2,2.0,34,0.0,0,0.98245614,0.75,1,6,16.0,1,0.5
2,1,0,26,2,1,26,0,2,2.0,2,0.0,0,0.0,1.0,0,0,0.0,1,1.0
3,2,0,3,5,3,1,2,0,2.0,24,0.0,0,0.5,0.555555556,0,0,7.0,2,1.3333
15,1,0,13,54,41,2,11,10,0.804761905,675,0.533333333,5,0.0,0.237037037,0,0,43.0,3,1.2
1,1,0,2,1,0,1,1,1,2.0,1,0.0,0,0.0,1.0,0,0,0.0,1,1.0
3,4,0,2,6,3,0,2,3,2.0,17,0.0,0,0.979166667,0.5,0,0,4.666666667,1,0.6667
3,1,0,9,25,1,7,2,3,0.0,277,1.0,1,0.0,0.666666667,0,0,91.0,14,5.3333
6,1,0,8,10,0,7,2,3,0.65,57,1.0,1,0.0,0.416666667,0,0,7.833333333,2,1.0
5,3,0,12,28,0,1,12,3,0.25,103,1.0,1,0.75,0.4,1,1,19.2,1,0.8
2,3,0,3,6,0,0,3,2,0.0,28,1.0,1,0.952380952,0.666666667,1,2,12.5,3,1.5
9,1,0,10,18,28,3,10,7,0.8125,61,1.0,1,0.0,0.232142857,0,0,5.555555556,1,0.7778
19,1,0,11,49,37,4,9,9,0.636363636,455,1.0,2,0.0,0.171717172,0,0,22.36842105,1,0.7895
3,3,0,7,6,3,4,4,3,2.0,16,0.0,0,0.972222222,0.533333333,1,1,4.333333333,1,0.3333
15,1,1,15,29,45,4,11,12,0.714285714,171,1.0,5,0.0,0.35,0,0,9.933333333,3,1.2
4,1,0,2,5,0,1,2,4,0.666666667,28,1.0,2,0.0,0.4375,0,0,5.25,1,0.75
10,3,6,20,21,23,18,2,5,0.814814815,151,1.0,1,0.692307692,0.228571429,1,2,13.8,1,0.8
10,2,0,4,18,25,1,4,9,0.888888889,83,0.666666667,0,0.466666667,0.3,1,2,7.0,1,0.8
1,1,0,10,2,0,9,1,1,2.0,12,0.0,0,0.0,1.0,0,0,9.0,0,0.0
22,2,0,3,47,175,1,2,20,0.630952381,475,0.0,0,0.34375,0.303030303,1,5,20.40909091,7,2.0909
3,2,0,1,9,0,0,1,1,0.0,58,1.0,1,0.714285714,0.666666667,1,1,17.33333333,1,0.6667
34,1,0,0,34,561,0,0,34,2.0,34,0.0,0,0.0,0.282352941,0,0,0.0,1,1.0
9,4,0,9,23,0,3,7,9,0.25,94,1.0,0,0.969325153,0.277777778,2,3,9.333333333,1,0.5556
5,1,2,11,6,10,8,4,2,2.0,8,0.0,0,0.0,0.466666667,0,0,0.6,1,0.8
5,2,0,10,11,10,4,8,5,2.0,32,0.0,0,0.903225806,0.371428571,1,2,5.4,1,0.6
8,1,0,21,44,24,0,21,2,0.885714286,243,0.8,0,0.0,0.261904762,0,0,28.75,2,1.125
12,1,0,3,44,64,1,2,0,0.981818182,586,1.0,0,0.0,0.318181818,0,0,47.41666667,8,1.8333
0,1,0,4,0,0,3,1,0,2.0,0,0.0,0,0.0,0.0,0,0,0.0,0,0.0
2,2,0,7,5,1,2,5,2,1.0,22,0.0,0,0.947368421,0.625,1,1,9.5,1,0.5
27,3,0,11,83,291,2,9,20,0.889423077,658,1.0,2,0.587301587,0.185185185,0,0,23.07407407,11,1.9259
3,3,0,0,4,1,0,0,2,0.5,923,0.0,0,0.974358974,1.0,0,0,306.3333333,1,0.3333
43,1,0,42,148,583,11,35,30,0.781746032,1738,0.916666667,4,0.0,0.098901099,0,0,39.13953488,26,2.7907
7,1,2,5,11,9,2,3,6,0.5,140,1.0,0,0.0,0.523809524,0,0,18.85714286,9,3.1429
8,3,0,11,33,4,0,11,6,0.771428571,167,1.0,4,0.810810811,0.25,1,3,19.25,5,2.0
9,2,0,16,23,30,5,13,9,0.625,89,1.0,0,0.636363636,0.277777778,1,1,8.777777778,1,0.8889
4,2,0,5,6,4,1,4,2,0.666666667,21,1.0,1,0.5,0.5,0,0,4.0,1,0.5
18,4,0,3,25,153,0,3,18,0.941176471,102,1.0,1,0.846846847,0.481481481,0,0,4.611111111,2,1.0
5,1,0,4,6,2,3,1,5,0.75,36,1.0,1,0.0,0.36,0,0,5.4,1,0.8
5,2,0,5,12,0,1,4,4,0.4375,119,1.0,3,0.4,0.4,0,0,22.0,7,2.2
3,1,0,5,10,0,1,4,3,0.0,31,1.0,1,0.0,0.555555556,0,0,9.0,1,0.6667
5,1,0,6,6,4,6,0,4,0.75,32,1.0,0,0.0,0.466666667,0,0,4.8,1,0.6
2,1,0,0,2,1,0,0,2,2.0,2,0.0,0,0.0,1.0,0,0,0.0,1,1.0
8,1,0,4,19,2,1,3,6,0.178571429,116,1.0,2,0.0,0.34375,0,0,13.0,2,1.0
10,2,0,6,19,39,2,4,8,0.925925926,92,0.333333333,0,0.578947368,0.32,1,4,7.9,2,0.9
9,5,0,20,50,32,4,17,7,1.025,272,0.0,1,0.967611336,0.351851852,3,7,28.66666667,5,1.5556
1,1,0,5,1,0,4,1,1,2.0,1,0.0,0,0.0,1.0,0,0,0.0,1,1.0
9,2,0,5,19,0,2,3,4,0.375,107,1.0,1,0.533333333,0.416666667,1,2,10.66666667,2,1.2222
86,2,0,9,97,3649,0,9,84,2.0,709,0.0,0,0.105263158,0.05620155,0,0,7.244186047,3,1.0233
5,1,0,1,17,0,0,1,2,0.5,163,0.0,1,0.0,0.25,0,0,30.8,3,1.4
5,2,10,24,17,10,14,10,4,2.0,56,0.0,0,0.931034483,0.44,1,4,10.2,1,0.8
3,4,0,14,17,3,0,14,3,2.0,75,0.0,0,0.979591837,0.444444444,3,13,24.0,3,1.3333
2,1,0,7,16,0,1,6,1,0.333333333,137,1.0,2,0.0,0.583333333,0,0,66.0,1,0.5
13,4,0,2,16,78,1,2,13,2.0,72,0.0,0,0.886792453,0.538461538,0,0,4.538461538,1,0.9231
1,1,0,5,1,0,2,3,1,2.0,1,0.0,0,0.0,1.0,0,0,0.0,1,1.0
15,1,1,13,35,59,3,12,5,0.821428571,189,1.0,2,0.0,0.222222222,0,0,11.2,4,1.0
25,1,0,149,25,300,141,12,25,2.0,25,0.0,0,0.0,0.18,0,0,0.0,1,1.0
3,2,0,5,9,3,2,3,0,2.0,47,0.0,0,0.846153846,0.555555556,1,3,14.66666667,4,1.6667
3,7,0,4,6,3,1,3,1,1.5,32,0.0,0,0.985185185,0.555555556,3,5,9.333333333,2,1.0
8,2,0,4,11,0,2,2,8,0.214285714,105,1.0,0,0.722222222,0.5,1,6,11.875,4,1.125
7,1,0,1,20,19,1,0,4,1.037037037,197,0.666666667,0,0.0,0.266666667,0,0,25.85714286,4,1.1429
10,2,0,6,38,9,0,6,6,0.747474747,327,0.0,2,0.884057971,0.222222222,0,0,30.6,4,2.0
8,4,0,8,19,26,1,7,8,0.285714286,66,1.0,0,0.973544974,0.35,2,3,7.125,1,0.625
3,3,0,0,4,1,0,0,2,0.5,234,1.0,0,0.974358974,1.0,0,0,76.66666667,1,0.3333
1,3,0,3,9,0,2,1,1,2.0,27,0.0,0,1.0,1.0,0,0,26.0,0,0.0
14,1,0,12,35,89,1,12,13,0.076923077,134,1.0,2,0.0,0.205357143,0,0,8.428571429,4,1.1429
15,3,3,10,47,39,4,6,11,0.547619048,310,1.0,0,0.681818182,0.222222222,2,5,19.46666667,7,1.8667
8,1,0,6,30,22,0,6,2,0.942857143,324,0.0,7,0.0,0.285714286,0,0,38.25,5,2.0
3,2,0,5,6,3,4,3,3,2.0,17,0.0,0,0.965517241,0.533333333,0,0,4.666666667,1,0.3333
9,2,0,8,29,0,4,6,3,0.25,708,0.0,0,0.384615385,0.416666667,1,5,77.55555556,9,5.4444
16,1,0,0,16,120,0,0,16,2.0,16,0.0,0,0.0,0.645833333,0,0,0.0,1,1.0
21,3,0,4,49,0,0,4,19,0.635714286,529,1.0,0,0.5,0.220238095,1,2,23.85714286,5,1.1429
7,1,3,19,32,9,16,4,5,0.5,211,1.0,0,0.0,0.333333333,0,0,28.85714286,9,2.8571
8,1,2,9,9,28,5,5,0,1.0,16,0.0,1,0.0,0.267857143,0,0,0.875,1,0.875
2,1,0,0,2,1,0,0,2,2.0,2,0.0,0,0.0,1.0,0,0,0.0,1,1.0
1,1,0,8,1,0,7,1,1,2.0,1,0.0,0,0.0,1.0,0,0,0.0,1,1.0
9,1,0,11,45,22,0,11,6,0.75,351,1.0,0,0.0,0.4,0,0,37.77777778,1,0.7778
5,1,0,9,20,0,6,3,5,0.59375,112,0.0,1,0.0,0.533333333,0,0,19.8,2,1.0
5,1,1,3,6,10,1,2,5,2.0,12,0.0,0,0.0,0.733333333,0,0,1.4,1,0.8
1,1,0,11,1,0,11,1,1,2.0,1,0.0,0,0.0,1.0,0,0,0.0,1,1.0
4,1,0,2,8,4,0,0,4,0.666666667,24,1.0,1,0.0,0.5,0,0,4.75,1,0.75
2,4,0,3,3,1,1,2,2,2.0,13,0.0,0,0.987804878,0.6,0,0,5.5,1,0.5
7,3,4,9,16,0,4,6,6,0.166666667,119,1.0,1,0.97029703,0.428571429,0,0,15.85714286,2,1.0
1,1,0,2,1,0,1,1,1,2.0,1,0.0,0,0.0,1.0,0,0,0.0,1,1.0
10,1,0,7,24,29,2,5,9,0.911111111,110,1.0,1,0.0,0.444444444,0,0,9.5,4,1.6
8,5,0,9,29,0,1,8,5,0.571428571,187,1.0,0,0.823529412,0.375,2,5,22.0,4,1.125
11,1,0,13,48,0,1,13,9,0.633333333,360,1.0,2,0.0,0.222222222,0,0,31.18181818,11,2.4545
19,1,0,5,48,151,3,2,16,0.604166667,1417,0.875,0,0.0,0.231578947,0,0,72.73684211,33,4.3684
8,1,0,2,12,8,0,2,7,0.821428571,129,0.083333333,0,0.0,0.642857143,0,0,13.625,1,0.625
17,2,0,9,43,48,2,8,13,0.5625,263,1.0,2,0.444444444,0.135746606,2,4,14.29411765,7,1.6471
5,1,0,4,11,0,2,2,5,0.0,43,1.0,1,0.0,0.6,0,0,7.4,1,0.8
1,3,0,3,2,0,1,3,1,2.0,9,0.0,0,1.0,1.0,0,0,7.0,0,0.0
14,1,0,4,33,39,0,4,13,0.692307692,231,1.0,1,0.0,0.261538462,0,0,15.14285714,1,0.8571
8,2,27,32,16,0,27,5,6,0.285714286,47,1.0,1,0.65,0.34375,1,1,4.75,1,0.875
7,3,0,7,22,0,0,7,7,0.625,147,1.0,0,0.860465116,0.342857143,1,1,19.42857143,5,1.4286
11,3,15,33,20,0,25,8,10,0.3,113,0.0,1,0.791666667,0.345454545,2,4,9.181818182,6,1.5455
3,4,0,40,5,0,40,0,3,0.0,22,1.0,0,0.944444444,0.666666667,0,0,6.0,1,0.3333
2,1,0,0,2,1,0,0,2,2.0,2,0.0,0,0.0,0.75,0,0,0.0,1,1.0
8,3,0,5,20,0,2,3,7,1.142857143,154,0.5,0,0.772727273,0.270833333,1,5,18.0,1,0.625
3,5,0,3,9,0,2,1,3,0.0,44,1.0,0,0.944444444,0.666666667,0,0,13.33333333,1,0.3333
23,5,2,15,99,165,2,13,10,0.814935065,1007,1.0,6,0.850340136,0.158385093,3,13,42.17391304,5,1.3913
4,3,0,4,21,4,1,3,3,0.555555556,206,0.333333333,0,0.5,0.458333333,1,1,49.0,21,5.75
3,1,0,2,7,3,0,2,3,2.0,13,0.0,0,0.0,0.833333333,0,0,3.333333333,1,0.6667
8,1,0,25,20,22,22,3,6,0.571428571,176,1.0,0,0.0,0.25,0,0,20.875,1,0.75
3,3,0,4,11,0,0,4,3,0.0,35,1.0,1,0.9375,0.666666667,0,0,10.33333333,2,1.0
12,1,6,16,28,40,12,5,11,0.848484848,159,0.833333333,2,0.0,0.238095238,0,0,11.75,2,1.0
0,1,0,0,0,0,0,0,0,2.0,0,0.0,0,0.0,0.0,0,0,0.0,0,0.0
4,2,0,2,6,4,1,1,4,0.333333333,24,1.0,0,0.916666667,0.75,1,2,4.75,1,0.5
14,3,0,21,43,59,9,13,13,0.641025641,208,1.0,1,0.925925926,0.261538462,1,2,13.64285714,3,1.1429
31,1,0,6,65,243,4,2,30,0.726666667,747,1.0,0,0.0,0.182795699,1,1,22.61290323,4,1.1613
3,1,0,6,18,3,2,4,2,2.0,67,0.0,0,0.0,0.444444444,1,1,21.33333333,7,3.0
42,1,0,22,105,325,13,17,14,0.75,2076,0.625,6,0.0,0.201219512,0,0,48.04761905,23,4.3333
5,3,3,8,12,2,6,2,5,0.625,49,1.0,0,0.902439024,0.466666667,0,0,8.4,1,0.8
18,2,0,28,78,135,14,15,9,0.93627451,714,0.25,1,0.413793103,0.277777778,1,1,38.0,10,2.5
2,5,0,2,6,0,1,1,2,1.0,22,1.0,0,0.944444444,0.666666667,0,0,9.0,1,0.5
7,3,0,15,36,0,0,15,6,0.814814815,242,0.444444444,2,0.934210526,0.285714286,2,8,32.28571429,3,1.1429
6,1,4,5,7,9,5,0,5,0.6,23,1.0,0,0.0,0.5,0,0,2.666666667,1,0.6667
3,4,1,9,15,3,1,8,1,2.0,52,0.0,0,0.95,0.666666667,2,2,16.33333333,1,0.6667
5,2,0,3,13,4,2,3,5,1.0,61,1.0,3,0.904761905,0.5,1,1,10.0,1,0.4
24,1,0,2,36,0,1,1,21,0.508152174,1008,0.6875,0,0.0,0.3125,0,0,40.33333333,7,1.5
15,6,0,13,97,65,9,11,6,0.738095238,512,1.0,1,0.98173516,0.253333333,1,1,32.53333333,8,1.2667
15,3,0,8,49,33,1,8,9,0.428571429,463,1.0,1,0.725490196,0.25,1,1,29.8,7,1.9333
1,3,0,4,2,0,2,2,1,2.0,5,0.0,0,1.0,1.0,0,0,4.0,0,0.0
11,1,0,38,16,25,38,0,11,0.05,191,0.0,0,0.0,0.409090909,1,1,16.0,7,1.1818
14,2,0,8,32,73,3,5,11,0.861538462,192,0.8,0,0.47826087,0.314285714,1,3,12.35714286,2,1.0714
4,1,0,2,24,4,1,1,2,0.333333333,146,1.0,0,0.0,0.466666667,0,0,35.25,3,1.25
7,4,0,6,28,21,0,6,6,2.0,92,0.0,0,0.93814433,0.428571429,1,1,12.14285714,2,1.0
11,2,4,11,20,0,6,6,11,0.2,88,1.0,1,0.75,0.227272727,1,7,6.909090909,3,1.3636
4,1,0,7,27,4,0,7,2,0.666666667,134,0.0,0,0.0,0.333333333,0,0,32.25,3,1.5
5,1,1,26,11,0,24,2,5,0.375,41,1.0,1,0.0,0.466666667,0,0,6.8,1,0.8
6,3,0,5,22,7,1,4,4,0.866666667,98,1.0,0,0.925373134,0.458333333,2,4,14.83333333,2,1.1667
4,3,0,4,16,0,1,4,4,0.333333333,46,1.0,0,0.727272727,0.5,2,3,10.25,1,0.75
8,5,0,6,23,0,4,2,8,0.571428571,183,1.0,0,0.75,0.40625,1,1,21.25,8,1.625
3,3,0,4,8,3,1,4,2,1.5,30,0.0,0,0.971428571,0.5,1,2,8.333333333,1,0.3333
12,1,0,3,21,44,1,2,5,0.805194805,147,1.0,1,0.0,0.261904762,0,0,10.66666667,4,1.25
10,3,0,16,22,43,2,14,8,0.333333333,93,1.0,0,0.826086957,0.4,1,1,8.2,1,0.8
3,3,0,0,4,1,0,0,2,0.5,1248,1.0,0,0.974358974,1.0,0,0,414.6666667,1,0.3333
2,3,0,0,3,1,0,0,2,2.0,1243,0.0,0,0.974358974,1.0,0,0,620.5,1,0.5
7,1,0,5,11,7,2,4,5,0.722222222,54,1.0,1,0.0,0.285714286,0,0,6.285714286,1,0.8571
13,1,0,4,40,8,0,4,2,0.697916667,516,0.0,4,0.0,0.15,0,0,38.07692308,7,2.7692
7,3,0,10,22,0,2,10,2,0.733333333,88,1.0,3,0.821428571,0.3,1,1,10.85714286,1,0.7143
2,1,0,6,2,1,6,1,2,2.0,2,0.0,0,0.0,1.0,0,0,0.0,1,1.0
1,2,0,1,2,0,0,1,1,2.0,6,1.0,0,1.0,1.0,0,0,3.0,0,0.0
25,2,0,13,74,94,3,10,20,0.897435897,490,0.384615385,2,0.333333333,0.262857143,2,7,18.08,6,1.52
26,1,0,0,26,325,0,0,26,2.0,26,0.0,0,0.0,0.5,0,0,0.0,1,1.0
2,5,0,1,7,0,1,0,2,0.0,20,1.0,0,0.928571429,0.75,0,0,8.5,1,0.5
9,1,0,8,36,8,1,7,0,0.625,648,1.0,4,0.0,0.24691358,0,0,70.22222222,4,1.2222
1,1,0,2,1,0,2,0,1,2.0,1,0.0,0,0.0,1.0,0,0,0.0,1,1.0
3,3,0,7,7,3,2,5,3,2.0,25,0.0,0,0.953488372,0.555555556,1,1,7.333333333,1,0.6667
8,2,0,8,19,10,2,6,4,0.766233766,379,0.909090909,2,0.533333333,0.295454545,1,3,45.0,11,3.75
8,6,0,13,37,18,1,13,6,0.619047619,161,1.0,1,0.85106383,0.25,0,0,18.75,1,0.875
8,1,0,31,96,28,4,27,7,2.0,430,0.0,0,0.0,0.2,0,0,52.75,6,2.875
17,2,0,14,58,100,2,12,11,0.90625,444,1.0,2,0.464285714,0.3,0,0,24.64705882,12,2.0588
4,2,0,6,14,0,1,6,3,0.0,96,1.0,1,0.916666667,0.5,1,3,22.75,5,1.75
3,1,0,11,3,3,10,1,3,1.5,6,0.0,0,0.0,0.666666667,0,0,0.0,1,1.0
4,1,0,4,13,0,1,3,4,0.666666667,60,1.0,1,0.0,0.75,0,0,13.25,1,0.75
2,8,0,10,30,1,2,9,2,2.0,175,0.0,0,0.998835856,0.75,2,3,86.5,15,7.5
3,1,0,24,3,3,24,0,3,1.5,4,0.0,0,0.0,0.833333333,0,0,0.0,1,1.0
2,2,0,11,16,1,5,6,2,2.0,50,0.0,0,0.928571429,0.75,0,0,24.0,5,2.5
2,1,0,3,2,1,3,0,2,2.0,2,0.0,0,0.0,1.0,0,0,0.0,1,1.0
12,1,4,6,31,64,4,2,11,0.954545455,167,0.0,0,0.0,0.203703704,0,0,12.75,4,1.4167
2,1,0,2,16,1,0,2,2,2.0,100,0.0,0,0.0,0.75,0,0,49.0,3,1.5
16,1,0,3,35,100,3,0,14,0.653333333,679,0.8,0,0.0,0.34375,0,0,40.8125,13,2.5
5,2,0,12,23,0,2,10,4,0.25,125,1.0,0,0.625,0.5,1,2,23.4,4,1.4
2,4,0,5,6,0,5,0,2,0.0,20,1.0,0,0.944444444,0.75,0,0,8.5,1,0.5
5,2,0,15,25,10,2,13,1,1.071428571,162,0.0,0,0.818181818,0.72,0,0,30.0,1,0.8
9,3,0,57,49,0,34,24,8,0.583333333,536,1.0,2,0.91025641,0.3125,2,8,58.22222222,5,1.3333
6,1,0,3,24,0,1,2,4,0.72,218,1.0,1,0.0,0.4,0,0,34.5,1,0.6667
13,2,0,14,43,10,4,13,5,0.729166667,498,0.0,3,0.352941176,0.208333333,0,0,36.69230769,9,1.8462
0,1,0,1,0,0,1,0,0,2.0,0,0.0,0,0.0,0.0,0,0,0.0,0,0.0
5,1,0,8,31,2,5,4,3,1.083333333,161,0.333333333,2,0.0,0.36,0,0,28.8,9,2.4
9,1,0,4,17,24,0,4,5,0.375,125,1.0,2,0.0,0.444444444,0,0,12.66666667,2,1.0
8,2,0,15,41,2,5,10,6,0.392857143,848,1.0,0,0.647058824,0.296875,1,2,104.5,6,1.75
2,2,0,5,6,1,3,2,2,2.0,65,0.0,0,0.888888889,0.625,0,0,31.5,7,3.5
10,1,0,3,11,15,3,0,10,0.333333333,154,1.0,0,0.0,0.32,1,1,14.3,4,1.0
5,3,0,20,33,0,0,20,4,0.5,176,1.0,1,0.933333333,0.333333333,2,7,33.8,6,1.8
9,2,0,20,27,18,10,10,7,0.8125,288,0.75,0,0.68,0.277777778,0,0,30.55555556,12,2.8889
4,3,0,1,15,6,0,1,3,1.333333333,1166,0.0,0,0.926829268,0.333333333,0,0,271.25,2,1.0
10,2,0,4,19,5,2,2,8,0.740740741,223,1.0,0,0.3,0.228571429,1,2,21.0,3,1.2
10,1,0,15,81,9,0,15,5,0.747474747,659,0.727272727,3,0.0,0.44,0,0,63.8,3,1.2
5,3,0,3,7,4,3,0,5,0.5,29,1.0,0,0.944444444,0.6,0,0,4.6,1,0.2
1,1,0,0,1,0,0,0,1,2.0,2,0.0,0,0.0,1.0,0,0,0.0,1,1.0
9,1,0,9,9,36,9,1,9,1.125,12,0.0,0,0.0,0.407407407,0,0,0.0,1,1.0
16,5,0,16,44,8,4,13,14,0.75,261,1.0,2,0.899280576,0.18125,3,10,15.0625,4,1.4375
4,1,0,14,27,4,1,13,1,0.777777778,221,0.333333333,0,0.0,0.333333333,0,0,53.5,3,1.25
2,5,0,4,10,1,0,4,2,2.0,28,0.0,0,0.982142857,0.75,2,7,13.0,1,0.5
7,4,0,12,12,21,3,12,6,1.0,47,1.0,0,0.911111111,0.4,0,0,5.571428571,1,0.5714
3,1,0,20,3,3,19,2,3,2.0,3,0.0,0,0.0,0.583333333,0,0,0.0,1,1.0
11,1,1,2,20,53,2,1,0,0.9,90,1.0,0,0.0,0.4,0,0,7.090909091,2,0.9091
3,1,0,4,5,3,1,4,3,2.0,20,0.0,0,0.0,0.833333333,0,0,5.666666667,1,0.6667
3,4,0,5,5,1,1,4,3,1.0,25,1.0,0,0.975903614,0.466666667,0,0,6.666666667,1,0.6667
8,3,0,3,40,10,0,3,8,0.714285714,271,1.0,0,0.840909091,0.40625,1,1,32.375,4,1.25
2,5,0,3,7,0,1,2,2,0.0,21,1.0,0,0.95,0.666666667,0,0,9.0,1,0.5
27,4,2,21,53,257,8,15,23,0.802884615,454,0.625,4,0.747572816,0.138888889,1,4,15.51851852,5,1.5926
6,1,0,4,30,9,0,4,2,0.666666667,144,0.0,1,0.0,0.333333333,0,0,22.5,2,1.0
39,1,0,18,76,0,3,15,38,0.026315789,200,1.0,1,0.0,0.111111111,0,0,4.102564103,1,0.9487
3,3,0,1,7,1,1,0,3,0.5,20,1.0,0,0.951219512,0.444444444,1,3,5.333333333,1,0.6667
10,1,0,0,10,45,0,0,10,2.0,10,0.0,0,0.0,0.75,0,0,0.0,1,1.0
47,1,0,56,47,1081,51,9,47,2.0,47,0.0,0,0.0,0.13926499,0,0,0.0,1,1.0
3,7,0,2,6,3,0,2,1,2.0,16,0.0,0,0.997088792,0.666666667,1,2,4.333333333,1,0.6667
20,1,0,5,37,132,1,4,18,0.881578947,341,1.0,0,0.0,0.3875,0,0,15.65,30,2.5
1,4,0,3,2,0,2,1,1,2.0,5,0.0,0,1.0,1.0,0,0,4.0,0,0.0
1,1,0,262,1,0,261,1,1,2.0,1,0.0,0,0.0,1.0,0,0,0.0,1,1.0
3,2,0,4,9,1,1,3,0,0.5,71,1.0,0,0.777777778,0.444444444,1,2,22.33333333,6,2.3333
25,2,0,11,41,258,7,4,23,0.758333333,389,0.8,0,0.333333333,0.257142857,1,6,14.36,7,1.76
10,2,0,4,14,45,2,2,10,1.111111111,59,0.333333333,0,0.272727273,0.32,0,0,4.6,1,0.8
5,4,0,2,18,0,1,1,4,0.55,380,0.4,1,0.866666667,0.4,1,1,74.0,14,4.8
15,1,0,4,40,35,1,3,12,0.773809524,573,1.0,1,0.0,0.255555556,0,0,36.8,5,1.4667
0,1,0,0,0,0,0,0,0,2.0,7,0.0,0,0.0,0.0,0,0,0.0,0,0.0
5,3,0,5,13,4,0,5,5,0.75,71,1.0,0,0.902439024,0.533333333,0,0,12.6,1,0.8
17,1,0,26,45,136,14,12,16,2.0,275,0.0,0,0.0,0.303921569,0,0,15.17647059,4,1.4706
1,1,0,8,1,0,6,0,1,2.0,1,0.0,0,0.0,1.0,0,0,0.0,1,1.0
8,1,0,7,17,0,2,5,7,0.571428571,134,1.0,2,0.0,0.458333333,0,0,15.375,3,1.375
6,3,0,7,12,0,1,6,6,0.0,98,1.0,2,0.736842105,0.527777778,0,0,15.0,1,0.8333
8,4,0,10,24,16,6,7,8,0.571428571,97,0.0,1,0.966507177,0.3,2,4,11.0,3,1.125
15,1,0,4,59,105,4,1,13,2.0,518,0.0,0,0.0,0.28,0,0,33.53333333,5,1.5333
4,1,0,8,10,6,4,4,3,2.0,31,0.0,0,0.0,0.3125,0,0,6.75,1,0.75
6,3,0,17,43,1,2,17,4,0.5,162,1.0,1,0.821428571,0.444444444,1,1,25.66666667,1,0.8333
7,1,0,2,24,15,0,2,2,0.611111111,117,0.0,1,0.0,0.277777778,0,0,15.28571429,2,1.1429
2,1,0,10,2,1,10,1,2,2.0,2,0.0,0,0.0,0.75,0,0,0.0,1,1.0
5,2,0,2,18,8,1,1,5,0.75,88,0.5,0,0.764705882,0.45,1,2,15.8,1,0.8
2,3,0,3,7,1,1,3,2,2.0,23,0.0,0,0.96969697,1.0,0,0,10.5,1,0.5
1,4,0,3,2,0,0,3,1,2.0,6,0.0,0,1.0,1.0,0,0,5.0,0,0.0
2,5,2,6,4,1,4,2,2,2.0,13,0.0,0,1.0,0.875,0,0,5.5,0,0.0
4,3,0,1,15,6,0,1,3,1.333333333,4270,0.0,0,0.926829268,0.333333333,0,0,1005.75,2,1.0
4,3,0,6,5,0,6,0,2,1.095238095,54,0.0,0,0.944444444,0.666666667,0,0,10.75,1,0.25
17,1,0,84,17,136,80,7,17,2.0,17,0.0,0,0.0,0.222222222,0,0,0.0,1,1.0
35,1,0,13,36,493,13,0,35,0.941176471,225,1.0,0,0.0,0.297142857,0,0,4.942857143,1,0.9714
15,3,0,3,37,41,1,2,14,0.696428571,437,0.75,1,0.454545455,0.311111111,1,2,27.33333333,1,0.8
10,1,0,0,10,45,0,0,10,1.111111111,13,0.0,0,0.0,0.4,0,0,0.0,1,1.0
5,2,0,11,26,10,4,9,5,2.0,204,0.0,0,0.903225806,0.4,2,2,39.8,1,0.6
4,1,0,4,7,0,1,3,4,0.333333333,31,1.0,2,0.0,0.4375,0,0,6.25,2,1.0
3,3,0,6,7,1,1,5,3,2.0,42,0.0,0,0.953488372,0.833333333,1,6,13.0,1,0.6667
8,3,0,3,15,26,2,1,7,0.857142857,219,0.25,1,0.9,0.342857143,1,1,25.875,3,1.125
0,1,0,1,0,0,1,0,0,2.0,2,0.0,0,0.0,0.0,0,0,0.0,0,0.0
14,3,0,30,79,79,1,29,7,1.030769231,805,0.3,0,0.821917808,0.207142857,2,6,55.78571429,11,3.5714
1,2,0,1,2,0,0,1,1,2.0,4,0.0,0,1.0,1.0,0,0,3.0,0,0.0
6,1,1,5,7,15,3,3,0,2.0,9,0.0,0,0.0,0.416666667,0,0,0.5,1,0.8333
4,2,0,11,7,0,7,6,4,0.0,34,1.0,1,0.947368421,0.541666667,0,0,7.25,1,0.5
9,1,0,9,28,12,3,9,7,0.65,224,1.0,4,0.0,0.275,0,0,23.33333333,4,1.3333
7,1,0,8,43,15,1,7,2,0.166666667,245,1.0,0,0.0,0.4,0,0,33.85714286,12,2.2857
2,5,0,6,8,1,1,5,0,2.0,19,0.0,0,0.995327103,0.666666667,1,1,8.5,1,0.5
9,2,0,16,23,16,7,9,8,0.805555556,189,1.0,3,0.416666667,0.270833333,1,1,19.0,6,1.4444
30,4,0,16,75,349,10,8,23,0.936781609,515,0.666666667,0,0.738317757,0.155172414,1,3,15.76666667,6,1.2667
4,1,0,0,4,6,0,0,4,2.0,4,0.0,0,0.0,0.75,0,0,0.0,1,1.0
5,1,1,21,47,0,2,19,2,0.25,242,1.0,0,0.0,0.5,0,0,47.0,4,1.6
11,3,0,14,40,17,5,9,10,0.7,286,1.0,2,0.75,0.287878788,1,1,24.54545455,3,1.9091
10,3,0,6,12,37,6,2,10,0.888888889,52,1.0,0,0.956097561,0.4,1,1,3.8,1,0.9
22,1,0,2,49,221,1,1,20,0.964285714,327,1.0,1,0.0,0.143939394,0,0,13.68181818,2,1.0
4,1,0,7,8,6,0,7,3,2.0,22,0.0,0,0.0,0.375,0,0,4.5,1,0.75
6,1,0,4,10,1,2,2,6,0.6,50,1.0,1,0.0,0.5,0,0,7.0,2,1.1667
7,1,0,2,7,21,2,0,7,2.0,7,0.0,0,0.0,0.642857143,0,0,0.0,1,1.0
38,2,0,6,52,479,2,4,35,0.898648649,536,0.9375,6,0.244444444,0.335135135,1,6,12.68421053,2,0.9211
9,2,0,5,13,36,2,3,9,1.125,62,0.0,0,0.3,0.259259259,0,0,5.666666667,1,0.7778
2,4,0,5,7,1,0,5,2,2.0,506,0.0,0,0.976190476,1.0,0,0,252.0,1,0.5
5,2,0,3,7,0,1,2,5,0.25,42,0.0,0,0.966666667,0.4,0,0,7.2,1,0.2
3,1,0,2,24,1,1,1,1,0.75,121,1.0,0,0.0,0.5,0,0,38.66666667,8,2.6667
5,6,0,4,35,0,2,3,3,0.711538462,386,1.0,0,0.993993994,0.5,3,5,73.6,6,2.0
8,1,0,11,60,28,2,9,7,2.0,1007,0.0,0,0.0,0.333333333,0,0,124.875,11,5.125
2,1,0,0,2,1,0,0,2,2.0,2,0.0,0,0.0,0.75,0,0,0.0,1,1.0
7,1,0,12,21,9,0,12,7,0.791666667,80,1.0,3,0.0,0.357142857,0,0,9.857142857,1,0.8571
7,3,0,9,20,21,2,7,4,2.0,194,0.0,0,0.821428571,0.380952381,2,6,26.71428571,12,2.2857
2,1,0,3,16,1,1,2,2,2.0,231,0.0,0,0.0,0.5,0,0,114.5,17,8.5
8,1,0,0,8,28,0,0,8,2.0,8,0.0,0,0.0,0.46875,0,0,0.0,1,1.0
1,1,0,4,1,0,2,2,1,2.0,1,0.0,0,0.0,1.0,0,0,0.0,1,1.0
3,3,0,7,10,3,1,6,3,2.0,31,0.0,0,0.965517241,0.555555556,0,0,9.333333333,1,0.3333
8,2,2,9,14,18,9,2,5,0.904761905,69,0.666666667,2,0.88,0.416666667,1,3,7.25,2,1.25
3,2,0,11,13,3,1,10,1,1.0,102,0.0,0,0.9,0.444444444,1,1,32.66666667,6,2.3333
2,4,0,5,15,1,0,5,1,2.0,67,0.0,0,0.980392157,1.0,1,2,32.5,4,2.0
8,3,0,28,63,0,1,27,7,0.542857143,498,1.0,2,0.888888889,0.354166667,1,9,60.625,14,3.75
3,4,0,1,4,1,0,1,2,0.5,314,0.0,0,0.976190476,1.0,0,0,103.3333333,1,0.3333
18,1,0,2,18,153,1,1,18,2.0,18,0.0,0,0.0,0.75,0,0,0.0,1,1.0
4,1,0,0,4,6,0,0,4,2.0,4,0.0,0,0.0,0.5,0,0,0.0,1,1.0
44,1,1,44,86,946,1,43,44,1.0,344,1.0,1,0.0,0.064646465,0,0,6.772727273,1,0.9773
7,2,0,5,27,9,2,3,4,0.333333333,186,1.0,0,0.5,0.571428571,0,0,25.42857143,2,0.7143
5,2,0,10,11,10,4,8,5,2.0,32,0.0,0,0.9,0.371428571,1,2,5.4,1,0.6
3,2,0,3,11,1,1,2,2,0.5,34,1.0,0,0.857142857,0.666666667,1,1,10.0,1,0.6667
8,3,0,2,23,26,0,2,6,0.928571429,155,0.0,0,0.913793103,0.5,0,0,18.125,1,0.625
6,6,0,12,35,3,7,5,3,0.711111111,248,0.333333333,0,0.994482759,0.342857143,1,2,38.83333333,10,3.0
13,1,5,42,14,78,40,13,13,2.0,40,0.0,0,0.0,0.203296703,0,0,2.076923077,1,0.9231
4,4,0,17,17,0,0,17,4,0.666666667,84,1.0,2,0.96969697,0.375,3,8,19.5,2,1.0
8,1,0,12,17,20,11,1,8,0.5,121,1.0,1,0.0,0.34375,1,1,13.625,6,1.5
2,3,0,3,5,0,1,2,1,0.0,15,1.0,0,1.0,1.0,0,0,6.0,0,0.0
21,1,0,2,35,38,2,0,17,0.631818182,617,0.818181818,0,0.0,0.293650794,0,0,27.85714286,3,0.8571
10,1,2,9,18,9,4,7,10,0.666666667,86,1.0,3,0.0,0.285714286,0,0,7.3,3,1.2
6,1,0,3,11,9,1,3,5,0.488888889,135,1.0,3,0.0,0.333333333,0,0,20.0,6,1.6667
7,1,0,9,7,21,8,1,7,2.0,7,0.0,0,0.0,1.0,0,0,0.0,1,1.0
2,1,0,12,15,0,2,10,2,0.0,70,1.0,3,0.0,0.571428571,0,0,32.5,1,0.5
4,2,0,4,14,2,2,3,2,0.666666667,89,0.5,0,0.714285714,0.444444444,0,0,20.75,7,2.0
0,1,0,0,0,0,0,0,0,2.0,0,0.0,0,0.0,0.0,0,0,0.0,0,0.0
3,2,0,3,6,3,0,3,3,2.0,17,0.0,0,0.967741935,0.533333333,0,0,4.666666667,1,0.3333
34,5,2,15,67,295,4,11,29,0.842975207,586,0.818181818,1,0.745901639,0.173202614,3,15,15.91176471,5,1.7941
19,2,0,5,30,119,1,4,17,0.824074074,281,0.833333333,0,0.407407407,0.460526316,1,6,13.47368421,2,0.8947
11,5,1,8,20,37,4,4,11,0.5,117,1.0,1,0.950617284,0.363636364,2,4,9.454545455,3,1.0909
1,1,0,12,1,0,12,0,0,2.0,617,0.0,0,0.0,0.0,0,0,496.0,0,0.0
4,1,0,4,11,0,1,3,4,0.166666667,67,1.0,0,0.0,0.5,0,0,15.25,2,1.0
7,1,0,2,26,17,0,2,2,0.666666667,131,0.0,1,0.0,0.277777778,0,0,17.42857143,2,1.0
4,4,7,13,24,6,8,5,3,2.0,96,0.0,0,0.985915493,0.55,1,2,23.0,1,0.75
9,3,0,5,18,16,1,5,7,0.125,75,1.0,1,0.793103448,0.311111111,1,2,7.222222222,1,0.6667
22,2,4,15,54,69,6,9,17,0.698412698,434,1.0,0,0.366666667,0.238095238,1,4,18.59090909,4,1.3636
4,4,8,12,10,0,10,2,3,0.833333333,39,1.0,1,0.894736842,0.625,0,0,8.25,1,0.5
10,1,0,12,48,25,0,12,7,0.833333333,520,0.5,0,0.0,0.3,0,0,50.6,7,1.5
4,3,0,3,10,2,0,3,3,0.666666667,57,1.0,0,0.571428571,0.625,0,0,12.75,1,0.75
5,3,0,4,9,2,1,3,5,0.85,61,0.8,0,0.777777778,0.333333333,0,0,10.2,1,0.8
94,1,1,16,141,4141,4,13,68,0.922341697,2326,0.777777778,14,0.0,0.173835125,0,0,23.45744681,15,2.4681
1,1,0,0,2,0,0,0,1,2.0,9,0.0,0,0.0,1.0,0,0,3.0,0,0.0
12,3,0,12,37,32,0,12,12,0.858585859,310,1.0,1,0.770833333,0.458333333,0,0,24.08333333,3,1.4167
2,4,0,2,4,1,0,2,1,2.0,12,0.0,0,0.971428571,0.75,1,1,5.0,1,0.5
24,6,0,14,57,222,0,0,19,0.695652174,349,0.6,0,0.843537415,0.139880952,5,10,13.33333333,8,1.8333
3,1,0,6,10,0,3,3,3,0.8,66,0.0,3,0.0,0.444444444,0,0,17.66666667,1,0.6667
13,2,0,8,22,38,5,3,10,0.658333333,447,0.0,1,0.607142857,0.214285714,1,4,32.61538462,8,2.3846
18,1,0,32,51,75,31,1,16,0.955882353,491,0.916666667,0,0.0,0.058823529,0,0,25.61111111,8,2.4444
12,1,16,46,56,60,25,35,12,1.0,415,0.25,0,0.0,0.283333333,0,0,33.25,4,1.1667
0,1,0,2,0,0,2,0,0,2.0,9,0.0,0,0.0,0.0,0,0,0.0,0,0.0
18,2,0,5,28,111,2,3,16,0.776470588,231,0.8,0,0.423076923,0.458333333,1,6,11.55555556,2,0.8889
9,1,0,6,18,0,6,1,8,1.015625,368,0.104166667,17,0.0,0.40625,0,0,34.55555556,2,1.0
2,1,0,3,4,0,1,3,2,0.0,14,0.0,1,0.0,0.666666667,0,0,5.5,1,0.5
3,1,0,3,9,3,1,2,2,2.0,43,0.0,0,0.0,0.666666667,0,0,13.33333333,1,0.6667
7,3,0,6,12,9,2,4,5,0.5,52,1.0,0,0.84375,0.30952381,1,4,6.285714286,2,1.0
7,3,0,10,14,1,6,5,5,0.333333333,45,1.0,1,0.785714286,0.428571429,1,1,5.285714286,1,0.8571
3,4,0,25,24,0,0,25,3,0.0,191,1.0,4,0.979591837,0.444444444,3,13,61.33333333,3,1.3333
32,2,0,20,55,438,3,18,32,0.792626728,273,1.0,6,0.09375,0.10546875,0,0,7.3125,2,1.0
2,1,0,2,4,0,0,2,2,0.0,33,1.0,0,0.0,0.666666667,0,0,14.5,3,1.5
27,1,0,21,69,351,17,5,25,1.038461538,1201,0.375,0,0.0,0.200617284,0,0,43.18518519,25,5.7778
7,5,0,5,17,0,1,4,5,0.777777778,107,1.0,0,0.848484848,0.476190476,2,5,13.85714286,5,1.2857
5,3,0,1,16,8,0,1,3,1.246296296,2125,0.0,0,0.926829268,0.333333333,0,0,397.0,2,0.8
7,1,0,2,8,0,2,0,1,0.5,1082,0.0,0,0.0,0.666666667,0,0,153.2857143,2,0.8571
2,4,0,5,7,1,0,5,2,2.0,518,0.0,0,0.976190476,1.0,0,0,258.0,1,0.5
1,3,0,1,2,0,0,1,1,2.0,4,0.0,0,1.0,1.0,0,0,3.0,0,0.0
3,5,0,2,6,3,1,1,3,2.0,16,0.0,0,1.0,0.777777778,0,0,4.333333333,0,0.0
2,2,0,2,4,1,1,1,2,1.0,14,1.0,0,0.966666667,0.75,0,0,5.5,1,0.5
4,3,0,19,31,0,5,15,4,0.833333333,132,1.0,0,0.949152542,0.416666667,1,4,31.5,4,2.0
10,1,1,8,18,0,6,3,10,0.462962963,332,1.0,0,0.0,0.3,0,0,31.6,6,1.7
5,3,10,10,16,8,10,0,3,1.243589744,1171,0.0,0,0.926829268,0.333333333,0,0,217.6,2,0.8
7,1,0,29,17,0,26,3,7,0.0,155,1.0,0,0.0,0.464285714,0,0,21.0,4,1.8571
82,1,1,22,143,2897,4,18,77,0.954938272,935,1.0,1,0.0,0.114446529,0,0,9.914634146,26,1.4512
2,1,0,3,3,1,3,1,2,2.0,7,0.0,0,0.0,0.666666667,0,0,2.5,1,0.5
15,4,0,2,30,105,0,2,15,2.0,126,0.0,0,0.87037037,0.4,0,0,7.4,3,1.1333
3,4,0,1,4,1,0,1,2,0.5,595,0.0,0,0.976190476,1.0,0,0,197.0,1,0.3333
10,6,0,6,58,17,2,6,3,0.922222222,269,0.8,1,0.986725664,0.45,4,12,24.9,1,0.9
2,1,0,5,2,1,5,0,2,2.0,2,0.0,0,0.0,0.75,0,0,0.0,1,1.0
12,2,0,5,20,24,4,1,12,2.0,161,0.0,0,0.653846154,0.395833333,1,14,12.41666667,2,1.0
2,5,2,5,5,1,2,3,2,2.0,12,0.0,0,0.987654321,1.0,1,1,5.0,1,0.5
7,3,2,14,39,5,2,12,0,0.5,187,1.0,1,0.777777778,0.357142857,1,1,25.42857143,10,2.1429
2,1,0,4,5,1,1,3,2,2.0,20,0.0,0,0.0,0.5,0,0,9.0,4,2.0
4,2,0,6,7,0,1,5,3,0.458333333,123,1.0,1,0.625,0.458333333,0,0,27.75,5,2.75
1,1,0,135,1,0,134,1,1,2.0,1,0.0,0,0.0,1.0,0,0,0.0,1,1.0
2,1,0,2,3,1,2,0,0,1.0,38,0.0,1,0.0,1.0,0,0,16.0,2,1.0
5,2,0,9,21,0,1,8,3,0.25,84,1.0,2,0.764705882,0.4,1,1,15.4,1,0.8
3,3,0,6,7,3,1,5,3,2.0,19,0.0,0,0.952380952,0.555555556,1,1,5.333333333,1,0.6667
9,2,0,5,22,2,2,4,8,0.666666667,202,0.166666667,1,0.538461538,0.333333333,1,2,20.77777778,2,0.8889
3,4,0,15,53,0,1,14,3,0.0,285,1.0,1,0.916666667,0.666666667,1,7,93.66666667,22,10.6667
5,2,0,3,8,2,3,1,5,0.666666667,36,1.0,1,0.428571429,0.4,0,0,5.6,1,0.8
7,4,0,3,10,21,0,3,7,2.0,39,0.0,0,0.931818182,0.571428571,1,6,4.571428571,1,0.8571
6,1,0,5,25,0,1,4,6,0.4,136,1.0,1,0.0,0.458333333,0,0,21.0,5,1.8333
8,2,2,13,60,12,4,10,1,0.75,727,0.0,0,0.333333333,0.678571429,0,0,88.375,23,5.125
1,1,0,0,2,0,0,0,1,2.0,5,0.0,0,0.0,1.0,0,0,3.0,0,0.0
4,1,4,6,11,6,4,2,3,2.0,36,0.0,0,0.0,0.5625,0,0,8.0,2,1.0
4,3,0,6,14,0,4,2,4,0.0,52,1.0,0,0.875,0.4375,0,0,11.75,2,1.0
6,6,0,7,35,5,3,6,1,0.833333333,229,1.0,2,0.992378049,0.333333333,0,0,36.16666667,1,0.8333
3,1,0,3,3,3,3,1,3,1.5,6,0.0,0,0.0,0.666666667,0,0,0.0,1,1.0
6,1,0,6,22,0,4,3,5,0.0,154,1.0,0,0.0,0.5,0,0,24.5,7,3.0
9,1,0,8,9,36,7,1,9,2.0,9,0.0,0,0.0,0.333333333,0,0,0.0,1,1.0
6,3,0,5,14,1,0,5,6,0.7,75,1.0,0,0.880952381,0.555555556,0,0,10.83333333,1,0.8333
4,2,0,7,20,0,1,6,3,0.0,79,1.0,0,0.7,0.5,1,1,18.5,3,1.25
6,1,0,27,13,0,27,0,6,0.2,87,1.0,0,0.0,0.444444444,1,1,13.16666667,4,1.3333
5,4,0,7,15,4,1,6,2,0.5,47,1.0,1,0.918918919,0.4,2,4,8.2,1,0.6
2,2,0,4,3,1,3,1,2,2.0,8,0.0,0,0.888888889,0.75,0,0,3.0,1,0.5
3,4,0,2,6,3,0,2,3,2.0,17,0.0,0,0.979166667,0.666666667,0,0,4.666666667,1,0.6667
1,1,0,7,1,0,6,1,1,2.0,1,0.0,0,0.0,1.0,0,0,0.0,1,1.0
2,1,0,9,2,1,8,1,2,2.0,2,0.0,0,0.0,0.75,0,0,0.0,1,1.0
1,4,1,0,2,0,0,0,1,2.0,19,0.0,0,1.0,1.0,0,0,7.0,0,0.0
29,2,0,7,49,298,2,5,27,0.767857143,476,0.833333333,0,0.289473684,0.172413793,1,4,15.20689655,8,2.1379
2,6,0,5,10,0,1,4,1,0.0,42,1.0,0,0.954545455,0.6,1,1,19.5,3,1.5
11,1,0,2,18,19,0,2,9,0.75,138,1.0,0,0.0,0.424242424,0,0,11.0,3,1.2727
24,1,0,25,78,218,16,21,17,0.914782609,1203,0.36,0,0.0,0.322981366,0,0,48.08333333,17,1.9167
1,1,0,32,1,0,32,1,1,2.0,1,0.0,0,0.0,1.0,0,0,0.0,1,1.0
15,2,0,21,53,27,2,19,14,0.728571429,357,1.0,3,0.481481481,0.192592593,0,0,22.46666667,13,1.8667
6,3,0,21,40,0,2,21,5,0.8,706,1.0,0,0.923076923,0.333333333,3,7,114.3333333,28,7.3333
14,6,0,18,90,59,7,18,1,0.807692308,470,1.0,1,0.980938416,0.271428571,4,12,32.14285714,5,1.6429
0,1,0,1,0,0,1,0,0,2.0,14,0.0,0,0.0,0.0,0,0,0.0,0,0.0
2,3,0,3,4,1,1,3,1,2.0,12,0.0,0,0.971428571,0.666666667,1,1,4.5,1,0.5
38,1,0,109,111,697,105,4,36,0.918918919,923,1.0,0,0.0,0.090733591,0,0,23.26315789,8,3.1579
2,1,0,2,2,1,2,0,2,2.0,2,0.0,0,0.0,0.666666667,0,0,0.0,1,1.0
9,1,1,21,13,6,21,0,9,0.125,141,0.0,0,0.0,0.4,0,0,14.33333333,5,1.6667
18,1,1,4,20,0,4,0,18,0.382352941,458,1.0,0,0.0,0.916666667,0,0,24.22222222,4,1.8889
4,4,2,48,6,0,48,0,4,0.333333333,27,1.0,0,0.944444444,0.666666667,0,0,5.5,1,0.25
5,1,0,8,26,10,0,8,2,2.0,508,0.0,0,0.0,0.266666667,0,0,100.6,3,1.4
12,3,0,8,29,26,1,7,7,0.609090909,461,1.0,3,0.444444444,0.305555556,1,3,36.58333333,2,1.0833
14,5,0,7,49,7,1,6,7,0.735042735,488,1.0,0,0.7,0.25,2,5,33.21428571,12,1.7857
3,3,0,7,7,3,2,5,3,2.0,25,0.0,0,0.953488372,0.555555556,1,1,7.333333333,1,0.6667
11,1,2,8,18,47,2,6,8,0.75,94,1.0,1,0.0,0.311688312,0,0,7.363636364,2,1.0
4,4,0,3,8,0,1,2,4,0.333333333,38,1.0,0,0.875,0.4,2,2,8.25,1,0.75
5,1,0,1,6,0,1,0,5,0.5,30,1.0,0,0.0,0.7,0,0,4.6,1,0.8
18,2,0,7,35,0,3,4,15,0.638655462,317,1.0,0,0.565217391,0.263888889,1,1,16.22222222,3,0.7778
14,1,100,115,16,85,115,0,11,0.846153846,125,0.75,0,0.0,0.5,0,0,7.642857143,1,0.7857
4,2,0,1,5,6,1,0,3,2.0,10,0.0,0,0.8125,0.5,1,1,1.5,1,0.75
10,2,0,6,18,45,3,3,8,1.111111111,79,0.0,0,0.611111111,0.525,1,6,6.8,2,0.8
4,1,0,7,5,6,6,1,3,1.0,9,0.0,0,0.0,0.555555556,0,0,1.0,1,0.75
18,1,0,13,33,131,9,6,16,0.882352941,144,1.0,2,0.0,0.235294118,0,0,6.666666667,2,1.1111
10,3,0,2,20,21,0,2,9,0.6,130,1.0,0,0.804347826,0.4,1,1,11.5,1,0.9
2,1,0,5,2,1,5,1,2,2.0,2,0.0,0,0.0,0.75,0,0,0.0,1,1.0
5,4,0,18,22,4,0,18,5,0.25,126,1.0,2,0.96,0.4,3,14,23.8,1,0.8
19,2,0,6,38,21,2,5,18,0.685185185,284,0.833333333,2,0.304347826,0.22556391,1,2,13.63157895,3,0.9474
4,1,0,2,6,0,2,0,4,0.416666667,87,1.0,0,0.0,1.0,0,0,19.75,2,1.0
12,2,0,5,23,54,2,3,10,0.909090909,117,0.333333333,0,0.55,0.4,1,6,8.5,2,0.8333
0,1,0,0,0,0,0,0,0,2.0,0,0.0,0,0.0,0.0,0,0,0.0,0,0.0
7,2,0,4,27,9,1,3,4,0.333333333,186,1.0,0,0.5,0.571428571,0,0,25.42857143,2,0.7143
39,5,0,79,244,231,46,48,30,0.702631579,1783,1.0,8,0.945007236,0.118343195,1,2,44.46153846,27,4.0513
11,2,0,6,22,35,1,5,9,0.98,125,0.2,0,0.55,0.309090909,1,4,9.909090909,2,0.9091
6,2,0,8,54,5,3,7,2,0.72,377,1.0,0,0.924242424,0.305555556,0,0,61.0,13,3.8333
32,2,1,31,147,434,2,30,19,0.923387097,1429,0.875,1,0.347826087,0.121442125,1,1,43.40625,5,1.5938
11,1,0,3,16,55,2,1,9,2.0,456,0.0,0,0.0,0.363636364,0,0,40.45454545,6,3.5455
1,4,0,24,2,0,24,0,1,2.0,5,0.0,0,1.0,1.0,0,0,4.0,0,0.0
3,5,0,6,10,3,1,5,1,2.0,30,0.0,0,0.990697674,0.583333333,1,2,9.0,1,0.6667
120,1,0,365,288,6692,352,30,103,0.97547127,2384,0.594594595,5,0.0,0.090084034,0,0,18.55833333,6,1.4167
6,2,4,11,12,9,5,6,3,0.4,46,1.0,0,0.80952381,0.361111111,0,0,6.5,2,0.8333
1,1,0,1,1,0,0,1,1,2.0,1,0.0,0,0.0,1.0,0,0,0.0,1,1.0
11,2,0,5,21,49,2,3,9,0.85,106,0.5,0,0.578947368,0.522727273,1,6,8.454545455,2,0.8182
16,1,1,11,43,112,7,4,14,0.6,275,1.0,0,0.0,0.4875,0,0,16.0625,1,0.875
5,5,0,14,45,6,4,11,1,0.833333333,458,1.0,3,0.994436718,0.32,0,0,90.0,3,1.4
6,1,0,2,9,9,1,0,6,0.4,40,1.0,0,0.0,0.666666667,0,0,5.5,2,1.0
4,2,0,10,27,4,0,10,3,0.666666667,148,1.0,0,0.6,0.666666667,0,0,35.75,10,2.75
2,1,0,6,21,1,3,3,1,2.0,144,0.0,0,0.0,0.5,0,0,71.0,10,5.0
6,3,0,16,33,3,1,16,6,0.4,297,1.0,1,0.880952381,0.351851852,2,3,48.16666667,1,0.8333
23,1,0,14,113,173,1,14,5,0.751196172,1964,0.894736842,0,0.0,0.144628099,0,0,83.56521739,50,4.3913
2,1,0,30,2,1,28,2,2,2.0,2,0.0,0,0.0,1.0,0,0,0.0,1,1.0
14,4,0,11,37,73,3,9,13,0.634615385,236,1.0,1,0.932291667,0.257142857,1,16,15.57142857,6,1.5
17,3,0,19,67,112,6,13,14,0.770833333,468,1.0,1,0.652173913,0.183006536,1,1,26.17647059,16,2.7059
47,2,0,15,101,665,1,14,41,0.836956522,997,1.0,3,0.531914894,0.185618729,2,18,20.04255319,7,1.5319
2,1,0,2,2,1,1,1,2,2.0,2,0.0,0,0.0,0.75,0,0,0.0,1,1.0
9,2,0,5,17,36,2,3,7,1.125,72,0.0,0,0.647058824,0.555555556,1,6,6.888888889,2,0.7778
5,2,0,4,7,6,1,3,4,0.75,24,1.0,2,0.571428571,0.625,0,0,3.4,1,0.6
8,2,0,15,54,18,0,15,6,0.904761905,565,0.866666667,0,0.5,0.328571429,0,0,67.75,2,1.0
6,1,3,8,7,15,6,2,6,2.0,12,0.0,0,0.0,0.444444444,1,1,1.0,1,0.8333
1,1,0,5,1,0,4,1,1,2.0,1,0.0,0,0.0,1.0,0,0,0.0,1,1.0
2,3,0,4,4,1,0,4,1,2.0,11,0.0,0,0.971428571,0.666666667,1,1,4.5,1,0.5
5,3,0,1,16,8,0,1,3,1.24795082,4275,0.0,0,0.926829268,0.333333333,0,0,805.2,2,0.8
6,1,0,34,105,0,2,32,3,0.5,620,1.0,0,0.0,0.371428571,0,0,102.0,7,1.8333
31,2,0,5,55,281,0,5,31,0.940909091,567,0.545454545,0,0.387755102,0.230414747,1,5,16.58064516,3,1.0645
9,2,0,4,37,8,0,4,7,0.822916667,314,0.0,1,0.897058824,0.21875,0,0,32.55555556,7,2.0
2,3,0,5,4,1,1,4,2,2.0,9,0.0,0,0.975609756,0.75,1,1,3.5,1,0.5
2,2,0,10,9,1,2,8,1,2.0,40,0.0,0,0.947368421,0.6,1,2,18.5,1,0.5
2,1,0,6,2,1,2,4,2,2.0,2,0.0,0,0.0,0.666666667,0,0,0.0,1,1.0
5,1,0,1,18,0,1,0,3,0.5,96,1.0,0,0.0,0.533333333,0,0,17.8,2,1.0
6,6,1,11,22,13,11,1,5,0.8,75,1.0,0,0.996078431,0.4,3,12,11.33333333,2,0.6667
4,1,0,5,4,6,3,3,4,2.0,4,0.0,0,0.0,0.625,0,0,0.0,1,1.0
14,2,0,4,24,37,2,3,14,0.833333333,151,0.833333333,2,0.368421053,0.375,1,2,9.357142857,1,0.8571
3,3,0,5,10,0,1,5,1,0.75,55,0.5,0,0.961538462,0.555555556,2,6,16.66666667,1,0.6667
42,1,0,10,90,335,6,5,39,0.667917448,877,0.923076923,1,0.0,0.125396825,0,0,19.57142857,6,1.2857
11,6,0,9,53,25,3,8,1,0.716666667,349,1.0,0,0.985272459,0.5,3,5,30.18181818,6,1.9091
7,2,10,15,17,9,11,4,5,0.777777778,68,1.0,1,0.948979592,0.5,1,5,8.285714286,3,1.1429
4,1,0,3,20,6,0,3,2,0.666666667,69,0.0,0,0.0,0.333333333,0,0,16.0,2,1.25
123,2,0,106,355,6589,67,56,115,0.93969555,3260,0.714285714,18,0.097014925,0.057650273,1,2,25.16260163,5,1.3821
4,5,0,4,6,0,2,2,3,0.333333333,23,1.0,0,0.986486486,0.5,0,0,4.5,1,0.75
7,1,0,18,19,15,15,3,6,0.666666667,159,1.0,0,0.0,0.25,0,0,21.57142857,1,0.7143
7,2,0,6,11,0,1,5,6,0.708333333,51,1.0,0,0.166666667,0.333333333,0,0,5.714285714,1,0.7143
22,1,0,22,22,231,20,2,22,2.0,22,0.0,0,0.0,0.303030303,0,0,0.0,1,1.0
2,1,0,0,2,1,0,0,2,2.0,2,0.0,0,0.0,0.75,0,0,0.0,1,1.0
7,1,0,4,9,7,1,3,7,0.583333333,48,1.0,2,0.0,0.392857143,0,0,5.571428571,3,1.0
9,2,1,9,25,4,4,5,6,0.625,103,1.0,2,0.666666667,0.35,1,5,10.0,3,1.0
11,1,0,8,34,29,1,7,7,0.638461538,610,0.153846154,2,0.0,0.222222222,0,0,53.27272727,14,2.0909
14,3,2,17,21,77,9,9,11,0.576923077,106,1.0,2,0.710526316,0.265306122,1,1,6.428571429,2,0.8571
2,1,0,6,4,1,4,2,2,2.0,8,0.0,0,0.0,0.75,0,0,3.0,1,0.5
8,2,0,18,38,28,1,17,1,2.0,273,0.0,0,0.72,0.363636364,1,1,33.125,1,0.875
4,1,0,2,6,6,1,1,3,1.0,23,0.0,1,0.0,0.666666667,0,0,4.5,2,0.75
2,1,0,4,2,1,4,0,2,2.0,2,0.0,0,0.0,0.666666667,0,0,0.0,1,1.0
9,4,0,3,12,36,0,3,9,2.0,50,0.0,0,0.911111111,0.555555556,1,6,4.555555556,1,0.8889
2,5,0,3,5,1,0,3,2,2.0,12,0.0,0,0.987654321,1.0,1,1,5.0,1,0.5
3,2,8,9,6,0,8,1,2,0.0,20,1.0,1,0.714285714,0.666666667,0,0,5.333333333,1,0.6667
3,1,0,9,10,0,8,1,1,0.0,49,0.0,0,0.0,1.0,0,0,14.33333333,1,0.6667
37,2,0,8,60,350,1,7,35,0.867647059,739,0.941176471,4,0.239130435,0.216216216,1,4,18.51351351,2,0.973
5,3,0,4,17,10,2,2,4,1.25,52,0.0,0,0.933333333,0.4,1,1,9.2,1,0.4
12,2,0,5,24,46,1,4,10,0.818181818,141,0.5,0,0.55,0.5,1,6,10.58333333,2,0.8333
23,2,0,19,33,217,4,18,23,0.636363636,247,1.0,3,0.435897436,0.241545894,1,2,9.608695652,2,1.0
8,2,0,8,19,0,2,6,6,0.821428571,324,1.0,6,0.3,0.583333333,1,2,38.5,4,1.375
5,1,1,4,21,0,3,2,4,0.25,264,1.0,1,0.0,0.44,0,0,50.6,22,6.0
7,1,0,3,19,0,3,1,6,0.25,432,1.0,1,0.0,0.464285714,0,0,60.14285714,3,1.4286
2,1,6,21,3,1,21,0,2,2.0,5,0.0,0,0.0,0.666666667,0,0,1.5,1,0.5
29,1,0,5,66,348,2,3,12,0.810714286,567,0.9,2,0.0,0.317241379,0,0,18.20689655,11,1.3793
3,3,0,7,16,3,2,5,3,2.0,74,0.0,0,0.916666667,0.833333333,1,2,23.66666667,8,3.3333
3,5,0,4,8,0,1,3,3,0.5,32,1.0,2,0.894736842,0.555555556,0,0,9.0,1,0.6667
3,4,0,8,15,3,0,8,1,2.0,52,0.0,0,0.948717949,0.666666667,2,2,16.33333333,1,0.6667
38,2,0,6,52,479,2,4,35,0.898648649,536,0.9375,6,0.244444444,0.335135135,1,6,12.68421053,2,0.9211
11,3,2,17,16,51,9,9,10,0.6,85,1.0,2,0.677419355,0.246753247,1,1,6.545454545,2,1.0
8,1,0,1,36,0,1,0,8,0.142857143,190,1.0,0,0.0,0.333333333,0,0,22.5,4,1.875
6,3,1,3,21,3,2,2,4,0.96,240,0.4,0,0.9375,0.611111111,3,3,38.16666667,3,1.3333
6,2,0,4,15,0,1,3,6,0.466666667,113,1.0,2,0.615384615,0.5,1,3,17.33333333,1,0.8333
44,2,0,6,61,312,1,5,42,0.860465116,933,0.944444444,8,0.211538462,0.327272727,1,6,19.79545455,2,0.9545
6,3,0,2,19,15,2,0,4,1.12,184,0.0,0,0.8125,0.5,1,1,28.83333333,14,2.8333
2,2,2,17,20,1,2,15,1,2.0,269,0.0,0,0.909090909,0.571428571,0,0,133.5,16,8.0
27,3,0,42,57,343,13,34,26,2.0,514,0.0,0,0.573770492,0.202020202,1,3,18.03703704,9,1.8148
21,2,0,7,30,198,2,5,19,0.921428571,234,0.857142857,0,0.379310345,0.361904762,1,4,9.80952381,6,1.5714
4,2,0,2,8,4,0,2,2,0.666666667,31,1.0,1,0.666666667,0.5,0,0,6.5,1,0.5
5,1,3,12,15,8,7,9,3,0.75,191,1.0,0,0.0,0.333333333,0,0,36.6,1,0.6
34,1,0,21,132,283,8,16,23,0.80952381,1255,0.785714286,3,0.0,0.196078431,0,0,35.5,10,2.5882
4,1,0,4,13,0,2,2,4,0.166666667,76,1.0,1,0.0,0.75,0,0,17.5,2,1.0
1,1,0,1,2,0,1,0,0,2.0,6,0.0,0,0.0,1.0,0,0,3.0,0,0.0
5,2,0,9,19,10,4,7,5,2.0,84,0.0,0,0.903225806,0.4,1,1,15.8,1,0.6
5,2,0,9,25,4,1,8,3,0.75,137,0.5,0,0.8125,0.5,0,0,26.0,2,1.0
2,1,0,31,2,1,31,0,2,2.0,2,0.0,0,0.0,0.833333333,0,0,0.0,1,1.0
20,3,0,9,46,160,0,9,17,0.859649123,206,1.0,0,0.672727273,0.263157895,1,1,9.0,2,1.05
11,2,0,3,26,0,2,2,11,0.55,127,0.5,1,0.583333333,0.409090909,1,3,10.36363636,3,1.3636
28,1,0,18,68,0,3,15,28,0.0,431,1.0,1,0.0,0.25,0,0,14.35714286,2,0.9286
1,1,0,6,1,0,6,0,1,2.0,1,0.0,0,0.0,1.0,0,0,0.0,1,1.0
2,5,3,6,5,1,3,3,2,2.0,12,0.0,0,0.994117647,1.0,1,1,5.0,1,0.5
1,1,0,0,2,0,0,0,1,2.0,121,0.0,0,0.0,1.0,0,0,3.0,0,0.0
3,1,0,11,24,1,7,4,3,0.0,264,1.0,2,0.0,0.666666667,0,0,86.33333333,13,5.0
0,1,0,3,0,0,1,2,0,2.0,0,0.0,0,0.0,0.0,0,0,0.0,0,0.0
10,1,0,10,47,17,8,3,8,0.622222222,299,1.0,0,0.0,0.35,0,0,28.4,10,2.8
11,2,0,6,22,35,1,5,9,0.8,122,0.5,0,0.55,0.309090909,1,4,9.909090909,2,0.9091
18,2,0,7,40,103,2,5,16,0.848739496,301,0.0,1,0.407407407,0.311111111,1,4,15.33333333,2,1.2222
10,1,0,7,11,35,4,3,10,0.851851852,46,0.666666667,1,0.0,0.266666667,0,0,3.3,1,0.9
13,3,0,7,35,52,0,7,10,0.869047619,273,1.0,2,0.755102041,0.353846154,1,1,19.46153846,6,1.6923
2,1,0,22,2,1,22,0,2,2.0,5,0.0,0,0.0,0.6,0,0,0.0,1,1.0
5,4,0,11,10,4,1,11,4,0.5,38,1.0,0,0.947368421,0.36,2,8,6.4,1,0.8
15,2,0,4,25,87,2,2,13,0.803571429,143,0.75,0,0.47826087,0.483333333,1,6,8.266666667,1,0.8
1,1,0,0,1,0,0,0,1,2.0,1,0.0,0,0.0,1.0,0,0,0.0,1,1.0
8,1,26,46,14,20,45,1,7,0.714285714,87,1.0,0,0.0,0.6875,0,0,9.625,5,1.5
8,5,0,5,33,0,4,1,8,0.571428571,419,1.0,0,0.989393939,0.625,0,0,51.0,12,3.375
28,4,1,21,123,302,3,18,11,0.868945869,1423,1.0,0,0.75,0.158024691,4,5,49.35714286,3,1.1071
1,1,0,9,1,0,9,0,1,2.0,1,0.0,0,0.0,1.0,0,0,0.0,1,1.0
8,2,0,3,13,28,2,2,8,1.142857143,56,0.0,0,0.538461538,0.40625,1,2,5.75,1,0.75
7,2,0,6,13,17,4,2,7,0.75,46,1.0,1,0.333333333,0.428571429,0,0,5.285714286,1,0.8571
4,2,0,11,34,2,0,11,3,0.666666667,191,1.0,0,0.6,0.666666667,0,0,46.25,13,3.5
118,1,0,38,198,6427,14,28,111,0.972730973,1327,0.936507937,2,0.0,0.081871345,0,0,9.711864407,32,1.5169
10,3,1,27,18,3,25,3,9,0.777777778,98,0.0,2,0.91025641,0.333333333,2,22,8.5,3,1.2
11,3,0,11,37,11,3,8,10,0.683333333,285,1.0,3,0.75,0.287878788,1,1,24.36363636,3,1.9091
1,4,0,0,2,0,0,0,1,2.0,4,0.0,0,1.0,1.0,0,0,3.0,0,0.0
11,2,0,17,15,13,15,3,11,0.75,97,1.0,3,0.2,0.220779221,0,0,7.272727273,1,0.7273
3,1,0,8,3,3,5,3,3,2.0,3,0.0,0,0.0,0.5,0,0,0.0,1,1.0
6,2,2,2,19,0,2,0,4,0.3,86,1.0,0,0.772727273,0.366666667,0,0,13.0,3,1.1667
8,3,0,6,27,0,0,6,8,0.685714286,141,1.0,0,0.840909091,0.35,1,1,16.0,1,0.875
14,3,2,8,38,83,2,6,8,0.743589744,220,1.0,1,0.74,0.297619048,1,1,14.5,4,1.2143
1,3,0,5,2,0,1,4,1,2.0,9,0.0,0,1.0,1.0,0,0,7.0,0,0.0
2,1,0,1,13,0,1,0,2,0.0,57,0.0,0,0.0,0.625,0,0,26.0,1,0.5
17,1,0,5,27,10,1,4,15,0.6796875,709,1.0,1,0.0,0.388235294,0,0,40.23529412,17,3.5294
14,1,0,22,43,77,5,21,7,0.846153846,198,1.0,2,0.0,0.32967033,0,0,12.85714286,3,1.1429
13,1,0,9,16,0,9,0,12,0.361111111,160,1.0,0,0.0,0.41025641,0,0,11.07692308,2,1.2308
21,2,0,8,33,148,4,4,19,0.944117647,286,0.352941176,0,0.366666667,0.304761905,1,4,11.80952381,2,0.9524
5,1,0,4,11,10,1,3,4,2.0,56,0.0,0,0.0,0.44,0,0,10.2,1,0.8
11,2,0,5,21,49,2,3,9,0.933333333,107,0.333333333,0,0.578947368,0.522727273,1,6,8.454545455,2,0.8182
7,3,0,21,28,0,0,21,7,0.0,143,1.0,1,0.934210526,0.285714286,2,7,19.28571429,2,1.1429
5,1,0,11,5,10,11,1,5,2.0,5,0.0,0,0.0,0.666666667,0,0,0.0,1,1.0
28,1,3,8,55,0,3,5,28,0.0,162,1.0,1,0.0,0.178571429,0,0,4.75,1,0.9643
7,4,0,2,11,21,0,2,7,2.0,43,0.0,0,0.94,0.571428571,0,0,5.142857143,1,0.8571
7,0,0,9,22,21,1,8,1,2.0,141,0.0,0,0.0,0.5,0,0,19.14285714,10,2.4286
3,1,0,10,3,3,7,3,3,2.0,3,0.0,0,0.0,1.0,0,0,0.0,1,1.0
4,3,0,1,15,6,0,1,3,1.333333333,4270,0.0,0,0.926829268,0.333333333,0,0,1005.75,2,1.0
18,2,0,6,36,153,1,5,18,1.058823529,84,0.0,0,0.5,0.268518519,1,5,3.611111111,1,0.9444
22,3,0,14,62,133,10,5,17,0.571428571,625,1.0,0,0.588235294,0.266233766,2,3,27.22727273,9,2.8182
11,2,0,5,21,49,2,3,9,0.933333333,107,0.333333333,0,0.578947368,0.522727273,1,6,8.454545455,2,0.8182
5,2,0,11,18,10,4,9,5,2.0,129,0.0,0,0.909090909,0.4,1,1,24.8,1,0.6
6,1,0,11,32,13,1,10,3,0.7,141,0.5,0,0.0,0.3,0,0,22.16666667,6,1.6667
5,2,0,10,22,10,4,8,5,2.0,153,0.0,0,0.9,0.4,1,1,29.6,1,0.6
3,3,0,0,4,1,0,0,2,0.5,923,0.0,0,0.974358974,1.0,0,0,306.3333333,1,0.3333
14,2,1,8,35,27,2,6,12,0.673076923,185,1.0,2,0.56,0.323076923,1,5,11.92857143,7,1.2143
413,1,0,48,505,0,1,48,87,0.727688574,23590,0.769230769,8,0.0,0.138014528,0,0,56.05569007,46,5.4673
12,1,0,3,12,66,3,0,12,2.0,12,0.0,0,0.0,0.583333333,0,0,0.0,1,1.0
3,4,0,1,5,1,0,1,2,0.5,79,1.0,0,0.975,0.75,2,3,25.0,3,1.0
3,2,0,6,9,0,4,2,3,0.0,36,1.0,0,0.6,0.666666667,1,1,10.66666667,1,0.6667
2,1,0,4,2,1,2,2,2,2.0,2,0.0,0,0.0,1.0,0,0,0.0,1,1.0
8,1,0,10,8,28,7,3,8,2.0,8,0.0,0,0.0,0.4375,0,0,0.0,1,1.0
26,4,0,4,34,203,0,4,26,0.88,399,1.0,0,0.671052632,0.487179487,1,1,13.88461538,1,0.9615
3,2,0,1,5,3,0,1,3,2.0,12,0.0,0,0.923076923,0.666666667,1,2,3.0,1,0.3333
17,1,0,4,54,50,0,4,16,0.65625,569,1.0,0,0.0,0.196078431,0,0,32.23529412,14,1.8824
31,5,0,79,111,273,62,23,29,0.95,698,0.25,1,0.967948718,0.189516129,2,11,21.38709677,8,2.4516
9,2,0,8,25,0,1,8,8,0.3125,133,0.0,2,0.6,0.222222222,2,4,13.55555556,4,1.2222
24,3,0,3,44,258,2,1,22,2.0,376,0.0,0,0.880208333,0.361111111,2,14,14.66666667,1,0.9583
5,2,0,5,10,10,1,4,5,2.0,32,0.0,0,0.862068966,0.666666667,0,0,5.4,1,0.8
8,4,0,15,19,28,4,15,7,2.0,73,0.0,0,0.863636364,0.3125,0,0,8.125,1,0.75
6,4,0,4,23,5,0,4,1,0.5,99,1.0,0,0.862068966,0.533333333,2,2,15.16666667,2,0.8333
14,1,0,5,41,21,4,1,14,0.564102564,243,0.0,0,0.0,0.297619048,0,0,16.14285714,8,1.5714
8,2,0,5,17,0,1,5,4,0.523809524,108,1.0,1,0.611111111,0.3,1,3,12.125,1,0.875
3,1,0,7,15,1,1,6,2,0.5,62,1.0,1,0.0,0.666666667,0,0,19.33333333,3,1.0
9,5,0,21,84,20,1,21,9,0.6875,586,1.0,1,0.965811966,0.311111111,5,10,63.88888889,1,0.8889
3,1,0,3,11,0,2,1,3,0.5,64,1.0,0,0.0,0.555555556,0,0,19.66666667,1,0.6667
14,3,1,20,32,55,3,18,11,0.788461538,188,1.0,3,0.729166667,0.205357143,1,2,12.14285714,5,1.2143
22,4,0,8,46,189,0,8,16,0.919413919,333,0.538461538,0,0.695652174,0.397727273,2,3,13.54545455,8,1.5455
1,4,0,3,2,0,0,3,1,2.0,6,0.0,0,1.0,1.0,0,0,5.0,0,0.0
59,1,0,39,187,1269,5,34,24,0.892572944,2395,1.0,2,0.0,0.187192118,0,0,39.37288136,10,1.4407
10,3,0,33,54,0,0,33,10,0.185185185,600,1.0,2,0.8875,0.257142857,2,9,58.7,7,2.5
14,1,20,22,21,53,20,2,12,0.794871795,166,1.0,0,0.0,0.404761905,0,0,10.42857143,5,1.4286
10,2,0,10,39,0,7,3,9,0.641975309,552,0.111111111,1,0.3,0.273504274,0,0,53.3,13,4.7
49,1,0,9,86,576,1,8,37,0.868589744,758,0.769230769,0,0.0,0.143939394,0,0,14.20408163,7,1.7143
4,3,0,9,8,2,2,9,2,0.777777778,33,1.0,1,0.857142857,0.4,0,0,6.5,1,0.5
11,2,0,7,20,35,3,4,9,0.8,113,0.5,0,0.55,0.257575758,1,4,9.090909091,2,1.0909
20,1,0,11,55,106,1,10,12,0.723684211,589,1.0,1,0.0,0.215789474,0,0,28.05,6,1.3
4,2,0,4,8,0,1,3,4,0.333333333,37,1.0,0,0.75,0.625,0,0,8.0,3,1.25
5,4,3,5,9,8,4,1,1,0.75,44,1.0,0,0.85,0.4,3,3,7.6,4,1.4
2,4,0,6,8,1,0,6,2,2.0,24,0.0,0,0.979591837,0.75,1,6,10.5,1,0.5
11,4,0,8,45,15,1,7,11,0.566666667,279,0.666666667,2,0.85483871,0.327272727,3,6,24.09090909,10,2.5455
1,2,0,14,2,0,11,3,0,2.0,11,0.0,1,1.0,1.0,0,0,9.0,0,0.0
11,2,0,5,21,43,2,3,9,0.85,116,0.5,0,0.578947368,0.418181818,1,6,9.363636364,2,1.0
10,1,0,8,17,25,1,7,9,0.722222222,86,1.0,0,0.0,0.311111111,0,0,7.2,3,1.0
3,1,0,8,20,1,2,0,3,0.0,155,1.0,0,0.0,0.444444444,0,0,50.0,4,2.0
18,1,0,2,28,87,1,1,18,0.852941176,200,1.0,0,0.0,0.361111111,0,0,9.666666667,1,0.9444
7,2,0,4,21,15,1,4,4,0.833333333,141,0.5,0,0.886363636,0.458333333,1,2,18.85714286,5,1.5714
6,2,0,1,23,1,0,1,2,0.6,141,1.0,0,0.6875,0.476190476,1,2,22.16666667,3,1.3333
4,2,0,26,25,0,13,14,4,0.333333333,209,1.0,1,0.842105263,0.5,1,1,51.0,1,0.75
3,1,0,5,3,3,3,2,3,2.0,3,0.0,0,0.0,1.0,0,0,0.0,1,1.0
2,1,0,3,2,1,2,1,2,2.0,2,0.0,0,0.0,1.0,0,0,0.0,1,1.0
12,2,0,11,20,24,10,1,12,2.0,153,0.0,0,0.64,0.527777778,1,14,11.75,2,1.0
5,1,0,20,33,8,2,18,3,0.25,105,1.0,0,0.0,0.3,0,0,19.8,8,2.0
4,1,0,13,4,6,12,1,4,1.333333333,14,0.0,0,0.0,0.55,0,0,0.0,1,1.0
2,1,0,2,2,1,1,1,2,2.0,2,0.0,0,0.0,0.75,0,0,0.0,1,1.0
6,1,0,5,6,15,4,1,6,2.0,6,0.0,0,0.0,0.444444444,0,0,0.0,1,1.0
2,3,0,3,7,1,0,3,1,2.0,24,0.0,0,0.833333333,0.666666667,1,1,11.0,1,0.5
8,2,0,6,28,0,1,5,5,0.142857143,183,1.0,0,0.333333333,0.404761905,1,2,21.75,3,1.625
13,1,0,8,46,42,4,5,13,0.625,339,0.5,0,0.0,0.340659341,0,0,24.92307692,5,1.8462
4,1,0,2,4,6,2,0,4,2.0,4,0.0,0,0.0,0.4,0,0,0.0,1,1.0
14,1,1,10,71,41,4,7,7,0.512820513,799,1.0,0,0.0,0.316239316,0,0,55.85714286,14,3.3571
29,1,0,42,151,274,4,40,10,0.839285714,3138,1.0,7,0.0,0.163793103,0,0,106.5172414,41,6.069
9,2,0,9,23,36,9,9,0,2.0,82,0.0,0,0.529411765,0.444444444,0,0,8.111111111,1,0.8889
4,3,0,19,30,0,5,15,4,0.833333333,127,1.0,0,0.949152542,0.416666667,1,4,30.25,4,2.0
3,2,0,4,9,1,1,3,0,0.5,71,1.0,0,0.777777778,0.444444444,1,2,22.33333333,6,2.3333
21,3,0,8,73,74,0,8,17,0.886363636,669,0.727272727,2,0.649122807,0.232142857,1,1,30.33333333,3,1.0476
6,2,0,20,46,15,2,18,1,1.114285714,427,0.0,0,0.772727273,0.619047619,0,0,69.0,1,0.8333
9,1,0,3,9,36,3,0,9,2.0,9,0.0,0,0.0,0.444444444,0,0,0.0,1,1.0
6,1,0,6,31,13,1,5,3,0.2,177,1.0,0,0.0,0.5,0,0,28.33333333,10,2.1667
1,1,0,3,1,0,3,0,0,2.0,111,0.0,0,0.0,0.0,0,0,88.0,0,0.0
3,1,0,5,6,3,2,5,3,2.0,18,0.0,0,0.0,0.555555556,0,0,5.0,1,0.6667
3,2,0,5,4,1,4,1,3,0.5,16,1.0,0,0.8,0.666666667,0,0,4.0,1,0.6667
3,1,0,5,3,3,5,0,3,2.0,3,0.0,0,0.0,1.0,0,0,0.0,1,1.0
3,1,0,8,3,3,6,2,3,2.0,3,0.0,0,0.0,0.666666667,0,0,0.0,1,1.0
12,1,0,3,22,44,1,2,5,0.805194805,156,1.0,1,0.0,0.261904762,0,0,11.41666667,4,1.25
4,2,0,10,8,4,4,6,2,0.666666667,37,0.0,0,0.857142857,0.5,0,0,8.0,2,1.0
19,1,0,4,25,0,4,0,18,0.513888889,256,1.0,0,0.0,0.394736842,0,0,12.26315789,3,1.2105
9,4,0,3,12,36,0,3,9,2.0,50,0.0,0,0.911111111,0.555555556,1,4,4.555555556,1,0.8889
11,1,0,6,24,0,2,4,11,0.5,112,1.0,1,0.0,0.515151515,0,0,9.0,2,1.2727
9,1,3,8,11,20,6,2,0,0.825,77,1.0,3,0.0,0.518518519,0,0,7.0,1,0.8889
10,1,2,6,14,19,3,4,6,0.611111111,71,1.0,2,0.0,0.325,0,0,5.9,3,1.3
6,2,0,10,21,13,0,10,3,0.866666667,83,0.333333333,0,0.6,0.4,1,2,12.33333333,3,1.1667
2,5,0,5,4,1,0,5,2,2.0,10,0.0,0,0.982142857,0.75,2,7,4.0,1,0.5
45,4,0,13,113,814,1,0,45,0.943722944,636,1.0,0,0.603603604,0.306666667,3,5,12.66666667,2,1.0
6,3,1,4,10,9,3,2,6,0.9,46,0.5,0,0.915254237,0.5,1,5,6.333333333,2,1.3333
3,4,0,1,4,1,0,1,2,0.5,1014,1.0,0,0.975,1.0,0,0,336.6666667,1,0.3333
1,4,0,1,2,0,0,1,1,2.0,4,0.0,0,1.0,1.0,0,0,3.0,0,0.0
2,1,0,4,2,1,3,2,2,2.0,2,0.0,0,0.0,0.75,0,0,0.0,1,1.0
2,4,0,3,3,1,1,2,2,2.0,13,0.0,0,0.987804878,0.6,0,0,5.5,1,0.5
6,1,0,21,6,15,17,5,6,2.0,6,0.0,0,0.0,0.37037037,0,0,0.0,1,1.0
3,1,0,0,3,3,0,0,3,2.0,3,0.0,0,0.0,1.0,0,0,0.0,1,1.0
0,1,0,3,0,0,2,1,0,2.0,0,0.0,0,0.0,0.0,0,0,0.0,0,0.0
15,1,1,6,29,87,2,4,12,0.946428571,190,1.0,3,0.0,0.223214286,0,0,10.86666667,4,1.0667
3,5,0,3,6,3,2,1,3,1.5,17,1.0,0,1.0,0.777777778,0,0,4.333333333,0,0.0
14,0,1,16,54,73,3,14,5,0.833333333,352,1.0,2,0.0,0.232142857,0,0,23.71428571,5,1.2143
4,3,0,24,27,4,2,24,3,0.904761905,156,1.0,2,0.913043478,0.583333333,0,0,36.25,3,1.0
6,2,0,4,25,13,2,2,5,0.9,104,1.0,1,0.871794872,0.305555556,1,1,16.0,2,1.0
4,2,0,6,7,4,5,1,2,0.916666667,56,0.25,4,0.857142857,0.444444444,1,1,12.0,1,0.5
4,5,0,4,13,0,1,3,2,0.636363636,179,1.0,0,0.989528796,0.55,1,1,41.0,1,0.5
23,3,0,10,96,175,1,10,19,0.886363636,1034,1.0,2,0.627118644,0.191304348,3,3,43.08695652,7,1.3043
2,2,0,6,4,0,1,6,2,0.0,16,1.0,1,0.961538462,0.666666667,0,0,6.5,1,0.5
10,2,0,11,24,1,1,10,6,0.638888889,126,1.0,3,0.636363636,0.277777778,1,1,11.2,2,0.9
8,1,0,4,39,22,1,3,6,0.785714286,377,0.5,0,0.0,0.166666667,0,0,45.875,3,1.25
42,1,14,27,78,809,16,11,33,0.909756098,489,1.0,7,0.0,0.118466899,0,0,10.4047619,4,1.5238
3,1,0,0,7,0,0,0,3,0.0,19,1.0,0,0.0,0.666666667,0,0,5.0,1,0.6667
10,2,0,6,26,9,2,4,7,0.722222222,156,1.0,1,0.5,0.25,1,1,14.0,3,1.1
6,2,2,6,12,0,2,4,4,0.0,38,1.0,0,0.722222222,0.666666667,1,1,5.166666667,1,0.8333
10,2,12,24,27,31,19,6,6,0.666666667,162,1.0,1,0.222222222,0.266666667,0,0,15.0,4,1.3
11,4,0,4,24,23,2,2,10,0.533333333,504,0.333333333,1,0.764705882,0.272727273,2,4,44.27272727,14,3.2727
4,1,0,2,4,6,1,1,4,2.0,4,0.0,0,0.0,0.75,0,0,0.0,1,1.0
3,2,0,5,12,3,1,4,1,2.0,40,0.0,0,0.857142857,0.666666667,0,0,12.33333333,1,0.6667
4,1,0,0,4,6,0,0,4,2.0,4,0.0,0,0.0,1.0,0,0,0.0,1,1.0
4,4,0,9,15,6,3,6,4,2.0,49,0.0,0,0.986363636,0.625,3,7,11.25,1,0.75
7,1,0,8,18,13,7,1,6,0.5,87,1.0,0,0.0,0.166666667,0,0,11.14285714,4,1.1429
11,1,0,12,52,37,4,0,5,0.7,360,1.0,1,0.0,0.383333333,0,0,31.36363636,8,1.8182
2,1,0,3,3,0,1,2,2,0.0,12,1.0,1,0.0,0.75,0,0,4.5,1,0.5
5,1,2,21,6,10,19,2,5,2.0,8,0.0,0,0.0,0.4,0,0,0.6,1,0.8
7,2,0,8,16,0,3,5,5,0.333333333,67,1.0,2,0.538461538,0.357142857,1,1,8.285714286,1,0.8571
7,1,0,3,12,0,3,1,7,0.666666667,77,1.0,4,0.0,0.428571429,0,0,9.285714286,1,0.8571
7,1,0,7,23,15,5,0,5,0.888888889,148,0.5,0,0.0,0.4,0,0,19.28571429,1,0.7143
12,1,3,35,13,66,32,3,12,2.0,15,0.0,0,0.0,0.875,0,0,0.25,1,0.9167
1,1,0,1,2,0,1,0,1,2.0,12,0.0,0,0.0,1.0,0,0,9.0,0,0.0
27,4,0,2,33,351,0,2,27,2.0,151,0.0,0,0.783333333,0.388888889,0,0,4.592592593,1,0.963
7,3,0,7,21,9,2,6,6,0.777777778,120,0.333333333,1,0.705882353,0.333333333,2,3,15.71428571,6,1.7143
3,4,0,1,4,1,0,1,2,0.5,314,0.0,0,0.976190476,1.0,0,0,103.3333333,1,0.3333
1,2,0,1,2,0,0,1,1,2.0,338,0.0,0,0.0,1.0,0,0,3.0,0,0.0
5,2,0,1,15,10,0,1,5,2.0,305,0.0,0,0.5,0.35,1,4,60.0,8,2.2
8,1,0,2,8,28,1,1,8,2.0,8,0.0,0,0.0,0.5,0,0,0.0,1,1.0
5,4,0,3,10,10,0,3,5,2.0,52,0.0,0,0.959183673,0.6,0,0,9.4,3,1.6
51,1,0,5,67,51,1,4,7,0.7648,7191,0.16,1,0.0,0.4,0,0,139.5098039,167,8.902
5,2,0,14,33,6,0,14,3,0.8,206,0.8,0,0.25,0.416666667,0,0,39.2,5,1.4
3,1,0,29,3,3,29,0,3,1.5,4,0.0,0,0.0,0.833333333,0,0,0.0,1,1.0
4,1,0,1,4,6,1,1,4,2.0,4,0.0,0,0.0,1.0,0,0,0.0,1,1.0
23,2,0,9,48,221,3,6,21,0.904040404,378,0.444444444,0,0.34375,0.211180124,1,3,15.04347826,6,1.5217
4,1,0,3,4,6,3,0,4,2.0,4,0.0,0,0.0,0.75,0,0,0.0,1,1.0
41,2,0,11,75,280,2,9,35,0.903947368,1225,1.0,10,0.487179487,0.306620209,1,7,28.41463415,3,1.1951
5,5,0,4,18,8,1,0,4,0.875,76,1.0,0,0.98255814,0.625,2,2,13.8,3,1.0
2,4,0,5,7,1,2,3,1,2.0,24,0.0,0,0.952380952,0.666666667,1,1,11.0,1,0.5
3,2,0,4,19,3,0,4,2,2.0,136,0.0,0,0.8,0.666666667,0,0,44.33333333,2,1.0
2,4,0,11,13,1,0,11,2,2.0,44,0.0,0,0.989690722,0.6,2,4,21.0,2,1.0
3,3,0,4,4,3,0,4,3,2.0,9,0.0,0,0.95,0.5,1,6,2.0,1,0.6667
6,2,0,5,25,3,1,5,4,0.771428571,215,0.857142857,0,0.722222222,0.722222222,1,3,33.66666667,7,3.0
0,1,0,0,0,0,0,0,0,2.0,0,0.0,0,0.0,0.0,0,0,0.0,0,0.0
3,3,0,3,8,3,1,2,2,1.5,92,0.0,0,0.95,0.666666667,1,5,29.33333333,3,1.0
3,1,0,1,5,3,0,1,3,2.0,13,0.0,0,0.0,0.555555556,0,0,3.333333333,1,0.6667
2,2,0,2,5,1,1,1,1,2.0,11,0.0,0,0.941176471,0.833333333,1,2,4.5,1,0.5
11,2,0,7,15,43,6,1,11,0.75,177,0.5,0,0.545454545,0.333333333,1,9,14.90909091,2,0.6364
10,1,3,20,22,43,14,9,10,0.888888889,164,0.0,1,0.0,0.4,0,0,15.3,5,1.6
4,1,0,2,7,0,1,1,3,0.222222222,62,1.0,0,0.0,0.666666667,0,0,13.75,3,1.75
14,1,0,10,53,0,8,8,14,0.423076923,419,1.0,0,0.0,0.285714286,0,0,28.78571429,7,3.6429
1,2,0,5,2,0,3,2,1,2.0,5,0.0,0,1.0,1.0,0,0,4.0,0,0.0
6,3,0,37,56,0,1,36,5,0.55,586,1.0,4,0.923076923,0.361111111,2,5,96.0,5,1.6667
9,1,0,8,9,36,5,4,9,2.0,9,0.0,0,0.0,0.314814815,0,0,0.0,1,1.0
30,4,0,10,100,271,4,10,16,0.891246684,788,1.0,3,0.735849057,0.216748768,2,2,24.83333333,3,1.1667
4,1,0,5,12,2,2,3,2,0.708333333,354,0.0,0,0.0,0.428571429,0,0,85.5,10,2.75
3,3,0,0,4,1,0,0,2,0.5,234,1.0,0,0.974358974,1.0,0,0,76.66666667,1,0.3333
20,2,0,7,40,142,3,4,18,0.798245614,342,0.833333333,0,0.392857143,0.3,1,6,15.8,10,1.5
17,1,2,49,26,124,47,4,16,0.875,94,1.0,1,0.0,0.175,0,0,4.411764706,1,0.8824
3,1,0,5,7,3,0,5,3,2.0,19,0.0,0,0.0,0.533333333,0,0,5.333333333,1,0.6667
4,1,0,2,12,6,2,0,3,1.0,437,0.0,0,0.0,0.375,0,0,106.25,63,23.0
10,1,0,8,17,25,1,7,9,0.722222222,86,1.0,0,0.0,0.311111111,0,0,7.2,3,1.0
3,4,0,1,4,1,0,1,2,1.423076923,3769,0.0,0,0.976190476,1.0,0,0,1251.0,1,0.3333
3,1,0,3,7,0,1,2,3,0.0,21,1.0,0,0.0,0.666666667,0,0,5.666666667,1,0.6667
44,1,0,38,44,946,34,5,44,1.023255814,52,0.0,0,0.0,0.237373737,0,0,0.0,1,1.0
34,3,0,14,143,369,5,13,24,0.903263403,1703,0.576923077,0,0.384615385,0.142857143,1,2,48.32352941,17,2.0882
1,1,0,1,1,0,1,0,1,2.0,1,0.0,0,0.0,1.0,0,0,0.0,1,1.0
18,5,0,21,71,43,5,16,17,0.727272727,661,1.0,5,0.690909091,0.177777778,2,4,35.11111111,17,3.0
4,1,0,2,4,6,1,1,4,2.0,4,0.0,0,0.0,0.75,0,0,0.0,1,1.0
20,1,1,5,22,0,5,0,20,0.342105263,497,1.0,0,0.0,0.6,0,0,23.65,4,1.75
12,2,0,7,16,46,0,7,11,0.795454545,83,1.0,2,0.153846154,0.266666667,0,0,5.583333333,2,1.0
1,1,0,2,1,0,2,0,1,2.0,1,0.0,0,0.0,1.0,0,0,0.0,1,1.0
10,2,0,5,18,39,2,4,9,0.851851852,75,0.333333333,0,0.5,0.228571429,1,2,6.2,1,0.7
19,1,35,50,31,147,46,7,19,0.888888889,239,0.5,4,0.0,0.233082707,0,0,11.26315789,4,1.5263
15,3,0,9,29,15,1,8,11,0.6,523,0.7,3,0.214285714,0.285714286,1,1,33.2,10,1.7333
2,1,0,0,2,1,0,0,2,2.0,2,0.0,0,0.0,0.75,0,0,0.0,1,1.0
2,1,0,4,4,1,0,4,2,2.0,12,0.0,0,0.0,0.75,0,0,5.0,1,0.5
2,5,1,3,10,0,1,2,1,0.0,44,1.0,0,0.952380952,0.75,1,1,20.0,2,1.0
2,4,0,4,3,0,4,0,2,0.0,13,0.0,0,0.944444444,0.666666667,0,0,5.0,1,0.5
4,1,1,2,7,4,2,0,3,0.666666667,502,0.5,0,0.0,0.555555556,0,0,124.0,4,1.25
49,1,9,16,87,866,15,11,2,0.995138889,2172,0.366666667,20,0.0,0.1875,0,0,42.10204082,24,2.2857
5,3,0,4,18,8,0,4,5,0.375,176,1.0,2,0.818181818,0.366666667,2,3,33.0,7,2.6
13,1,0,11,41,38,8,4,12,0.944444444,265,1.0,2,0.0,0.269230769,0,0,18.92307692,9,1.6923
5,3,0,17,61,8,3,16,3,0.75,295,1.0,0,0.9,0.314285714,1,1,57.8,18,5.0
5,2,0,5,7,6,4,1,5,2.0,46,0.0,0,0.769230769,0.7,1,1,8.2,2,1.0
2,1,0,0,5,1,0,0,1,2.0,15,0.0,0,0.0,0.5,0,0,6.0,1,0.5
45,1,0,27,112,730,3,24,35,0.83677686,844,1.0,6,0.0,0.209876543,0,0,17.51111111,4,1.2667
10,1,0,4,31,3,1,3,9,0.222222222,183,0.0,0,0.0,0.333333333,0,0,17.2,2,1.3
27,1,0,3,63,297,1,2,10,0.778846154,527,0.0,2,0.0,0.37962963,0,0,18.22222222,11,1.4444
12,2,0,4,24,46,0,4,10,0.818181818,141,0.5,0,0.55,0.5,1,6,10.58333333,2,0.8333
5,1,0,3,17,0,1,2,4,0.416666667,74,1.0,0,0.0,0.5,0,0,13.2,4,1.2
7,2,0,6,21,0,1,6,5,0.666666667,92,0.666666667,0,0.5,0.375,2,2,11.71428571,3,1.0
10,6,0,13,40,29,1,13,8,0.722222222,182,1.0,1,0.823529412,0.242857143,0,0,16.8,1,0.9
28,3,0,18,132,130,3,15,19,0.846560847,1139,0.928571429,2,0.596774194,0.151515152,3,5,39.17857143,6,1.6786
62,4,3,53,161,1649,48,25,49,0.926229508,1344,0.916666667,2,0.580882353,0.155107188,2,19,20.48387097,23,1.9516
4,1,0,0,12,6,0,0,4,2.0,50,0.0,0,0.0,0.5,0,0,11.5,2,1.0
2,5,1,11,5,1,11,0,2,2.0,12,0.0,0,0.998529412,0.75,0,0,5.0,1,0.5
21,4,0,3,28,210,0,3,21,2.0,118,0.0,0,0.803921569,0.314285714,1,7,4.619047619,1,0.9524
6,1,0,3,14,13,1,2,4,0.4,57,1.0,0,0.0,0.666666667,0,0,8.333333333,3,1.0
27,3,0,29,60,245,16,17,24,0.835164835,348,1.0,1,0.867052023,0.169230769,1,6,11.62962963,3,1.0741
57,1,4,80,108,1504,66,16,43,0.867346939,724,1.0,3,0.0,0.115288221,0,0,11.57894737,12,1.1754
5,2,0,11,21,10,4,9,5,2.0,153,0.0,0,0.903225806,0.4,1,1,29.6,1,0.6
5,2,0,6,11,8,4,4,5,0.875,37,0.5,0,0.903225806,0.4,0,0,6.0,1,0.6
10,1,0,0,15,37,0,0,10,0.777777778,64,1.0,0,0.0,0.375,0,0,5.0,1,0.8
7,1,0,0,7,21,0,0,7,2.0,7,0.0,0,0.0,1.0,0,0,0.0,1,1.0
3,7,0,4,33,3,1,4,3,1.0,176,1.0,0,0.996946565,0.666666667,0,0,57.33333333,1,0.6667
3,3,0,0,4,1,0,0,2,0.5,1248,1.0,0,0.974358974,1.0,0,0,414.6666667,1,0.3333
10,1,0,2,16,23,1,2,9,0.5,88,1.0,1,0.0,0.433333333,0,0,7.2,2,1.0
9,2,2,10,18,8,9,1,6,0.821428571,160,1.0,1,0.384615385,0.377777778,1,1,16.0,1,0.8889
2,1,0,6,24,1,4,4,2,1.0,118,1.0,2,0.0,0.583333333,0,0,57.0,1,0.5
2,1,0,1,4,1,1,0,2,2.0,9,0.0,0,0.0,0.75,0,0,3.5,1,0.5
62,2,0,6,85,611,1,5,60,0.953972257,1390,0.5,14,0.157142857,0.266129032,1,6,20.58064516,2,0.9677
17,2,1,26,82,84,7,22,17,0.794642857,843,0.857142857,3,0.542857143,0.196078431,1,1,48.17647059,37,4.6471
2,3,0,8,8,1,2,7,2,2.0,31,0.0,0,0.952380952,0.625,0,0,14.5,2,1.0
3,5,0,7,10,3,1,6,2,2.0,40,0.0,0,0.990697674,0.583333333,2,4,12.33333333,1,0.6667
3,4,0,2,14,3,1,2,3,2.0,60,0.0,0,0.979166667,0.666666667,0,0,19.0,3,1.6667
11,1,0,12,28,19,3,11,5,0.64,338,1.0,6,0.0,0.324675325,0,0,28.81818182,4,1.1818
3,5,0,6,6,3,2,5,3,2.0,18,0.0,0,0.99047619,0.5,0,0,5.0,1,0.3333
5,2,0,3,19,2,0,3,5,0.7,188,0.8,0,0.625,0.428571429,0,0,35.6,18,4.0
7,1,0,7,12,0,5,3,7,0.5,40,1.0,1,0.0,0.428571429,0,0,4.428571429,1,0.8571
14,2,0,5,27,57,1,4,12,0.769230769,195,0.666666667,0,0.5,0.482142857,1,6,12.71428571,2,0.8571
6,3,0,16,33,3,1,16,6,0.4,297,1.0,1,0.87804878,0.351851852,2,3,48.16666667,1,0.8333
20,2,1,5,55,60,5,0,16,0.684210526,320,1.0,0,0.457142857,0.23125,1,1,14.75,5,1.7
3,1,0,0,14,3,0,0,2,2.0,133,0.0,0,0.0,0.333333333,0,0,43.33333333,4,1.6667
11,3,35,39,20,55,36,4,7,2.0,93,0.0,0,0.87804878,0.436363636,2,3,7.454545455,3,1.2727
6,1,0,2,6,15,1,1,6,2.0,6,0.0,0,0.0,0.75,0,0,0.0,1,1.0
1,1,0,27,1,0,26,1,1,2.0,4,0.0,0,0.0,1.0,0,0,0.0,1,1.0
14,1,0,0,14,91,0,0,14,2.0,14,0.0,0,0.0,0.5,0,0,0.0,1,1.0
10,1,1,6,41,0,3,3,7,0.333333333,437,0.666666667,1,0.0,0.475,0,0,42.4,1,0.8
11,2,0,7,26,0,5,2,11,0.58,181,1.0,0,0.529411765,0.409090909,0,0,15.0,1,0.7273
20,3,0,55,105,130,2,55,15,0.847953216,1393,1.0,4,0.746666667,0.236363636,1,4,68.2,11,2.5
5,2,1,5,8,8,3,2,4,0.75,29,1.0,0,0.769230769,0.583333333,0,0,4.6,1,0.6
4,1,0,6,4,6,6,0,4,2.0,4,0.0,0,0.0,0.5,0,0,0.0,1,1.0
7,1,0,7,20,9,2,5,7,0.833333333,173,1.0,5,0.0,0.571428571,0,0,22.85714286,2,1.0
21,2,2,9,58,156,3,0,15,0.855555556,373,1.0,0,0.512820513,0.32,0,0,16.33333333,6,1.381
6,2,0,9,14,5,8,3,5,0.933333333,86,0.166666667,1,0.428571429,0.4,1,1,11.33333333,1,0.6667
4,2,0,11,24,6,0,11,3,1.0,140,1.0,0,0.75,0.555555556,0,0,33.75,6,1.75
5,1,0,8,17,0,2,6,5,0.25,124,1.0,0,0.0,0.6,0,0,23.6,5,3.0
14,1,6,8,16,91,6,2,14,2.0,38,0.0,0,0.0,0.414285714,0,0,1.714285714,1,0.9286
38,1,0,4,68,0,3,1,38,0.081081081,267,1.0,0,0.0,0.192105263,1,1,6.0,2,1.0
42,1,0,4,68,375,1,3,29,0.780487805,2063,1.0,0,0.0,0.226480836,0,0,47.83333333,33,3.1429
3,6,0,3,17,1,1,2,3,0.5,263,1.0,0,0.996987952,1.0,2,4,84.0,5,2.0
3,4,0,1,4,1,0,1,2,1.423076923,3769,0.0,0,0.976190476,1.0,0,0,1251.0,1,0.3333
26,1,0,19,101,271,5,16,21,0.868571429,787,0.857142857,1,0.0,0.148,0,0,29.0,10,2.5
18,1,0,3,36,133,2,3,18,0.764705882,298,0.0,1,0.0,0.333333333,0,0,15.5,4,1.3889
2,5,0,2,6,0,1,1,2,1.0,21,1.0,0,0.944444444,0.75,0,0,8.5,1,0.5
3,1,0,1,5,0,1,0,3,0.0,45,1.0,0,0.0,0.666666667,0,0,13.33333333,2,1.0
16,5,0,16,44,8,4,13,14,0.75,261,1.0,2,0.899280576,0.18125,3,10,15.0625,4,1.4375
22,3,0,25,73,121,10,19,21,0.852380952,485,1.0,4,0.740740741,0.140495868,2,7,20.59090909,8,2.0455
10,1,0,8,42,39,1,7,6,0.644444444,328,1.0,0,0.0,0.314285714,0,0,31.3,9,2.8
18,2,0,6,35,37,1,5,16,0.806722689,287,0.571428571,2,0.423076923,0.366666667,1,6,14.55555556,2,0.8889
2,4,0,6,8,1,0,6,2,2.0,23,0.0,0,0.979591837,0.75,1,6,10.5,1,0.5
29,5,0,2,74,300,1,2,21,0.879251701,782,0.857142857,1,0.94214876,0.344827586,3,5,25.24137931,10,1.5172
10,2,0,6,24,0,1,5,10,0.444444444,313,1.0,0,0.571428571,0.3,2,3,29.8,13,3.1
4,1,0,8,15,4,6,2,2,0.333333333,55,1.0,0,0.0,0.333333333,0,0,12.5,2,0.75
18,5,0,22,48,19,5,18,16,0.75,244,1.0,2,0.858333333,0.185185185,4,14,12.33333333,3,1.3333
3,1,0,1,15,3,0,1,3,1.5,124,1.0,0,0.0,0.333333333,0,0,40.0,6,2.6667
13,6,0,11,68,42,3,10,1,0.796296296,512,1.0,5,0.982378855,0.5,3,5,37.69230769,9,2.1538
11,1,0,2,16,35,1,2,11,0.6,52,1.0,1,0.0,0.424242424,0,0,3.636363636,1,0.9091
3,4,0,4,9,0,1,4,1,0.75,44,0.5,0,0.967741935,0.555555556,3,12,13.0,2,1.0
3,1,0,0,25,3,0,0,2,2.0,165,0.0,0,0.0,0.333333333,0,0,54.0,1,0.6667
43,1,0,9,101,815,4,7,35,0.833333333,792,0.8,1,0.0,0.261904762,0,0,17.18604651,1,0.8372
1,1,0,4,1,0,4,0,1,2.0,1,0.0,0,0.0,1.0,0,0,0.0,1,1.0
3,2,0,5,16,3,0,5,2,2.0,95,0.0,0,0.818181818,0.666666667,0,0,30.66666667,2,1.0
1,1,0,13,1,0,13,0,0,2.0,672,0.0,0,0.0,0.0,0,0,540.0,0,0.0
2,2,0,6,3,0,4,2,2,0.0,17,1.0,1,0.916666667,0.666666667,1,1,7.0,1,0.5
5,1,0,15,35,4,1,14,3,0.25,148,1.0,0,0.5,0.5,0,0,28.4,1,0.6
4,1,0,5,4,6,4,1,4,2.0,4,0.0,0,0.0,0.583333333,0,0,0.0,1,1.0
41,1,0,4,85,0,1,4,26,0.796875,2564,0.0,7,0.0,0.222222222,0,0,61.14634146,11,3.0244
2,4,0,6,18,1,1,5,1,2.0,92,0.0,0,0.995260664,0.625,3,4,44.5,1,0.5
5,1,0,3,32,8,0,3,4,0.5,300,0.0,0,0.0,0.375,0,0,58.8,11,2.6
19,2,0,1,29,61,1,0,14,0.709876543,342,0.666666667,0,0.464285714,0.305555556,1,2,16.52631579,2,0.8421
4,3,0,12,25,6,0,12,4,1.0,238,1.0,0,0.727272727,0.4375,1,1,58.25,1,0.75
1,3,0,1,2,0,1,0,1,2.0,5,0.0,0,1.0,1.0,0,0,4.0,0,0.0
7,1,0,7,42,9,3,4,4,0.333333333,558,1.0,0,0.0,0.3,0,0,78.57142857,12,3.2857
5,2,0,7,13,0,2,5,4,0.0,64,1.0,1,0.692307692,0.45,1,1,11.6,1,0.8
2,1,0,11,16,1,0,11,2,2.0,46,0.0,0,0.0,0.75,0,0,22.0,1,0.5
1,1,0,6,10,0,3,4,0,2.0,80,0.0,3,0.0,1.0,0,0,71.0,0,0.0
7,3,0,8,18,21,2,6,4,2.0,66,0.0,0,0.882352941,0.326530612,0,0,8.428571429,2,0.7143
3,2,0,3,5,3,1,2,0,2.0,24,0.0,0,0.5,0.555555556,0,0,7.0,2,1.3333
5,2,1,2,13,4,1,1,4,0.875,115,1.0,0,0.666666667,0.5,0,0,21.6,7,2.6
3,1,6,8,4,3,7,1,0,2.0,6,0.0,0,0.0,0.555555556,0,0,1.0,1,0.6667
1,1,0,5,1,0,4,1,1,2.0,1,0.0,0,0.0,1.0,0,0,0.0,1,1.0
9,2,0,6,32,20,1,5,7,0.5,865,0.941176471,2,0.363636364,0.301587302,0,0,93.22222222,1,0.7778
2,1,0,0,17,1,0,0,2,2.0,103,0.0,0,0.0,0.5,0,0,50.0,10,5.0
3,3,0,10,12,3,1,9,3,2.0,50,0.0,0,0.95,0.5,1,6,15.66666667,1,0.6667
64,3,1,39,183,1464,13,33,28,0.903737839,2234,0.580645161,13,0.605095541,0.139194139,2,15,33.421875,30,1.6719
6,3,0,10,23,13,0,10,3,0.866666667,87,0.333333333,0,0.692307692,0.4,1,2,13.0,3,1.1667
5,3,0,4,10,8,1,4,4,0.5,36,1.0,0,0.884615385,0.36,1,2,6.0,1,0.6
9,2,0,4,17,36,1,3,7,1.125,72,0.0,0,0.647058824,0.555555556,1,6,6.888888889,2,0.7778
38,1,0,4,68,0,3,1,38,0.081081081,267,1.0,0,0.0,0.192105263,1,1,6.0,2,1.0
17,1,0,8,74,14,3,5,16,0.866071429,599,0.285714286,1,0.0,0.163398693,1,1,33.41176471,8,1.5294
9,1,0,2,27,18,0,2,7,0.825,236,0.4,0,0.0,0.4,0,0,24.66666667,5,1.8889
35,5,1,34,107,213,20,14,26,0.804812834,2248,1.0,2,0.83919598,0.200980392,2,33,62.6,20,3.6286
6,1,0,3,11,9,1,3,5,0.6,113,1.0,3,0.0,0.333333333,0,0,16.33333333,5,1.5
42,3,0,6,69,759,2,4,40,0.914634146,399,1.0,0,0.735099338,0.146520147,3,14,8.452380952,2,0.9762
1,1,0,10,2,0,9,1,1,2.0,12,0.0,0,0.0,1.0,0,0,9.0,0,0.0
7,2,0,12,24,0,2,0,6,0.541666667,122,1.0,0,0.76,0.333333333,1,8,15.85714286,3,1.1429
3,1,0,6,3,3,5,2,3,2.0,3,0.0,0,0.0,0.666666667,0,0,0.0,1,1.0
9,4,0,6,15,16,1,5,9,0.625,69,1.0,2,0.962365591,0.481481481,1,1,6.444444444,2,0.8889
11,1,0,11,38,0,2,9,7,0.56,336,1.0,1,0.0,0.28,0,0,29.09090909,3,1.3636
7,1,0,2,21,17,0,2,2,0.666666667,90,0.0,1,0.0,0.277777778,0,0,11.57142857,2,1.0
7,4,0,3,10,21,0,3,7,2.0,39,0.0,0,0.931818182,0.571428571,1,6,4.571428571,1,0.8571
14,1,0,10,21,59,8,3,13,0.641025641,126,1.0,1,0.0,0.375,0,0,7.785714286,4,1.2143
3,2,0,3,6,3,0,3,3,2.0,17,0.0,0,0.967741935,0.533333333,0,0,4.666666667,1,0.3333
2,2,0,9,17,1,2,9,1,2.0,174,0.0,0,0.75,0.571428571,2,2,86.0,1,0.5
5,1,0,1,6,0,1,0,5,0.25,32,1.0,0,0.0,0.533333333,1,1,5.2,2,0.8
10,4,0,10,22,27,3,8,10,0.611111111,87,1.0,1,0.958333333,0.32,2,3,7.5,2,0.9
1,1,0,0,1,0,0,0,1,2.0,1,0.0,0,0.0,1.0,0,0,0.0,1,1.0
5,1,0,1,14,8,0,1,2,0.875,45,0.0,1,0.0,0.333333333,0,0,7.6,1,0.6
4,0,0,3,5,4,1,3,4,0.666666667,22,1.0,1,0.0,0.5,0,0,4.25,1,0.75
4,1,0,13,4,6,9,4,4,1.333333333,19,0.0,0,0.0,0.4,0,0,0.0,1,1.0
2,2,0,10,7,1,1,9,1,1.0,79,0.0,0,0.947368421,0.625,1,1,38.0,1,0.5
4,2,0,4,13,0,1,0,3,0.333333333,41,1.0,1,0.8125,0.583333333,1,2,9.0,1,0.75
15,5,0,11,46,27,1,11,10,0.69047619,279,1.0,1,0.723404255,0.222222222,1,1,17.2,3,1.0
4,1,0,6,6,0,5,1,4,0.0,73,0.0,1,0.0,0.55,0,0,16.5,2,0.5
14,1,0,2,14,91,1,1,14,2.0,14,0.0,0,0.0,0.5,0,0,0.0,1,1.0
6,1,0,1,12,0,1,0,5,0.2,266,1.0,0,0.0,0.166666667,0,0,43.16666667,5,2.0
7,1,0,12,29,1,7,6,1,0.0,257,1.0,1,0.0,0.514285714,0,0,35.57142857,2,0.7143
5,3,0,7,16,4,1,7,3,0.75,61,1.0,0,0.918918919,0.4375,1,1,10.8,1,0.6
2,6,0,5,12,1,0,5,2,2.0,70,0.0,0,0.984615385,0.75,1,6,34.0,1,0.5
8,2,0,3,15,4,3,0,5,0.428571429,90,1.0,0,0.416666667,0.425,1,1,9.875,1,0.875
53,1,0,34,150,1362,22,15,49,1.001602564,2089,0.375,0,0.0,0.125,0,0,37.96226415,49,4.3962
14,1,1,2,19,79,1,1,7,0.807692308,97,1.0,0,0.0,0.285714286,0,0,5.5,2,1.0
2,1,0,0,2,1,0,0,2,2.0,2,0.0,0,0.0,1.0,0,0,0.0,1,1.0
4,1,0,5,4,6,1,4,4,2.0,4,0.0,0,0.0,0.4375,0,0,0.0,1,1.0
22,1,0,25,42,0,18,9,21,0.682539683,476,0.333333333,2,0.0,0.365079365,0,0,20.36363636,3,1.0
74,1,0,154,228,2673,138,26,66,0.95890411,2274,0.5,1,0.0,0.0793379,0,0,29.59459459,11,2.2162
4,1,0,2,5,0,2,0,4,0.333333333,97,1.0,0,0.0,0.5,0,0,22.5,3,1.5
4,1,0,1,9,4,0,1,3,0.666666667,29,0.0,0,0.0,0.555555556,0,0,5.75,2,0.75
4,0,0,10,17,2,1,9,3,0.666666667,71,1.0,2,0.0,0.833333333,0,0,16.0,1,0.5
3,5,0,5,12,1,1,4,3,0.0,38,1.0,0,0.95,0.666666667,0,0,11.33333333,1,0.3333
5,1,0,7,20,0,1,6,4,0.6,132,1.0,3,0.0,0.4,0,0,24.4,11,2.8
25,4,0,3,32,300,0,3,25,2.0,142,0.0,0,0.773584906,0.312,1,7,4.68,1,0.96
3,2,0,1,5,3,0,1,3,2.0,12,0.0,0,0.956521739,0.666666667,1,2,3.0,1,0.3333
15,1,0,1,18,95,1,0,12,0.285714286,106,1.0,0,0.0,0.377777778,0,0,5.933333333,1,0.9333
6,3,0,39,72,0,3,37,5,0.52,550,1.0,2,0.918032787,0.305555556,2,10,89.83333333,30,7.5
36,1,0,10,100,0,2,9,33,0.817582418,914,0.923076923,2,0.0,0.176623377,0,0,24.02777778,7,1.1944
8,3,0,10,15,0,6,4,5,0.595238095,110,0.833333333,2,0.833333333,0.571428571,0,0,12.0,2,1.375
8,0,2,8,22,26,3,5,1,0.857142857,108,1.0,0,0.0,0.4,0,0,12.375,5,1.875
4,2,0,10,23,4,0,10,3,0.666666667,182,1.0,0,0.6,0.666666667,0,0,44.0,15,4.0
7,1,4,12,20,17,8,4,3,0.75,108,1.0,1,0.0,0.428571429,0,0,14.14285714,3,1.0
3,5,0,10,13,3,0,10,3,2.0,50,0.0,0,0.99,0.533333333,3,5,15.66666667,1,0.3333
15,3,0,6,37,5,2,4,14,0.904761905,434,1.0,0,0.535714286,0.4,1,4,27.73333333,3,1.5333
5,3,0,6,13,4,3,4,4,0.875,50,0.25,0,0.666666667,0.5,1,1,8.2,1,0.6
4,3,0,10,22,4,2,9,4,2.0,105,0.0,0,0.88,0.583333333,0,0,25.25,7,2.25
5,1,0,5,8,0,1,4,5,0.0,39,1.0,1,0.0,0.5,0,0,6.6,1,0.6
16,2,0,7,30,54,4,3,14,0.7,388,0.0,0,0.416666667,0.3625,1,1,23.0,4,1.5625
7,1,1,3,8,21,1,2,7,2.0,16,0.0,0,0.0,0.80952381,0,0,1.285714286,1,0.8571
7,1,0,6,33,19,3,0,5,0.666666667,179,0.0,0,0.0,0.444444444,0,0,24.42857143,1,0.7143
3,2,0,4,19,0,1,3,3,0.0,57,1.0,0,0.714285714,0.5,0,0,17.66666667,2,1.0
2,1,0,2,2,1,2,0,2,2.0,2,0.0,0,0.0,0.75,0,0,0.0,1,1.0
10,1,0,3,10,45,3,0,10,2.0,10,0.0,0,0.0,0.6,0,0,0.0,1,1.0
14,1,0,24,26,15,22,2,11,0.933110368,405,0.391304348,4,0.0,0.461538462,0,0,26.28571429,11,2.0714
7,1,1,2,14,19,2,1,5,0.833333333,76,1.0,0,0.0,0.375,0,0,9.714285714,2,0.8571
5,6,0,5,13,0,1,5,3,0.25,129,1.0,0,0.979020979,0.366666667,1,1,24.6,17,4.0
7,4,0,3,10,21,0,3,7,2.0,39,0.0,0,0.931818182,0.571428571,1,6,4.571428571,1,0.8571
5,1,0,2,6,2,1,1,5,0.75,36,1.0,0,0.0,0.6,0,0,5.4,1,0.8
13,1,5,43,14,78,40,13,13,2.0,40,0.0,0,0.0,0.203296703,0,0,2.076923077,1,0.9231
3,1,0,11,28,1,0,11,2,0.625,148,1.0,0,0.0,0.666666667,0,0,47.0,8,2.6667
4,1,0,9,18,4,6,3,3,0.666666667,77,0.0,1,0.0,0.333333333,0,0,18.0,4,1.75
6,2,0,12,30,13,0,12,3,0.866666667,161,0.333333333,0,0.6,0.4,1,2,25.33333333,9,2.1667
19,1,0,0,19,171,0,0,19,2.0,19,0.0,0,0.0,0.438596491,0,0,0.0,1,1.0
2,4,0,3,4,1,1,2,1,2.0,12,0.0,0,0.971428571,0.75,1,1,5.0,1,0.5
2,3,0,0,3,1,0,0,2,2.0,1243,0.0,0,0.974358974,1.0,0,0,620.5,1,0.5
31,1,6,104,56,435,96,9,30,0.8,275,1.0,1,0.0,0.190615836,0,0,7.838709677,3,1.2903
5,3,0,5,6,2,5,0,5,0.75,36,1.0,0,0.80952381,0.466666667,1,1,5.4,1,0.8
1,1,0,0,2,0,0,0,1,2.0,6,0.0,0,0.0,1.0,0,0,3.0,0,0.0
6,6,0,6,31,9,4,6,0,0.8,134,1.0,3,0.992378049,0.3,0,0,20.83333333,1,0.8333
8,6,0,9,26,16,8,2,5,0.285714286,105,1.0,0,0.9921875,0.35,1,2,12.0,2,1.0
43,1,4,52,116,805,40,23,35,0.977513228,962,0.277777778,0,0.0,0.215873016,0,0,20.95348837,7,1.4884
10,1,0,5,18,21,5,0,8,0.728395062,182,1.0,0,0.0,0.34,0,0,16.3,7,1.5
3,4,0,2,6,3,0,2,3,2.0,17,0.0,0,0.979166667,0.666666667,0,0,4.666666667,1,0.6667
7,1,0,21,19,9,18,3,4,0.611111111,141,0.666666667,1,0.0,0.208333333,0,0,18.71428571,5,1.4286
54,2,0,17,137,1241,7,0,16,0.943951165,1589,1.0,1,0.277777778,0.205450734,0,0,27.7962963,5,1.2037
3,1,0,0,3,3,0,0,3,2.0,3,0.0,0,0.0,0.666666667,0,0,0.0,1,1.0
2,2,0,10,7,1,1,9,1,1.0,79,0.0,0,0.944444444,0.625,1,1,38.0,1,0.5
12,1,0,0,12,66,0,0,12,2.0,12,0.0,0,0.0,0.5,0,0,0.0,1,1.0
19,1,0,9,34,43,4,5,13,0.688888889,549,0.7,4,0.0,0.277777778,0,0,27.36842105,11,2.6316
12,1,0,0,24,0,0,0,12,0.303030303,178,0.0,0,0.0,0.4375,0,0,13.58333333,2,1.25
15,2,0,19,50,39,3,16,12,0.811688312,487,1.0,1,0.333333333,0.237037037,0,0,30.73333333,3,1.2667
5,2,0,6,21,0,3,3,0,0.375,274,0.0,1,0.733333333,0.5,1,3,53.4,18,5.0
9,1,2,26,45,10,2,24,8,0.8,374,0.4,2,0.0,0.365079365,0,0,40.0,1,0.8889
8,2,0,7,13,0,7,0,7,0.767857143,284,1.0,0,0.5625,0.40625,1,2,33.5,2,1.0
23,3,0,7,34,137,3,6,21,0.772727273,230,1.0,0,0.660377358,0.402173913,2,6,8.782608696,4,0.9565
4,2,0,6,7,6,4,4,4,2.0,20,0.0,0,0.931034483,0.416666667,0,0,4.0,1,0.5
6,3,3,0,10,0,0,0,6,0.0,54,1.0,0,0.85,0.555555556,1,2,7.833333333,3,1.0
2,3,0,0,3,1,0,0,2,2.0,374,0.0,0,0.974358974,1.0,0,0,186.0,1,0.5
7,4,0,3,10,21,0,3,7,2.0,39,0.0,0,0.931818182,0.571428571,1,6,4.571428571,1,0.8571
11,1,0,21,51,49,2,19,8,1.0625,355,0.125,0,0.0,0.2,0,0,30.54545455,5,1.4545
12,3,0,21,39,14,2,19,11,0.818181818,195,0.5,2,0.946859903,0.194444444,2,10,14.91666667,3,1.1667
39,1,0,18,85,741,15,3,38,2.0,951,0.0,0,0.0,0.185897436,0,0,23.38461538,7,3.2308
2,3,0,0,3,1,0,0,2,2.0,374,0.0,0,0.974358974,1.0,0,0,186.0,1,0.5
31,1,0,5,68,407,2,3,13,0.904761905,624,0.904761905,2,0.0,0.316129032,0,0,18.4516129,11,1.4516
1,1,0,3,1,0,3,0,1,2.0,1,0.0,0,0.0,1.0,0,0,0.0,1,1.0
2,2,0,4,3,1,3,1,1,1.0,10,0.0,0,0.947368421,0.75,0,0,3.5,1,0.5
3,3,0,2,7,1,1,1,3,2.0,43,0.0,0,0.882352941,0.777777778,2,2,13.33333333,2,1.3333
107,1,1,3,117,5671,2,1,107,2.0,648,0.0,0,0.0,0.191069574,0,0,5.056074766,1,0.9907
10,1,0,1,14,0,0,1,10,0.472222222,180,1.0,1,0.0,0.4,0,0,16.6,3,1.6
13,2,0,6,25,66,2,4,11,0.777777778,174,0.666666667,0,0.523809524,0.333333333,1,6,12.15384615,3,1.1538
4,1,0,5,4,6,4,1,4,2.0,4,0.0,0,0.0,0.833333333,0,0,0.0,1,1.0
2,1,0,0,4,1,0,0,2,1.0,47,1.0,0,0.0,1.0,0,0,18.0,1,0.5
7,2,0,5,29,17,2,3,6,0.888888889,133,1.0,2,0.85,0.285714286,1,2,17.57142857,2,1.0
10,1,0,2,10,45,1,1,10,2.0,10,0.0,0,0.0,0.75,0,0,0.0,1,1.0
4,3,0,6,13,0,1,6,1,0.666666667,84,0.5,0,0.94,0.5,2,7,19.5,2,1.0
5,3,0,13,20,8,1,12,2,0.5,66,1.0,0,0.931034483,0.472222222,0,0,12.0,1,0.4
9,5,0,11,20,4,4,7,9,0.6875,108,1.0,0,0.919191919,0.388888889,2,7,10.55555556,3,1.2222
11,1,0,2,14,49,2,1,11,0.8,50,1.0,1,0.0,0.454545455,0,0,3.363636364,1,0.9091
2,1,0,6,5,1,1,5,1,2.0,12,0.0,0,0.0,0.75,0,0,5.0,1,0.5
22,1,1,28,42,0,21,9,21,0.734693878,477,0.285714286,2,0.0,0.365079365,0,0,20.36363636,3,1.0
7,2,0,16,27,9,4,12,4,0.583333333,101,1.0,2,0.7,0.464285714,1,1,13.14285714,2,1.0
2,1,0,0,2,1,0,0,2,2.0,2,0.0,0,0.0,1.0,0,0,0.0,1,1.0
12,2,0,8,32,0,4,5,7,0.272727273,176,0.0,0,0.615384615,0.35,1,2,13.58333333,4,1.4167
10,1,0,56,18,17,56,0,10,0.777777778,106,1.0,0,0.0,0.4,1,1,9.1,2,1.0
5,2,0,12,10,2,2,12,5,0.8125,74,0.0,4,0.5,0.4,0,0,13.0,3,1.6
12,2,0,13,34,32,8,5,11,1.034090909,323,0.125,0,0.633333333,0.35,1,5,24.58333333,14,2.0
3,6,0,3,7,3,0,0,3,2.0,17,0.0,0,0.988950276,1.0,1,1,4.666666667,1,0.6667
32,3,7,16,77,236,8,11,14,0.650537634,1240,0.833333333,3,0.625,0.180555556,2,25,37.5625,11,2.3438
11,3,0,14,37,19,1,13,9,0.75,317,1.0,1,0.787234043,0.327272727,1,1,27.27272727,21,3.0
37,2,0,9,50,442,3,6,34,0.895833333,485,0.9375,6,0.244444444,0.25462963,1,4,11.67567568,2,0.9459
30,1,0,13,73,347,1,12,27,0.668965517,380,1.0,2,0.0,0.114285714,0,0,11.5,3,1.0333
3,1,0,21,3,3,21,0,3,1.5,6,0.0,0,0.0,0.533333333,0,0,0.0,1,1.0
15,3,0,10,44,3,0,10,13,0.767857143,334,0.5,0,0.733333333,0.241666667,1,10,21.0,5,1.3333
22,3,0,28,72,121,10,22,21,0.852380952,485,1.0,4,0.740740741,0.140495868,2,7,20.59090909,8,2.0455
5,1,0,8,6,0,8,0,0,0.125,100,0.0,0,0.0,0.55,0,0,18.2,1,0.4
11,2,1,12,54,25,1,11,5,0.3,444,1.0,1,0.666666667,0.227272727,2,10,39.27272727,23,5.1818
6,1,3,31,14,7,31,1,6,0.6,49,1.0,1,0.0,0.583333333,0,0,6.833333333,1,0.8333
3,4,0,1,4,1,0,1,2,0.5,426,0.0,0,0.976190476,1.0,0,0,140.6666667,1,0.3333
11,1,3,7,29,33,6,5,8,0.633333333,141,0.666666667,0,0.0,0.185714286,0,0,11.54545455,3,1.4545
12,1,0,0,12,66,0,0,12,2.0,12,0.0,0,0.0,0.75,0,0,0.0,1,1.0
12,2,1,9,20,26,6,4,12,0.803030303,159,0.833333333,3,0.814814815,0.395833333,1,4,11.75,2,1.4167
2,1,0,3,3,0,1,2,2,0.0,12,1.0,1,0.0,0.75,0,0,4.5,1,0.5
2,3,2,10,8,1,7,5,1,2.0,44,0.0,0,0.986111111,0.5,0,0,21.0,3,1.5
6,3,0,10,33,0,3,8,5,0.466666667,198,1.0,1,0.880952381,0.333333333,2,4,31.5,2,1.0
14,1,19,21,21,59,19,2,12,0.807692308,163,1.0,0,0.0,0.404761905,0,0,10.21428571,5,1.4286
1,1,0,16,1,0,14,2,1,2.0,1,0.0,0,0.0,1.0,0,0,0.0,1,1.0
6,3,0,7,13,3,1,6,4,0.0,46,1.0,1,0.791666667,0.375,1,1,6.5,1,0.8333
16,2,0,16,32,86,12,4,16,0.511111111,187,0.0,1,0.409090909,0.294642857,1,8,10.5,1,0.8125
8,2,0,9,56,12,3,8,4,0.771428571,386,1.0,0,0.897058824,0.3125,0,0,46.625,15,2.875
8,5,0,17,66,28,1,16,6,2.0,543,0.0,0,0.888888889,0.475,3,8,66.875,1,0.875
1,1,0,5,1,0,4,1,1,2.0,1,0.0,0,0.0,1.0,0,0,0.0,1,1.0
14,3,0,13,32,37,3,12,14,0.692307692,154,1.0,1,0.910714286,0.223214286,0,0,9.785714286,1,0.7143
1,1,0,10,1,0,10,0,1,2.0,1,0.0,0,0.0,1.0,0,0,0.0,1,1.0
7,1,0,1,10,21,1,0,7,2.0,155,0.0,0,0.0,0.321428571,0,0,21.14285714,4,2.5714
0,1,0,0,0,0,0,0,0,2.0,0,0.0,0,0.0,0.0,0,0,0.0,0,0.0
2,1,0,22,2,1,22,1,2,2.0,2,0.0,0,0.0,1.0,0,0,0.0,1,1.0
4,1,0,36,4,6,36,0,4,2.0,4,0.0,0,0.0,0.75,0,0,0.0,1,1.0
2,5,0,5,6,1,0,5,2,2.0,14,0.0,0,0.982142857,0.75,2,7,6.0,1,0.5
8,2,0,12,15,22,3,11,8,0.285714286,60,1.0,0,0.827586207,0.303571429,0,0,6.375,1,0.625
8,4,0,7,34,6,0,7,8,0.761904762,626,1.0,0,0.917647059,0.4375,2,2,76.5,3,1.625
9,1,0,7,10,2,7,0,8,0.666666667,83,0.666666667,1,0.0,0.5,1,1,7.888888889,5,1.1111
26,1,1,17,84,315,12,5,23,0.884444444,1119,0.888888889,6,0.0,0.22,0,0,41.69230769,40,4.9615
5,2,0,17,6,6,15,2,5,0.75,25,1.0,0,0.818181818,0.4,0,0,3.6,1,0.8
20,2,2,10,40,112,4,6,13,0.684210526,296,1.0,1,0.514285714,0.19375,1,3,13.65,5,1.85
7,1,2,5,9,21,5,1,6,2.0,18,0.0,0,0.0,0.476190476,0,0,1.571428571,1,0.8571
2,4,0,3,3,1,1,2,2,2.0,13,0.0,0,0.987804878,0.6,0,0,5.5,1,0.5
9,3,0,9,20,26,1,9,6,0.84375,81,0.75,1,0.793103448,0.325,1,1,7.555555556,2,0.7778
20,2,0,41,44,190,18,30,19,2.0,353,0.0,0,0.634615385,0.230769231,2,4,16.65,8,1.45
2,1,0,0,5,1,0,0,0,1.0,44,0.0,0,0.0,1.0,0,0,17.0,0,0.0
3,1,0,3,9,0,1,2,3,0.0,31,1.0,0,0.0,0.5,0,0,9.0,1,0.6667
6,1,0,1,6,15,1,0,6,2.0,6,0.0,0,0.0,0.75,0,0,0.0,1,1.0
12,2,0,5,22,46,2,3,10,0.818181818,128,0.5,0,0.55,0.4,1,6,9.5,2,1.0
26,1,0,2,38,243,2,0,25,0.828571429,248,1.0,0,0.0,0.243589744,0,0,8.269230769,6,1.2308
8,2,0,17,29,0,17,0,8,0.285714286,119,0.0,0,0.666666667,0.34375,0,0,13.75,2,1.0
4,1,0,9,14,6,9,0,3,2.0,66,0.0,0,0.0,0.416666667,0,0,15.5,5,1.75
10,2,0,6,19,39,2,4,8,0.833333333,91,0.5,0,0.578947368,0.32,1,4,7.9,2,0.9
4,1,0,9,4,6,9,0,4,1.333333333,5,0.0,0,0.0,0.5,0,0,0.0,1,1.0
5,6,0,6,24,2,0,0,5,0.625,88,1.0,0,0.963636364,0.7,2,2,16.2,1,0.8
1,1,0,36,1,0,36,1,1,2.0,1,0.0,0,0.0,1.0,0,0,0.0,1,1.0
2,4,0,5,7,1,0,5,2,2.0,43,0.0,0,0.979591837,0.75,1,6,20.5,1,0.5
10,1,0,0,15,37,0,0,10,0.777777778,64,1.0,0,0.0,0.375,0,0,5.0,1,0.8
2,4,1,9,14,1,2,7,1,2.0,50,0.0,0,0.995260664,0.625,2,2,24.0,1,0.5
3,1,0,5,5,0,2,3,3,0.0,426,0.0,0,0.0,0.533333333,0,0,140.0,1,0.6667
6,1,0,0,6,15,0,0,6,2.0,6,0.0,0,0.0,0.416666667,0,0,0.0,1,1.0
16,1,0,0,16,120,0,0,16,2.0,16,0.0,0,0.0,0.375,0,0,0.0,1,1.0
32,1,0,29,76,172,13,17,29,0.824884793,561,0.714285714,1,0.0,0.225806452,0,0,16.3125,8,1.875
8,6,0,6,31,20,4,4,1,0.761904762,123,0.666666667,1,0.991017964,0.5,4,12,14.0,2,0.875
3,2,0,1,5,3,0,1,3,2.0,12,0.0,0,0.956521739,0.666666667,1,2,3.0,1,0.3333
7,5,0,4,17,0,1,3,5,0.777777778,107,1.0,0,0.848484848,0.476190476,2,5,13.85714286,5,1.2857
2,1,0,2,2,1,1,1,2,2.0,2,0.0,0,0.0,0.666666667,0,0,0.0,1,1.0
9,2,0,10,36,14,1,10,8,0.5625,159,1.0,1,0.454545455,0.377777778,0,0,16.44444444,4,1.3333
5,3,0,25,32,0,2,23,4,0.25,269,1.0,1,0.933333333,0.333333333,1,4,52.6,5,1.8
11,2,0,2,25,0,1,1,11,0.35,98,0.0,1,0.62962963,0.242424242,1,5,7.727272727,1,0.9091
51,1,1,44,135,1139,34,18,35,0.949090909,1644,0.818181818,4,0.0,0.111764706,0,0,30.80392157,6,1.5882
22,1,0,0,43,127,0,0,20,0.698412698,161,0.0,3,0.0,0.15034965,0,0,6.181818182,2,0.9545
0,1,0,0,0,0,0,0,0,2.0,0,0.0,0,0.0,0.0,0,0,0.0,0,0.0
4,1,0,2,12,6,0,2,3,2.0,37,0.0,0,0.0,0.5625,0,0,8.25,2,1.0
23,3,1,18,69,163,4,14,14,0.846153846,514,1.0,2,0.637931034,0.198863636,0,0,20.7826087,3,1.0435
3,4,0,1,4,1,0,1,2,0.5,314,0.0,0,0.976190476,1.0,0,0,103.3333333,1,0.3333
3,3,0,2,11,3,1,1,3,2.0,25,0.0,0,0.8,0.666666667,2,2,7.333333333,1,0.6667
3,6,0,4,21,1,1,3,1,0.5,159,1.0,1,0.997019374,1.0,1,3,50.0,1,0.6667
6,1,0,11,13,15,0,11,6,2.0,35,0.0,0,0.0,0.361111111,0,0,4.833333333,1,0.8333
18,1,0,44,38,151,43,1,17,0.941176471,258,0.0,0,0.0,0.235294118,0,0,13.27777778,5,1.5556
3,1,0,38,3,3,38,0,3,2.0,3,0.0,0,0.0,1.0,0,0,0.0,1,1.0
1,1,0,0,1,0,0,0,1,2.0,1,0.0,0,0.0,1.0,0,0,0.0,1,1.0
3,6,0,4,24,1,1,3,3,0.5,230,1.0,1,0.996987952,1.0,2,4,73.0,3,1.6667
5,1,0,6,19,10,2,4,5,2.0,247,0.0,0,0.0,0.3,0,0,48.4,12,4.2
3,3,0,12,17,3,0,12,1,2.0,67,0.0,0,0.944444444,0.666666667,1,3,21.33333333,1,0.6667
3,3,0,3,7,3,0,3,3,2.0,33,0.0,0,1.0,0.75,0,0,10.0,0,0.0
7,1,0,7,18,0,3,6,5,0.5,155,0.0,1,0.0,0.458333333,0,0,20.85714286,4,1.4286
11,1,2,10,28,49,4,8,9,0.6,118,1.0,0,0.0,0.25974026,0,0,9.636363636,2,1.0
6,2,0,5,17,0,1,4,4,0.0,80,1.0,0,0.583333333,0.444444444,1,1,12.16666667,3,1.1667
18,6,1,57,94,31,9,49,11,0.810457516,1125,1.0,1,0.853448276,0.261904762,3,8,61.0,6,2.6111
8,5,0,5,33,0,4,1,8,0.571428571,419,1.0,0,0.989393939,0.625,0,0,51.0,12,3.375
1,1,0,2,3,0,1,1,1,2.0,7,0.0,0,1.0,1.0,0,0,6.0,0,0.0
5,6,0,7,34,2,3,6,1,0.8,203,1.0,2,0.99389313,0.35,0,0,38.6,1,0.8
6,1,0,13,42,0,2,11,2,0.628571429,599,0.571428571,5,0.0,0.3,0,0,97.66666667,1,0.6667
1,4,0,0,2,0,0,0,1,2.0,24,0.0,0,1.0,1.0,0,0,7.0,0,0.0
5,2,5,15,7,10,10,6,4,2.0,14,0.0,0,0.75,0.466666667,1,1,1.8,1,0.8
13,1,0,27,23,68,25,2,12,0.929166667,400,0.4,0,0.0,0.708333333,0,0,28.23076923,50,4.5385
9,2,0,4,13,36,2,2,9,1.125,62,0.0,0,0.3,0.333333333,0,0,5.666666667,1,0.7778
4,1,4,5,6,6,4,1,1,2.0,15,0.0,0,0.0,0.666666667,0,0,2.75,1,0.75
7,4,0,3,64,5,1,2,5,0.794871795,427,1.0,0,0.990797546,0.464285714,1,2,58.14285714,3,1.2857
5,1,0,3,18,8,2,1,5,1.0,107,0.5,0,0.0,0.45,0,0,20.0,12,3.0
2,1,0,2,2,1,2,0,2,2.0,2,0.0,0,0.0,0.625,0,0,0.0,1,1.0
2,5,0,3,7,0,1,2,2,0.0,25,1.0,1,0.944444444,0.666666667,0,0,11.0,1,0.5
18,1,0,16,45,85,3,15,13,0.838235294,258,1.0,3,0.0,0.165775401,0,0,12.88888889,5,1.4444
12,6,0,9,72,32,3,8,1,0.843434343,657,1.0,9,0.983823529,0.5,2,5,52.25,7,1.6667
11,1,0,2,37,49,1,1,4,0.933333333,680,0.25,0,0.0,0.233766234,0,0,59.72727273,60,9.7273
5,1,0,0,5,10,0,0,5,2.0,5,0.0,0,0.0,0.7,0,0,0.0,1,1.0
5,4,0,8,45,6,0,8,4,0.75,261,1.0,0,0.951219512,0.6,4,5,50.8,7,2.0
2,3,0,6,7,0,1,6,2,0.0,24,0.0,1,0.9375,0.6,0,0,10.5,1,0.5
12,2,0,5,24,46,1,4,10,0.818181818,141,0.5,0,0.55,0.5,1,6,10.58333333,2,0.8333
22,1,0,21,89,97,12,15,10,0.857142857,623,0.846153846,3,0.0,0.25,0,0,26.72727273,6,1.7727
4,2,0,5,11,4,1,4,2,0.833333333,108,1.0,1,0.5,0.4,1,1,25.5,3,1.25
4,1,0,7,7,4,1,6,2,0.666666667,30,1.0,1,0.0,0.5,0,0,6.25,2,0.75
5,1,0,5,15,4,1,5,5,0.25,77,1.0,0,0.0,0.4,0,0,14.2,2,0.8
2,1,0,3,2,1,3,0,2,2.0,2,0.0,0,0.0,1.0,0,0,0.0,1,1.0
4,2,0,4,16,0,0,4,4,0.333333333,59,1.0,0,0.842105263,0.875,1,1,13.5,5,1.75
31,2,0,20,45,431,5,18,30,0.947619048,251,0.928571429,3,0.369565217,0.162962963,1,2,6.64516129,2,0.9677
2,1,0,0,2,1,0,0,2,2.0,2,0.0,0,0.0,1.0,0,0,0.0,1,1.0
12,2,0,5,22,54,2,3,10,0.954545455,119,0.25,0,0.55,0.5,1,6,8.583333333,2,0.8333
18,2,0,13,61,57,3,13,13,0.607843137,316,1.0,2,0.346153846,0.172222222,1,1,16.38888889,3,1.1667
52,4,8,37,84,1016,20,20,45,0.864253394,666,0.769230769,4,0.616,0.145104895,2,9,11.55769231,12,1.4231
3,2,0,6,4,3,5,1,3,1.5,38,0.0,0,0.6,0.555555556,1,1,11.33333333,2,1.0
4,3,0,1,15,6,0,1,3,1.333333333,4270,0.0,0,0.926829268,0.333333333,0,0,1005.75,2,1.0
5,2,0,14,30,0,4,12,5,0.4,244,1.0,1,0.903225806,0.433333333,1,1,46.8,4,1.2
7,1,0,0,7,21,0,0,7,2.0,7,0.0,0,0.0,0.25,0,0,0.0,1,1.0
7,3,0,89,13,0,88,2,7,0.444444444,99,0.0,2,0.85,0.371428571,1,2,12.71428571,3,0.7143
4,2,0,1,6,0,0,1,4,0.333333333,22,1.0,0,0.666666667,0.583333333,0,0,4.25,1,0.5
15,4,0,3,38,105,1,2,15,2.0,195,0.0,0,0.87037037,0.32,1,1,12.0,6,1.7333
3,2,0,3,5,3,1,2,0,2.0,22,0.0,0,0.5,0.555555556,0,0,6.333333333,2,1.3333
2,1,0,2,2,1,1,1,2,2.0,2,0.0,0,0.0,0.75,0,0,0.0,1,1.0
18,2,0,13,37,125,3,13,17,0.870588235,162,1.0,0,0.58974359,0.179012346,1,1,7.722222222,3,1.0556
17,1,0,2,24,0,2,0,16,0.6875,622,0.833333333,0,0.0,0.291666667,0,0,34.88235294,10,2.2353
20,2,5,20,25,0,5,18,18,0.0,122,1.0,0,0.321428571,0.102777778,0,0,5.05,1,0.95
3,1,0,20,4,0,20,0,3,0.0,19,1.0,0,0.0,0.555555556,0,0,5.0,1,0.6667
1,1,0,2,1,0,2,0,1,2.0,1,0.0,0,0.0,1.0,0,0,0.0,1,1.0
9,3,0,5,26,16,0,5,7,0.75,185,1.0,0,0.8,0.388888889,0,0,19.0,2,1.0
1,4,0,0,2,0,0,0,1,2.0,5,0.0,0,1.0,1.0,0,0,4.0,0,0.0
3,4,0,13,12,3,1,12,3,2.0,56,0.0,0,0.979591837,0.5,2,4,17.66666667,3,1.3333
18,2,0,6,40,103,2,4,16,0.848739496,327,0.0,1,0.423076923,0.472222222,1,6,16.77777778,2,1.1667
18,2,0,25,85,133,2,0,6,0.781512605,568,1.0,1,0.272727273,0.31372549,1,3,30.16666667,11,2.0556
3,1,3,8,4,3,6,2,3,1.5,11,0.0,1,0.0,0.666666667,0,0,1.333333333,1,0.6667
9,1,2,10,12,30,10,2,7,0.75,31,1.0,1,0.0,0.266666667,0,0,2.333333333,1,0.8889
1,1,0,3,1,0,2,1,1,2.0,1,0.0,0,0.0,1.0,0,0,0.0,1,1.0
2,5,0,4,8,0,1,4,2,0.0,22,1.0,1,0.95,0.666666667,0,0,9.5,1,0.5
10,4,0,16,36,3,4,12,10,0.583333333,246,1.0,2,0.795454545,0.266666667,1,3,23.2,7,2.3
8,2,0,5,15,16,2,3,8,0.428571429,96,1.0,1,0.166666667,0.375,0,0,10.75,3,1.125
3,1,0,11,3,3,8,3,3,2.0,3,0.0,0,0.0,1.0,0,0,0.0,1,1.0
17,2,0,5,29,94,1,4,15,0.8125,240,0.8,0,0.44,0.470588235,1,6,12.82352941,2,0.8824
8,2,0,3,15,4,3,0,5,0.428571429,90,1.0,0,0.416666667,0.425,1,1,9.875,1,0.875
2,5,0,3,6,0,2,1,2,1.0,22,1.0,0,0.944444444,0.666666667,0,0,9.0,1,0.5
1,1,0,8,1,0,7,1,1,2.0,1,0.0,0,0.0,1.0,0,0,0.0,1,1.0
2,4,0,7,5,0,4,3,1,0.0,30,1.0,0,0.952380952,0.666666667,1,1,13.5,2,1.0
2,1,0,2,2,1,1,1,2,2.0,2,0.0,0,0.0,0.75,0,0,0.0,1,1.0
4,2,0,3,17,0,1,2,2,0.555555556,109,0.333333333,0,0.571428571,0.45,0,0,25.5,6,2.0
1,1,0,2,2,0,2,0,1,2.0,20,0.0,0,0.0,1.0,0,0,15.0,0,0.0
42,2,7,147,68,819,134,15,40,0.96097561,466,0.1,0,0.428571429,0.112244898,2,8,9.857142857,4,1.1667
1,1,0,9,1,0,8,1,1,2.0,1,0.0,0,0.0,1.0,0,0,0.0,1,1.0
3,5,0,2,4,3,1,1,1,1.5,11,0.0,0,0.990950226,1.0,1,1,2.333333333,1,0.6667
10,1,0,5,10,45,3,2,10,2.0,10,0.0,0,0.0,0.266666667,0,0,0.0,1,1.0
10,1,1,5,11,27,3,2,10,0.888888889,79,0.0,2,0.0,0.4,0,0,6.0,1,0.9
11,3,0,11,19,35,7,6,11,0.8,85,1.0,3,0.951456311,0.272727273,2,6,6.454545455,1,0.9091
10,2,0,6,19,33,2,4,8,0.833333333,102,0.0,0,0.578947368,0.266666667,1,4,9.0,2,1.1
18,3,2,10,43,61,2,8,16,0.857142857,184,1.0,1,0.685185185,0.388888889,0,0,8.833333333,1,0.9444
0,1,0,5,0,0,5,0,0,2.0,14,0.0,0,0.0,0.0,0,0,0.0,0,0.0
11,2,0,5,21,49,2,3,9,0.85,106,0.5,0,0.578947368,0.522727273,1,6,8.454545455,2,0.8182
42,1,0,3,66,375,2,1,29,0.780487805,2006,1.0,0,0.0,0.226480836,0,0,46.47619048,33,3.1429
8,2,0,6,20,4,2,5,7,0.8,143,0.6,0,0.583333333,0.291666667,1,2,16.25,1,0.625
1,1,0,6,1,0,5,1,1,2.0,1,0.0,0,0.0,1.0,0,0,0.0,1,1.0
8,1,0,0,8,28,0,0,8,2.0,8,0.0,0,0.0,0.75,0,0,0.0,1,1.0
13,1,1,7,24,66,2,5,11,0.770833333,113,1.0,2,0.0,0.3,0,0,7.384615385,3,1.1538
16,1,0,1,34,4,1,0,2,0.516666667,259,1.0,0,0.0,0.3875,0,0,14.9375,5,1.5625
2,3,0,0,3,1,0,0,2,2.0,374,0.0,0,0.974358974,1.0,0,0,186.0,1,0.5
5,4,0,15,29,10,3,12,5,2.0,169,0.0,0,0.981900452,0.4,4,7,32.8,1,0.8
5,1,0,22,45,8,2,20,3,0.25,165,1.0,0,0.0,0.3,0,0,31.8,15,3.4
5,1,0,1,16,4,0,1,5,0.0,62,1.0,0,0.0,0.6,0,0,11.2,2,1.0
2,1,0,4,5,0,1,3,2,0.0,17,1.0,0,0.0,0.666666667,0,0,7.0,1,0.5
43,2,0,12,139,575,1,11,41,0.863945578,1086,0.785714286,2,0.236363636,0.153100775,0,0,23.93023256,2,1.0465
7,1,0,3,8,9,2,1,0,0.833333333,52,1.0,1,0.0,0.285714286,0,0,5.571428571,1,0.8571
1,1,0,13,1,0,11,2,1,2.0,3,0.0,0,0.0,1.0,0,0,0.0,1,1.0
64,6,0,154,268,1652,134,46,46,0.959299959,2220,0.487179487,10,0.911016949,0.07734375,2,9,33.078125,36,3.1406
3,1,0,6,20,3,1,6,1,2.0,103,0.0,0,0.0,0.555555556,0,0,33.33333333,14,5.3333
8,1,0,7,32,28,0,7,4,2.0,237,0.0,0,0.0,0.625,0,0,28.625,11,3.0
10,1,2,15,17,23,14,1,7,0.777777778,80,0.0,0,0.0,0.4,0,0,6.6,1,0.7
6,1,0,5,6,15,5,1,6,2.0,6,0.0,0,0.0,0.583333333,0,0,0.0,1,1.0
7,1,1,10,37,13,1,9,5,0.75,227,1.0,0,0.0,0.375,0,0,31.14285714,20,3.4286
17,1,0,31,91,100,5,26,7,0.7265625,741,1.0,3,0.0,0.275,0,0,42.11764706,10,2.8235
6,3,0,31,54,3,2,30,5,0.6,314,1.0,2,0.918032787,0.361111111,1,5,51.0,9,2.6667
11,2,0,12,108,11,2,12,3,0.914285714,1839,0.333333333,3,0.375,0.236363636,0,0,164.2727273,20,5.0909
29,1,0,18,57,314,3,17,27,0.920634921,201,1.0,2,0.0,0.144827586,0,0,5.620689655,2,0.9655
2,1,0,2,9,1,2,0,2,2.0,59,0.0,0,0.0,0.5,0,0,28.5,6,3.0
10,2,0,6,24,33,2,4,8,0.777777778,166,0.0,0,0.578947368,0.266666667,1,4,15.4,2,1.2
5,1,0,3,21,0,2,1,4,0.5,149,1.0,1,0.0,0.7,0,0,28.4,2,1.2
3,1,0,1,3,3,0,1,3,2.0,3,0.0,0,0.0,1.0,0,0,0.0,1,1.0
5,1,0,7,10,10,7,0,5,2.0,85,0.0,0,0.0,0.2,0,0,16.0,5,3.0
7,1,0,52,7,21,49,3,7,1.166666667,26,0.0,0,0.0,0.392857143,0,0,0.0,1,1.0
5,1,0,1,35,4,1,0,4,0.583333333,354,1.0,0,0.0,0.5,0,0,69.2,8,3.2
5,3,0,14,43,4,0,14,4,0.5,233,1.0,1,0.9375,0.36,2,5,45.4,10,2.6
8,4,0,4,15,6,1,3,8,0.5,89,1.0,1,0.967567568,0.34375,1,1,9.875,3,1.25
5,2,0,11,23,10,1,10,4,1.0,130,0.0,0,0.764705882,0.5,0,0,24.8,1,0.8
3,1,0,2,3,3,2,0,3,2.0,3,0.0,0,0.0,0.5,0,0,0.0,1,1.0
36,1,0,52,81,630,24,34,33,2.0,342,0.0,0,0.0,0.138888889,0,0,8.5,12,1.2778
5,3,0,7,26,6,2,5,5,1.05,193,1.0,0,0.882352941,0.533333333,0,0,36.6,5,1.6
1,1,0,3,1,0,1,2,1,2.0,1,0.0,0,0.0,1.0,0,0,0.0,1,1.0
5,2,0,5,12,0,2,3,0,0.375,127,1.0,0,0.636363636,0.3,1,2,24.0,4,1.6
7,4,0,9,50,21,0,9,1,2.0,686,0.0,0,0.930232558,0.714285714,4,4,97.0,21,5.4286
3,4,0,4,10,0,0,4,3,0.0,55,0.0,0,0.962264151,0.666666667,1,1,17.0,1,0.6667
17,2,2,9,51,28,5,4,12,0.546875,344,1.0,2,0.792207792,0.294117647,2,4,18.76470588,5,2.1176
11,2,0,5,21,43,2,3,9,0.85,117,0.0,0,0.578947368,0.418181818,1,6,9.454545455,2,1.0
3,1,3,6,10,0,3,3,2,0.0,34,1.0,0,0.0,0.555555556,0,0,10.0,2,1.0
23,3,0,57,107,69,4,55,22,0.804545455,948,0.9,4,0.76344086,0.204968944,2,8,39.7826087,10,2.8261
16,2,0,5,28,72,1,4,14,0.933333333,254,0.333333333,0,0.458333333,0.46875,1,6,14.3125,2,0.875
4,1,0,2,19,4,1,1,2,0.666666667,139,0.0,0,0.0,0.555555556,0,0,33.5,3,1.25
4,2,0,4,17,6,2,3,4,2.0,86,0.0,0,0.928571429,0.6,1,1,20.5,2,1.0
5,1,0,0,5,10,0,0,5,2.0,5,0.0,0,0.0,0.7,0,0,0.0,1,1.0
2,5,2,6,4,1,4,2,2,2.0,13,0.0,0,1.0,0.875,0,0,5.5,0,0.0
28,2,0,12,57,0,0,12,23,0.0,200,1.0,1,0.73,0.185714286,1,9,6.107142857,1,0.9643
6,1,0,1,6,15,1,0,6,2.0,6,0.0,0,0.0,0.75,0,0,0.0,1,1.0
20,1,0,8,29,108,5,3,20,0.809210526,188,1.0,1,0.0,0.235714286,0,0,8.0,1,0.9
4,2,0,2,5,6,0,2,4,2.0,12,0.0,0,0.571428571,0.5,0,0,2.0,1,0.75
6,1,0,6,6,15,6,1,6,2.0,6,0.0,0,0.0,0.583333333,0,0,0.0,1,1.0
1,1,0,4,1,0,2,2,1,2.0,1,0.0,0,0.0,1.0,0,0,0.0,1,1.0
5,3,0,9,17,8,1,8,5,0.875,93,0.5,0,0.904761905,0.4,1,6,17.2,8,2.4
0,1,0,2,0,0,1,1,0,2.0,0,0.0,0,0.0,0.0,0,0,0.0,0,0.0
20,2,0,11,91,190,4,9,19,1.0,690,0.0,0,0.672413793,0.4,2,3,33.4,8,3.0
6,1,0,9,18,15,8,1,5,2.0,102,0.0,0,0.0,0.333333333,0,0,16.0,5,2.8333
6,2,0,17,40,15,3,14,1,1.114285714,286,0.0,0,0.782608696,0.611111111,0,0,45.5,1,0.8333
5,2,0,1,18,10,1,0,5,2.0,107,0.0,0,0.888888889,0.6,1,2,20.4,4,1.8
13,3,0,34,77,46,3,33,2,0.777777778,672,1.0,0,0.772727273,0.305555556,2,2,50.46153846,5,2.1538
3,3,2,4,4,3,3,1,2,2.0,6,0.0,0,0.97260274,0.666666667,0,0,1.0,1,0.6667
16,3,2,19,25,106,9,11,12,0.633333333,118,1.0,2,0.682926829,0.215277778,1,1,6.25,2,0.875
5,2,0,10,34,10,1,9,2,1.25,171,0.333333333,0,0.851851852,0.466666667,0,0,32.6,7,2.0
19,5,0,33,76,119,26,16,11,0.904761905,618,0.857142857,3,0.973174367,0.203007519,3,18,30.78947368,6,1.4211
5,1,40,40,46,10,40,38,5,1.25,288,1.0,0,0.0,0.8,0,0,56.4,1,0.8
1,1,0,19,1,0,19,0,1,2.0,1,0.0,0,0.0,1.0,0,0,0.0,1,1.0
2,1,0,7,2,1,7,1,2,2.0,2,0.0,0,0.0,1.0,0,0,0.0,1,1.0
2,1,0,6,2,1,6,0,2,2.0,17,0.0,0,0.0,1.0,0,0,0.0,1,1.0
1,1,0,1,2,0,1,0,0,2.0,6,0.0,0,0.0,1.0,0,0,3.0,0,0.0
9,2,0,22,46,0,9,16,4,0.836538462,770,0.0,6,0.222222222,0.232142857,1,1,83.11111111,12,3.6667
7,2,0,8,18,1,2,6,5,0.80952381,314,1.0,5,0.333333333,0.571428571,1,2,42.85714286,4,1.4286
11,3,35,39,20,55,36,4,7,2.0,93,0.0,0,0.87804878,0.436363636,2,3,7.454545455,3,1.2727
3,2,0,1,17,0,0,1,1,0.96875,251,1.0,0,0.888888889,0.5,1,3,77.33333333,11,5.3333
8,4,0,12,65,2,0,12,6,0.916666667,583,0.166666667,0,0.917647059,0.333333333,3,3,70.375,3,1.25
5,3,0,2,9,10,1,1,5,1.25,28,0.0,0,0.96,0.55,1,3,4.4,1,0.2
2,2,0,8,14,1,1,8,1,2.0,140,0.0,0,0.75,0.571428571,2,2,69.0,1,0.5
2,1,0,0,3,1,0,0,1,2.0,7,0.0,0,0.0,1.0,0,0,2.5,1,0.5
4,3,0,4,17,0,1,4,1,0.666666667,118,0.5,0,0.94,0.5,1,13,28.0,7,2.25
3,1,0,11,35,1,0,11,2,0.625,200,1.0,0,0.0,0.666666667,0,0,64.33333333,11,3.6667
18,1,0,35,79,135,19,18,9,0.966911765,762,0.1875,1,0.0,0.277777778,0,0,40.44444444,10,2.6667
5,4,0,10,15,10,3,7,5,2.0,62,0.0,0,0.981900452,0.6,3,7,11.4,3,1.2
9,2,1,7,18,0,1,6,7,0.25,66,1.0,1,0.65,0.388888889,1,1,6.222222222,1,0.7778
18,5,0,19,48,13,5,15,16,0.735294118,244,1.0,2,0.858333333,0.185185185,4,14,12.33333333,3,1.3889
1,1,0,9,1,0,8,1,1,2.0,1,0.0,0,0.0,1.0,0,0,0.0,1,1.0
16,2,0,9,20,114,4,7,12,0.8,94,1.0,1,0.72,0.260416667,1,3,4.8125,1,0.875
12,1,0,32,12,66,29,4,12,2.0,12,0.0,0,0.0,0.236111111,0,0,0.0,1,1.0
3,1,0,7,3,3,2,5,3,2.0,3,0.0,0,0.0,0.476190476,0,0,0.0,1,1.0
9,1,0,8,45,36,1,8,5,2.0,3581,0.0,0,0.0,0.296296296,0,0,396.8888889,3,1.3333
1,1,0,2,1,0,2,0,1,2.0,47,0.0,0,0.0,1.0,0,0,0.0,1,1.0
7,1,0,19,47,15,4,15,5,0.333333333,227,1.0,0,0.0,0.4,0,0,31.28571429,5,1.7143
15,2,0,18,58,43,2,16,10,0.873015873,459,0.666666667,0,0.315789474,0.224489796,0,0,29.0,23,2.6667
2,1,0,0,2,1,0,0,2,2.0,2,0.0,0,0.0,0.75,0,0,0.0,1,1.0
3,6,0,3,13,3,1,2,3,2.0,45,0.0,0,0.997382199,0.5,2,2,14.0,1,0.6667
7,1,0,5,12,13,5,0,6,0.5,64,1.0,0,0.0,0.166666667,0,0,7.857142857,4,1.5714
26,1,0,53,81,217,45,16,19,0.896666667,413,0.833333333,3,0.0,0.108571429,0,0,14.42307692,8,1.6538
3,1,0,2,7,3,2,0,2,2.0,22,0.0,0,0.0,0.444444444,0,0,6.333333333,1,0.6667
16,3,0,3,38,84,1,2,16,0.674074074,541,1.0,2,0.580645161,0.25,2,8,32.25,1,0.8125
28,1,0,10,105,268,1,10,4,1.002178649,962,1.0,2,0.0,0.173076923,0,0,32.75,5,1.7857
1,1,0,5,1,0,5,0,1,2.0,1,0.0,0,0.0,1.0,0,0,0.0,1,1.0
5,2,0,6,15,0,3,3,4,0.25,72,1.0,1,0.4,0.466666667,0,0,13.2,3,1.2
6,1,0,9,16,0,8,2,1,0.0,89,1.0,0,0.0,0.375,0,0,13.66666667,4,1.8333
9,3,0,3,20,34,1,2,9,0.625,177,1.0,1,0.761904762,0.333333333,1,3,18.55555556,4,1.1111
11,2,0,6,28,31,1,5,7,0.8,222,1.0,1,0.565217391,0.333333333,1,3,18.45454545,8,2.2727
3,2,0,4,8,3,1,3,3,2.0,23,0.0,0,0.984615385,0.5,1,1,6.666666667,1,0.3333
10,2,0,0,19,0,0,0,10,0.0,86,1.0,0,0.5,0.32,1,2,7.5,1,0.9
11,2,0,5,21,49,2,3,9,0.85,106,0.5,0,0.578947368,0.522727273,1,6,8.454545455,2,0.8182
6,3,0,6,18,3,1,5,6,0.8,63,0.5,0,0.975124378,0.444444444,2,4,9.166666667,1,0.8333
1,4,2,3,2,0,3,0,1,2.0,7,1.0,0,1.0,1.0,0,0,5.0,0,0.0
9,2,0,9,23,36,9,9,0,2.0,82,0.0,0,0.529411765,0.444444444,0,0,8.111111111,1,0.8889
13,2,0,3,24,64,1,2,11,0.833333333,144,0.75,0,0.523809524,0.5,1,6,9.769230769,1,0.7692
7,1,0,18,47,9,1,17,7,0.722222222,593,0.0,0,0.0,0.333333333,0,0,82.85714286,10,2.4286
1,1,0,7,1,0,6,1,1,2.0,1,0.0,0,0.0,1.0,0,0,0.0,1,1.0
2,3,0,9,11,1,1,8,2,2.0,39,0.0,0,0.97826087,0.666666667,1,1,18.5,1,0.5
9,2,0,4,17,36,1,3,7,1.125,72,0.0,0,0.647058824,0.555555556,1,6,6.888888889,2,0.7778
3,4,0,2,6,3,0,2,3,2.0,17,0.0,0,0.979166667,0.5,0,0,4.666666667,1,0.6667
82,2,0,172,159,2501,156,22,79,0.939221273,1159,0.807692308,13,0.191919192,0.069844789,0,0,12.81707317,5,1.3171
11,1,0,5,37,0,0,5,11,0.716666667,332,1.0,3,0.0,0.318181818,0,0,28.63636364,1,0.9091
5,2,2,6,14,2,2,4,4,0.75,60,1.0,2,0.75,0.333333333,0,0,10.2,1,0.8
3,1,0,6,7,0,3,3,3,0.25,76,1.0,0,0.0,0.555555556,0,0,23.66666667,4,1.6667
9,1,0,10,20,0,10,0,9,0.25,294,1.0,0,0.0,0.311111111,1,1,31.44444444,7,1.8889
16,1,0,16,41,58,3,15,14,0.888888889,131,1.0,1,0.0,0.21875,0,0,6.8125,2,1.0
5,4,0,2,10,10,0,2,5,2.0,28,0.0,0,0.959183673,0.45,0,0,4.6,1,0.8
6,3,0,14,28,0,0,14,6,0.0,101,1.0,1,0.934210526,0.305555556,2,8,15.66666667,1,0.8333
1,5,1,1,2,0,1,0,1,2.0,8,0.0,0,1.0,1.0,0,0,5.0,0,0.0
18,1,3,7,28,51,3,4,15,0.809954751,503,1.0,0,0.0,0.198412698,0,0,26.22222222,19,2.1667
7,3,3,16,22,0,10,9,7,0.416666667,146,1.0,2,0.934210526,0.357142857,2,4,19.57142857,3,1.1429
5,2,0,5,12,0,3,3,4,0.8,60,0.4,0,0.5,0.4375,1,1,10.0,1,0.6
4,2,0,14,29,6,0,14,3,1.0,156,1.0,0,0.75,0.555555556,0,0,37.75,10,2.75
1,1,0,3,1,0,3,1,1,2.0,1,0.0,0,0.0,1.0,0,0,0.0,1,1.0
4,4,0,5,6,4,1,4,4,0.666666667,26,1.0,0,0.964285714,0.45,0,0,5.25,1,0.75
4,3,1,3,7,6,2,2,4,1.333333333,20,0.0,0,0.947368421,0.4375,1,5,3.75,1,0.75
5,4,0,3,8,10,0,3,5,2.0,28,0.0,0,0.953488372,0.6,1,4,4.6,1,0.8
14,3,0,13,24,69,0,13,12,0.963369963,723,0.571428571,0,0.454545455,0.205128205,0,0,49.14285714,1,0.8571
4,1,0,13,23,6,1,12,1,2.0,195,0.0,0,0.0,0.333333333,0,0,47.75,1,0.75
6,1,0,0,6,15,0,0,6,2.0,6,0.0,0,0.0,0.75,0,0,0.0,1,1.0
3,4,0,6,11,3,2,4,2,2.0,53,0.0,0,0.985714286,0.428571429,1,7,16.66666667,1,0.3333
10,1,2,12,12,3,11,1,10,0.333333333,69,1.0,0,0.0,0.34,0,0,5.8,2,1.0
9,5,0,10,31,36,2,8,6,2.0,173,0.0,0,0.963800905,0.314814815,4,10,18.22222222,16,3.0
3,4,0,8,11,0,0,8,3,0.0,51,1.0,1,0.979591837,0.444444444,3,13,15.66666667,2,1.0
7,4,0,3,10,21,0,3,7,2.0,39,0.0,0,0.931818182,0.571428571,1,6,4.571428571,1,0.8571
39,7,0,28,155,517,7,26,8,0.828007519,1788,0.892857143,5,0.947750363,0.210526316,4,8,44.12820513,14,2.1282
63,2,0,70,205,1711,28,54,48,0.958455523,2600,0.818181818,7,0.465517241,0.095238095,2,6,39.74603175,12,2.381
3,1,0,16,3,3,14,2,3,2.0,3,0.0,0,0.0,0.666666667,0,0,0.0,1,1.0
2,1,0,3,3,1,2,1,2,2.0,6,0.0,0,0.0,0.75,0,0,2.0,1,0.5
2,1,0,4,3,1,4,1,1,1.0,8,0.0,1,0.0,1.0,0,0,2.5,1,0.5
5,4,0,8,12,10,3,5,5,2.0,28,0.0,0,0.974522293,0.6,1,1,4.6,1,0.8
13,1,0,11,54,76,1,10,9,0.875,371,0.5,1,0.0,0.208333333,0,0,27.23076923,5,1.9231
2,1,0,1,5,1,0,1,2,2.0,15,0.0,0,0.0,0.5,0,0,6.5,1,0.5
22,1,0,6,39,89,1,5,12,0.703296703,1528,0.692307692,4,0.0,0.232142857,0,0,67.86363636,24,4.6818
22,1,0,6,52,95,3,6,7,0.748917749,563,1.0,5,0.0,0.194805195,0,0,24.09090909,5,1.5
2,4,0,7,5,0,4,3,1,0.0,30,1.0,0,0.956521739,0.666666667,1,1,13.5,2,1.0
9,2,0,12,20,0,4,10,8,0.125,212,1.0,1,0.789473684,0.197530864,1,7,22.44444444,7,2.4444
11,2,0,5,21,43,2,3,9,0.85,117,0.5,0,0.578947368,0.418181818,1,6,9.454545455,2,1.0
2,1,0,3,3,1,3,0,0,1.4,112,0.0,0,0.0,1.0,0,0,52.5,0,0.0
9,1,0,93,123,32,0,93,5,0.75,1079,0.5,0,0.0,0.253968254,0,0,118.6666667,89,11.1111
4,1,0,2,5,0,2,0,4,0.333333333,21,1.0,0,0.0,0.75,0,0,4.0,1,0.5
1,1,0,0,1,0,0,0,1,2.0,1,0.0,0,0.0,1.0,0,0,0.0,1,1.0
3,2,0,4,8,3,0,4,3,2.0,31,0.0,0,0.714285714,0.777777778,1,2,9.333333333,1,0.6667
5,1,1,28,11,4,26,2,5,0.25,54,1.0,0,0.0,0.533333333,0,0,9.6,1,0.6
4,3,0,6,16,0,1,6,1,0.666666667,84,0.5,0,0.94,0.5,2,7,19.5,2,1.0
3,3,0,4,7,3,1,4,2,2.0,23,0.0,0,0.958333333,0.5,1,2,6.666666667,1,0.3333
2,2,0,6,11,1,1,5,2,2.0,41,0.0,0,0.958333333,1.0,0,0,19.5,1,0.5
7,1,0,36,7,21,36,0,7,2.0,7,0.0,0,0.0,0.523809524,0,0,0.0,1,1.0
38,4,0,30,97,553,22,10,28,0.93799682,729,0.411764706,1,0.686956522,0.162162162,1,2,17.73684211,6,1.2895
7,4,0,3,10,21,0,3,7,2.0,39,0.0,0,0.931818182,0.571428571,1,6,4.571428571,1,0.8571
5,1,0,12,26,2,2,10,3,0.583333333,154,1.0,0,0.571428571,0.5,1,1,29.2,1,0.6
51,1,0,4,71,1025,1,3,47,0.86,481,1.0,0,0.0,0.236666667,0,0,8.274509804,3,1.2157
17,5,23,25,39,102,23,2,14,0.734375,507,1.0,0,0.976083707,0.470588235,0,0,28.58823529,3,1.2353
4,1,0,4,39,4,0,4,3,0.333333333,214,1.0,0,0.0,0.333333333,0,0,51.75,9,2.75
2,2,0,4,3,1,3,1,1,1.0,10,0.0,0,0.947368421,0.75,0,0,3.5,1,0.5
8,1,1,0,16,14,0,0,6,0.785714286,117,1.0,0,0.0,0.571428571,0,0,13.125,1,0.75
2,2,0,2,5,1,0,2,2,2.0,74,0.0,0,0.888888889,0.625,0,0,36.0,9,4.5
8,1,0,0,8,28,0,0,8,2.0,8,0.0,0,0.0,0.5,0,0,0.0,1,1.0
6,1,0,13,6,15,12,1,6,2.0,6,0.0,0,0.0,0.458333333,0,0,0.0,1,1.0
6,1,0,17,32,11,1,16,2,1.044444444,244,0.777777778,1,0.0,0.333333333,0,0,38.16666667,13,2.8333
4,5,0,3,9,2,2,1,4,0.333333333,47,1.0,0,0.894736842,0.666666667,0,0,10.25,1,0.5
3,4,0,1,4,1,0,1,2,1.428571429,1872,0.0,0,0.976190476,1.0,0,0,618.3333333,1,0.3333
11,3,0,22,33,15,2,20,10,0.825,168,0.5,2,0.951456311,0.191919192,2,9,13.90909091,3,1.0909
4,0,2,5,24,6,2,3,1,2.0,93,0.0,0,0.0,0.4,0,0,22.25,4,1.5
2,4,0,6,6,0,6,0,2,0.0,20,1.0,0,0.944444444,0.75,0,0,8.5,1,0.5
1,1,0,4,1,0,3,1,1,2.0,1,0.0,0,0.0,1.0,0,0,0.0,1,1.0
2,5,0,2,6,0,1,1,2,1.0,21,1.0,0,0.944444444,0.75,0,0,8.5,1,0.5
4,3,0,6,15,0,1,6,1,0.666666667,135,0.5,0,0.952380952,0.5,2,16,32.25,4,2.0
5,2,0,8,16,10,4,4,5,2.0,50,0.0,0,0.555555556,0.5,0,0,9.0,1,0.8
6,3,0,12,23,7,2,11,4,0.666666667,90,1.0,1,0.965517241,0.44,0,0,13.5,1,0.5
13,1,0,24,41,78,15,9,12,2.0,218,0.0,0,0.0,0.461538462,0,0,15.76923077,2,1.2308
1,1,0,1,1,0,1,0,1,2.0,1,0.0,0,0.0,1.0,0,0,0.0,1,1.0
15,2,0,8,34,87,3,5,12,0.871428571,230,0.8,0,0.47826087,0.516666667,1,5,14.0,2,1.0
30,1,0,9,66,297,0,9,4,0.659003831,583,1.0,0,0.0,0.353448276,0,0,18.13333333,5,1.9
5,3,0,24,36,2,2,23,4,1.0,537,1.0,1,0.9375,0.4,3,7,105.8,17,4.8
33,1,10,113,53,526,103,21,32,0.998046875,300,0.0,16,0.0,0.234375,0,0,7.606060606,2,1.0
2,2,7,14,15,1,7,7,1,2.0,46,0.0,0,0.75,0.5,0,0,22.0,3,1.5
14,3,0,6,29,35,1,6,13,0.153846154,132,1.0,0,0.744680851,0.339285714,2,7,8.357142857,2,1.1429
5,3,0,11,31,4,1,10,3,0.916666667,125,0.333333333,1,0.884615385,0.377777778,1,2,23.4,3,1.0
1,1,0,7,1,0,7,0,1,2.0,17,0.0,0,0.0,1.0,0,0,0.0,1,1.0
1,1,0,15,1,0,12,3,1,2.0,1,0.0,0,0.0,1.0,0,0,0.0,1,1.0
5,3,0,6,26,0,0,6,4,0.375,141,1.0,0,0.902439024,0.466666667,0,0,26.8,1,0.8
3,2,0,9,22,3,1,8,2,2.0,128,0.0,0,0.92,1.0,1,1,41.66666667,9,3.3333
2,1,0,4,4,1,0,4,2,2.0,10,0.0,0,0.0,0.666666667,0,0,4.0,1,0.5
4,1,0,5,21,6,1,4,3,2.0,153,0.0,0,0.0,0.4,0,0,37.25,1,0.75
2,1,0,10,2,1,10,1,2,2.0,2,0.0,0,0.0,0.666666667,0,0,0.0,1,1.0
37,3,1,9,68,212,1,8,34,0.625,711,1.0,2,0.682692308,0.171171171,2,9,18.10810811,12,2.2973
3,1,2,7,8,3,7,0,3,2.0,34,0.0,0,0.0,0.777777778,0,0,10.33333333,1,0.6667
4,2,0,7,24,0,1,6,2,0.333333333,126,1.0,1,0.571428571,0.541666667,0,0,30.25,2,1.0
8,7,0,6,58,20,2,6,3,0.8,293,1.0,0,0.989393939,0.375,3,6,35.0,5,1.375
4,1,0,3,13,4,1,3,3,0.666666667,62,1.0,0,0.0,0.333333333,0,0,14.25,4,2.25
7,2,0,6,25,0,1,5,5,0.520833333,201,1.0,2,0.571428571,0.30952381,1,3,26.57142857,1,0.8571
28,1,0,20,42,0,19,1,21,0.62962963,1676,0.0625,1,0.0,0.242798354,0,0,58.28571429,11,3.0
28,6,0,21,91,206,18,6,15,0.772486772,615,1.0,1,0.970588235,0.219387755,3,7,20.71428571,13,2.3571
23,2,0,5,39,91,0,5,21,0.795454545,375,0.875,3,0.35483871,0.356521739,1,6,14.95652174,2,0.913
22,1,0,163,22,231,163,1,22,2.0,22,0.0,0,0.0,0.25974026,0,0,0.0,1,1.0
21,1,0,14,50,90,13,5,9,0.8625,660,0.6875,5,0.0,0.169312169,0,0,29.66666667,14,3.1429
2,1,0,0,4,1,0,0,2,1.0,47,1.0,0,0.0,1.0,0,0,18.0,1,0.5
4,1,0,2,4,6,1,1,4,2.0,4,0.0,0,0.0,0.75,0,0,0.0,1,1.0
3,4,0,1,4,1,0,1,2,1.428571429,1872,0.0,0,0.976190476,1.0,0,0,618.3333333,1,0.3333
3,1,0,8,22,3,1,8,3,2.0,101,0.0,0,0.0,0.666666667,0,0,32.66666667,5,2.0
5,1,0,10,7,0,10,0,4,0.0,32,1.0,0,0.0,0.466666667,0,0,5.2,2,1.0
5,1,10,98,7,0,98,1,5,0.0,33,1.0,1,0.0,0.45,0,0,5.4,2,1.0
3,1,0,0,5,1,0,0,2,0.5,14,0.0,0,0.0,0.5,0,0,3.333333333,1,0.3333
4,3,0,1,15,6,0,1,3,1.333333333,1166,0.0,0,0.926829268,0.333333333,0,0,271.25,2,1.0
11,2,0,5,22,43,1,4,9,0.85,117,0.5,0,0.578947368,0.522727273,1,6,9.454545455,2,0.8182
24,1,0,31,85,218,12,20,18,0.776811594,708,0.933333333,6,0.0,0.138339921,0,0,27.875,7,1.75
6,2,0,12,21,5,2,10,3,0.6,70,1.0,2,0.583333333,0.416666667,1,1,10.33333333,1,0.8333
7,3,0,13,35,7,0,13,3,0.80952381,203,0.857142857,0,0.375,0.416666667,1,1,27.0,9,1.8571
3,4,0,1,4,1,0,1,2,1.423076923,3769,0.0,0,0.976190476,1.0,0,0,1251.0,1,0.3333
5,1,0,6,7,10,6,0,5,2.0,107,0.0,0,0.0,0.35,0,0,20.4,3,1.8
0,1,0,0,0,0,0,0,0,2.0,0,0.0,0,0.0,0.0,0,0,0.0,0,0.0
1,1,0,2,1,0,2,0,1,2.0,1,0.0,0,0.0,1.0,0,0,0.0,1,1.0
9,2,0,7,23,0,2,5,2,0.375,147,1.0,1,0.533333333,0.355555556,1,2,15.11111111,2,0.8889
2,2,0,8,8,1,1,7,1,2.0,50,0.0,0,0.947368421,0.625,1,1,24.0,1,0.5
6,3,0,5,17,3,0,5,6,0.4,60,1.0,0,0.975124378,0.444444444,2,4,8.833333333,1,0.8333
8,2,0,8,31,28,1,7,1,2.0,396,0.0,0,0.588235294,0.347222222,1,1,48.5,7,3.125
19,1,0,6,50,51,1,5,16,0.763888889,404,1.0,0,0.0,0.218045113,0,0,19.84210526,2,1.2105
4,4,8,12,5,0,8,4,3,0.333333333,18,1.0,1,0.921052632,0.4375,0,0,3.25,1,0.75
7,3,0,10,22,0,2,10,2,0.733333333,88,1.0,3,0.814814815,0.3,1,1,10.85714286,1,0.7143
10,2,0,5,32,21,1,5,6,0.777777778,164,1.0,1,0.653846154,0.271428571,1,1,14.7,3,1.3
37,1,0,29,72,0,15,14,35,0.027777778,192,1.0,1,0.0,0.114197531,0,0,4.162162162,1,0.9459
7,1,0,2,13,0,1,1,7,0.694444444,86,1.0,0,0.0,0.571428571,0,0,10.42857143,1,0.8571
5,1,0,9,5,10,7,2,5,2.0,5,0.0,0,0.0,0.6,0,0,0.0,1,1.0
16,4,2,19,56,48,2,17,10,0.745454545,757,1.0,4,0.836956522,0.19375,3,7,45.625,14,2.5
13,1,0,3,49,64,1,2,0,0.916666667,699,0.833333333,0,0.0,0.3125,0,0,52.30769231,16,2.4615
6,1,0,5,26,15,1,4,0,2.0,211,0.0,0,0.0,0.4,0,0,34.16666667,3,1.3333
1,1,0,3,1,0,3,0,1,2.0,1,0.0,0,0.0,1.0,0,0,0.0,1,1.0
7,2,0,8,30,17,1,7,6,0.740740741,608,1.0,2,0.444444444,0.333333333,0,0,84.57142857,1,0.7143
3,2,2,5,4,3,4,1,3,2.0,10,0.0,0,0.942857143,1.0,0,0,2.333333333,1,0.6667
12,2,0,6,23,46,2,4,10,0.818181818,122,0.5,0,0.55,0.4,1,6,9.0,2,0.8333
1,1,0,6,1,0,4,2,1,2.0,1,0.0,0,0.0,1.0,0,0,0.0,1,1.0
7,1,0,46,7,21,46,1,7,2.0,7,0.0,0,0.0,0.428571429,0,0,0.0,1,1.0
80,1,0,23,171,1344,4,22,52,0.843178622,2846,0.722222222,10,0.0,0.1005996,0,0,34.125,4,0.9875
3,4,0,2,6,3,0,2,3,2.0,17,0.0,0,0.979166667,0.666666667,0,0,4.666666667,1,0.6667
14,1,0,11,39,31,5,6,13,0.346153846,326,1.0,2,0.0,0.321428571,0,0,22.14285714,8,2.1429
6,1,0,6,9,15,4,3,6,2.0,34,0.0,0,0.0,0.611111111,0,0,4.666666667,2,1.0
3,3,0,4,8,0,1,4,1,0.75,40,0.5,0,0.960784314,0.555555556,2,7,11.66666667,1,0.6667
0,1,0,1,0,0,1,0,0,2.0,0,0.0,0,0.0,0.0,0,0,0.0,0,0.0
4,2,0,9,8,6,4,7,4,2.0,23,0.0,0,0.933333333,0.392857143,0,0,4.75,1,0.5
14,3,0,8,34,65,0,8,14,0.91025641,404,1.0,1,0.74,0.595238095,1,2,27.0,2,1.0
3,4,0,16,17,0,0,16,3,0.0,108,1.0,2,0.979591837,0.444444444,3,13,34.33333333,1,0.6667
9,2,0,9,26,0,2,8,8,0.3125,143,0.0,2,0.6,0.222222222,2,4,14.66666667,5,1.3333
14,1,0,3,21,31,3,0,12,0.717948718,344,1.0,0,0.0,0.512820513,0,0,23.14285714,3,0.8571
121,1,0,13,151,5992,7,6,120,0.794444444,1009,0.0,1,0.0,0.185185185,0,0,7.314049587,4,1.1818
1,1,0,8,2,0,7,1,1,2.0,20,0.0,1,0.0,1.0,0,0,15.0,0,0.0
28,1,0,12,60,0,3,9,28,0.0,278,1.0,1,0.0,0.25,0,0,8.892857143,2,0.9286
5,3,4,5,7,4,5,0,5,0.5,29,1.0,0,0.944444444,0.6,0,0,4.6,1,0.2
9,3,0,20,50,0,2,20,8,0.858333333,786,1.0,0,0.882352941,0.259259259,3,8,84.66666667,35,6.0
18,2,22,83,43,115,64,21,17,0.838235294,238,1.0,3,0.76056338,0.285714286,1,2,12.0,6,1.4444
10,1,0,20,61,45,6,16,9,2.0,192,0.0,0,0.0,0.166666667,0,0,18.2,3,1.7
5,3,0,1,15,0,1,0,2,0.0,170,0.0,0,0.975206612,0.4,0,0,32.8,3,1.0
5,2,0,5,12,10,1,4,5,2.0,32,0.0,0,0.555555556,0.5,0,0,5.4,1,0.8
10,2,0,6,19,39,2,4,8,0.833333333,91,0.5,0,0.578947368,0.32,1,4,7.9,2,0.9
15,7,0,7,55,77,3,7,4,0.888888889,359,0.888888889,1,0.979010495,0.283333333,0,0,22.33333333,3,1.0667
4,3,0,5,6,0,1,4,3,0.333333333,21,1.0,0,0.75,0.5,1,1,4.0,1,0.75
1,5,0,1,4,0,0,1,1,2.0,11,0.0,0,1.0,1.0,0,0,9.0,0,0.0
5,3,0,4,17,0,0,4,5,0.666666667,101,1.0,0,0.902439024,0.533333333,1,1,18.6,1,0.8
3,1,0,1,10,1,1,0,2,0.5,84,0.0,0,0.0,0.5,0,0,26.66666667,10,3.3333
29,5,0,2,73,300,1,2,21,0.879251701,782,0.857142857,1,0.94214876,0.344827586,3,5,25.24137931,10,1.5172
10,1,0,7,18,43,3,4,10,0.111111111,63,1.0,1,0.0,0.32,0,0,5.2,1,0.9
10,1,2,8,15,29,2,6,8,0.777777778,67,1.0,1,0.0,0.65,0,0,5.3,2,1.0
6,1,0,6,10,7,1,6,5,0.6,45,1.0,0,0.0,0.533333333,0,0,6.166666667,2,0.6667
1,1,0,7,1,0,4,3,1,2.0,1,0.0,0,0.0,1.0,0,0,0.0,1,1.0
6,2,0,3,9,9,2,1,6,0.4,40,1.0,0,0.791666667,0.666666667,1,8,5.5,2,1.0
5,2,0,4,21,8,1,4,3,0.833333333,106,0.0,0,0.714285714,0.3,0,0,19.6,4,1.4
27,3,1,18,87,217,1,17,20,0.870445344,919,1.0,2,0.587301587,0.212962963,2,2,32.33333333,13,1.7037
2,2,0,7,5,1,2,5,2,1.0,22,0.0,0,0.947368421,0.625,1,1,9.5,1,0.5
23,3,3,34,78,161,18,22,20,0.863636364,422,0.666666667,2,0.903225806,0.169565217,2,16,17.08695652,4,1.1304
9,1,0,0,9,36,0,0,9,1.125,19,0.0,0,0.0,0.555555556,0,0,0.0,1,1.0
3,4,0,1,4,1,0,1,2,1.423076923,3769,0.0,0,0.976190476,1.0,0,0,1251.0,1,0.3333
6,1,0,0,6,15,0,0,6,2.0,6,0.0,0,0.0,0.5,0,0,0.0,1,1.0
9,1,0,9,51,14,3,6,5,0.703125,414,0.75,2,0.0,0.303571429,0,0,44.11111111,4,1.0
8,1,0,1,47,10,0,1,3,0.357142857,473,1.0,0,0.0,0.354166667,0,0,57.875,20,6.125
10,5,20,23,27,29,21,2,8,0.805555556,285,1.0,0,0.986404834,0.5,0,0,27.1,2,1.1
5,4,0,3,8,10,0,3,5,2.0,28,0.0,0,0.953488372,0.6,1,4,4.6,1,0.8
32,3,17,33,84,470,17,0,8,0.922580645,670,0.6,0,0.552238806,0.25,0,0,19.78125,5,1.7188
5,1,0,4,10,10,0,4,5,2.0,28,0.0,0,0.0,0.36,0,0,4.6,1,0.8
5,1,0,0,5,10,0,0,5,2.0,5,0.0,0,0.0,0.7,0,0,0.0,1,1.0
4,2,0,9,10,6,3,6,4,2.0,28,0.0,0,0.923076923,0.4375,1,1,6.0,1,0.75
20,2,0,12,84,46,9,6,10,0.756578947,798,1.0,1,0.8,0.248120301,1,8,38.5,8,2.2
14,3,0,10,42,27,1,9,14,0.666666667,290,1.0,2,0.937799043,0.25,3,4,19.5,2,1.0714
4,1,0,14,29,0,4,10,3,0.619047619,207,0.857142857,4,0.0,0.6,0,0,49.0,9,2.5
30,1,0,20,104,87,5,16,22,0.748275862,1151,0.6,4,0.0,0.146153846,0,0,36.7,20,2.9
9,2,0,9,23,36,9,9,0,2.0,82,0.0,0,0.529411765,0.444444444,0,0,8.111111111,1,0.8889
8,2,4,8,11,8,4,4,8,0.428571429,54,1.0,0,0.416666667,0.3125,2,2,5.625,4,1.25
12,2,0,5,72,0,1,5,11,0.563636364,525,1.0,1,0.266666667,0.285714286,1,1,42.33333333,6,2.5833
9,1,0,14,38,12,3,12,8,0.857142857,310,0.142857143,1,0.0,0.259259259,0,0,32.66666667,1,0.8889
9,3,0,8,24,16,3,8,7,0.125,108,1.0,1,0.793103448,0.333333333,2,3,10.88888889,1,0.6667
8,3,0,12,26,14,1,11,8,0.8,195,1.0,2,0.695652174,0.270833333,3,4,22.75,2,1.0
5,3,0,4,18,8,0,4,5,0.375,176,1.0,2,0.818181818,0.366666667,2,3,33.0,7,2.6
2,1,0,0,2,1,0,0,2,2.0,2,0.0,0,0.0,0.75,0,0,0.0,1,1.0
10,1,0,57,18,17,57,0,10,0.777777778,106,1.0,0,0.0,0.4,1,1,9.1,2,1.0
10,3,1,26,17,1,24,3,9,0.703703704,99,0.0,2,0.91025641,0.333333333,2,22,8.6,3,1.3
15,1,0,0,16,105,0,0,15,2.0,34,0.0,0,0.0,0.285714286,0,0,1.266666667,1,0.9333
26,1,0,0,26,325,0,0,26,2.0,26,0.0,0,0.0,0.487179487,0,0,0.0,1,1.0
17,1,0,5,17,136,3,2,17,2.0,17,0.0,0,0.0,0.210084034,0,0,0.0,1,1.0
6,3,0,14,35,13,0,14,3,0.866666667,142,0.333333333,0,0.692307692,0.4,1,2,22.16666667,5,1.5
0,1,0,1,0,0,1,0,0,2.0,14,0.0,0,0.0,0.0,0,0,0.0,0,0.0
3,2,0,6,5,3,3,3,1,1.0,18,0.0,1,0.8,0.75,1,1,4.666666667,1,0.3333
10,4,0,5,20,23,1,4,8,0.444444444,121,1.0,1,0.950310559,0.35,1,2,10.9,3,1.2
39,1,0,70,144,725,58,21,34,0.955263158,1492,0.4,1,0.0,0.135964912,0,0,37.0,16,2.6923
7,4,0,2,14,21,0,2,7,2.0,42,0.0,0,0.94,0.342857143,0,0,5.0,1,0.8571
11,1,0,14,24,17,10,4,10,0.54,107,1.0,0,0.0,0.393939394,0,0,8.272727273,2,1.1818
2,0,0,5,8,1,1,4,2,2.0,32,0.0,0,0.0,0.75,0,0,15.0,1,0.5
1,1,1,1,2,0,1,0,1,2.0,26,0.0,0,0.0,1.0,0,0,3.0,0,0.0
23,1,0,11,38,157,10,1,22,0.829545455,241,1.0,0,0.0,0.286956522,0,0,9.130434783,3,1.0435
27,1,0,18,82,0,2,16,24,0.723076923,553,0.8,2,0.0,0.183760684,0,0,19.2962963,5,1.4815
4,4,0,6,6,2,2,4,3,0.666666667,29,1.0,0,0.975903614,0.466666667,0,0,5.75,1,0.5
10,1,0,7,17,27,3,4,10,0.75,69,1.0,2,0.0,0.28,1,1,5.5,2,1.0
5,1,0,6,27,0,2,5,4,0.5,153,1.0,1,0.0,0.44,0,0,29.2,5,1.8
5,2,0,7,22,4,1,6,2,0.5,155,0.0,0,0.80952381,0.366666667,0,0,29.8,10,4.0
2,1,0,3,8,0,1,2,0,0.0,51,1.0,0,0.0,0.833333333,0,0,24.0,2,1.0
2,1,0,0,4,1,0,0,2,1.0,47,1.0,0,0.0,1.0,0,0,18.0,1,0.5
2,1,0,2,2,1,1,1,2,2.0,2,0.0,0,0.0,0.75,0,0,0.0,1,1.0
10,2,0,4,14,45,2,2,10,1.111111111,63,0.333333333,0,0.272727273,0.32,0,0,5.0,1,0.8
4,4,8,14,23,6,9,5,3,2.0,94,0.0,0,0.985915493,0.55,1,1,22.5,1,0.75
2,1,0,1,6,0,1,0,2,1.0,39,1.0,0,0.0,0.666666667,0,0,16.5,2,1.0
8,4,0,40,70,8,11,34,7,0.714285714,435,1.0,0,0.915662651,0.267857143,3,18,53.25,8,2.625
7,1,0,1,8,0,1,0,7,0.722222222,104,1.0,0,0.0,0.428571429,0,0,13.0,5,1.4286
7,3,3,16,21,0,10,9,7,0.416666667,146,1.0,2,0.934210526,0.357142857,2,4,19.57142857,3,1.1429
2,1,0,5,2,1,4,1,2,2.0,2,0.0,0,0.0,0.625,0,0,0.0,1,1.0
6,2,0,24,9,0,24,1,4,0.2,146,0.0,7,0.666666667,0.45,0,0,22.16666667,9,3.3333
11,2,0,12,15,13,9,4,11,0.75,97,1.0,3,0.2,0.220779221,0,0,7.272727273,1,0.7273
4,3,0,6,16,0,0,6,4,0.333333333,46,1.0,0,0.925,0.625,1,1,10.25,1,0.75
46,1,0,13,61,833,11,2,46,0.903703704,579,1.0,1,0.0,0.220496894,0,0,11.19565217,12,1.6522
205,1,0,154,583,20326,84,98,179,0.969309463,8095,0.97826087,7,0.0,0.068627451,0,0,38.26341463,20,2.122
1,1,0,3,1,0,1,2,1,2.0,1,0.0,0,0.0,1.0,0,0,0.0,1,1.0
2,2,0,11,14,1,1,11,1,2.0,63,0.0,0,0.857142857,0.75,1,2,30.5,4,2.0
2,1,0,0,2,1,0,0,2,2.0,2,0.0,0,0.0,0.75,0,0,0.0,1,1.0
5,2,0,8,16,10,4,4,5,2.0,50,0.0,0,0.555555556,0.5,0,0,9.0,1,0.8
13,2,0,6,25,66,2,4,11,0.777777778,175,0.666666667,0,0.523809524,0.333333333,1,6,12.23076923,3,1.1538
4,2,0,7,24,0,1,6,2,0.444444444,146,0.0,2,0.727272727,0.5625,1,4,34.75,1,0.75
3,3,0,0,4,1,0,0,2,0.5,208,0.0,0,0.974358974,1.0,0,0,68.0,1,0.3333
0,1,0,4,0,0,2,2,0,2.0,0,0.0,0,0.0,0.0,0,0,0.0,0,0.0
1,1,0,4,2,0,4,0,1,2.0,15,0.0,0,0.0,1.0,0,0,3.0,0,0.0
37,4,0,17,91,506,0,17,31,0.905555556,620,1.0,0,0.628865979,0.412162162,2,2,15.35135135,1,0.973
15,1,0,3,21,0,1,2,15,0.628571429,158,1.0,2,0.0,0.311111111,0,0,9.2,2,0.8667
8,2,0,10,27,14,2,10,4,0.714285714,120,1.0,0,0.793103448,0.291666667,0,0,13.625,1,0.75
4,3,4,10,14,0,4,6,3,0.5,52,1.0,0,0.918918919,0.5,0,0,11.5,2,1.0
16,2,2,6,31,102,3,3,11,0.933333333,9857,0.75,1,0.176470588,0.19047619,0,0,614.5625,5,1.1875
41,2,0,6,60,402,3,3,8,0.889166667,4541,0.933333333,2,0.11627907,0.191666667,1,1,109.0243902,47,5.5854
27,1,3,16,47,323,3,13,24,0.846153846,224,1.0,2,0.0,0.141975309,0,0,7.185185185,2,1.0741
5,3,0,7,20,2,0,7,5,0.625,76,1.0,1,0.902439024,0.6,2,2,13.8,2,1.0
2,1,0,5,2,1,5,0,2,2.0,2,0.0,0,0.0,0.75,0,0,0.0,1,1.0
3,3,0,2,11,3,2,0,3,1.5,62,0.0,0,0.95,0.833333333,1,2,19.33333333,5,2.3333
10,3,4,124,15,27,120,5,10,0.902777778,88,1.0,2,0.8875,0.28,0,0,7.0,1,0.9
4,8,0,13,39,4,3,13,4,0.666666667,237,1.0,0,0.996515679,0.666666667,0,0,58.0,19,5.25
2,1,0,4,15,0,1,3,2,0.25,77,0.0,1,0.0,0.666666667,0,0,35.5,2,1.0
18,3,0,15,45,43,3,13,16,0.647058824,251,1.0,1,0.911917098,0.166666667,1,6,12.77777778,3,1.2222
3,2,0,2,5,0,1,1,3,0.0,34,1.0,1,0.818181818,0.5,1,2,10.0,1,0.6667
6,1,0,3,11,1,1,2,6,0.7,74,1.0,0,0.0,0.555555556,0,0,10.66666667,1,0.8333
4,2,0,6,7,6,4,4,4,2.0,20,0.0,0,0.933333333,0.416666667,0,0,4.0,1,0.5
34,3,0,9,106,435,0,9,15,0.933014354,1020,0.947368421,3,0.536231884,0.188552189,2,2,28.44117647,46,3.0588
11,2,0,2,20,0,0,2,11,0.566666667,120,1.0,1,0.5,0.340909091,1,5,9.636363636,5,1.3636
11,2,0,7,29,43,2,5,9,0.85,154,0.5,0,0.578947368,0.418181818,1,6,12.81818182,2,0.9091
11,1,0,11,54,0,5,8,8,0.7,302,0.333333333,0,0.0,0.2,0,0,26.18181818,10,2.0909
6,4,0,7,16,9,1,6,5,0.8,72,1.0,1,0.933333333,0.7,0,0,10.5,3,1.1667
3,2,0,1,5,3,0,1,3,2.0,12,0.0,0,0.956521739,0.666666667,1,2,3.0,1,0.3333
8,4,0,16,25,28,13,3,5,2.0,122,0.0,0,0.88,0.3125,1,1,14.25,6,1.75
4,1,0,68,4,6,68,0,4,2.0,4,0.0,0,0.0,0.583333333,0,0,0.0,1,1.0
8,5,0,10,28,0,4,6,8,0.693877551,365,0.571428571,0,0.844444444,0.25,1,4,43.75,19,5.375
1,2,0,4,2,0,2,2,1,2.0,5,0.0,0,1.0,1.0,0,0,4.0,0,0.0
5,2,0,6,9,6,5,1,3,0.9,75,0.2,5,0.8,0.416666667,1,1,13.0,1,0.6
2,1,0,9,8,1,2,7,2,2.0,24,0.0,0,0.0,0.5,0,0,11.0,1,0.5
2,5,0,8,14,1,1,7,1,2.0,51,0.0,0,0.995283019,0.625,2,2,24.0,1,0.5
37,1,0,17,92,0,3,14,34,0.5,438,1.0,1,0.0,0.177777778,1,1,10.78378378,13,1.1622
3,1,0,6,23,3,2,4,3,2.0,141,0.0,0,0.0,0.333333333,0,0,46.0,1,0.6667
9,3,0,21,46,2,2,21,2,0.65625,272,1.0,1,0.740740741,0.28125,1,1,28.33333333,2,0.8889
20,2,0,6,37,0,1,5,18,0.684210526,321,0.833333333,4,0.392857143,0.36,1,6,14.75,2,0.9
9,1,0,19,59,16,1,18,9,0.785714286,680,0.0,0,0.0,0.285714286,0,0,73.77777778,10,2.3333
3,2,0,10,25,3,0,10,3,2.0,139,0.0,0,0.75,0.555555556,0,0,45.33333333,10,3.6667
4,3,0,4,9,0,2,4,1,0.333333333,30,1.0,0,0.842105263,0.5,1,1,6.25,1,0.75
15,7,0,8,87,71,4,8,3,0.776785714,726,1.0,1,0.979104478,0.24,0,0,46.86666667,12,2.0667
5,0,2,9,22,10,2,7,1,2.0,145,0.0,0,0.0,0.5,0,0,28.0,4,1.8
8,2,0,7,13,0,7,0,7,0.767857143,284,1.0,0,0.5625,0.40625,1,2,33.5,2,1.0
9,1,0,0,9,36,0,0,9,2.0,9,0.0,0,0.0,0.592592593,0,0,0.0,1,1.0
10,1,0,4,32,41,2,2,8,0.555555556,217,1.0,0,0.0,0.55,0,0,20.5,1,0.8
10,1,0,12,59,0,7,5,7,0.305555556,596,0.75,1,0.0,0.44,0,0,58.2,1,0.7
12,3,1,12,36,0,2,10,10,0.454545455,291,1.0,0,0.785714286,0.260416667,1,6,23.08333333,5,1.25
5,2,0,7,13,0,2,5,4,0.0,65,1.0,1,0.692307692,0.45,1,1,11.8,1,0.8
8,1,0,27,64,20,0,27,6,0.785714286,313,1.0,1,0.0,0.333333333,0,0,37.875,2,0.875
2,4,0,8,14,1,0,8,2,2.0,72,0.0,0,0.979591837,0.75,2,7,35.0,1,0.5
21,4,0,7,45,168,0,7,16,0.923076923,302,0.538461538,0,0.705882353,0.392857143,2,3,12.76190476,7,1.4762
14,1,0,5,26,43,2,4,7,0.703296703,300,1.0,1,0.0,0.346153846,0,0,19.92857143,5,2.2143
2,4,0,6,17,1,1,5,1,2.0,65,0.0,0,0.995260664,0.625,3,4,31.5,1,0.5
6,1,0,8,30,0,0,8,4,0.333333333,163,1.0,1,0.0,0.416666667,0,0,25.66666667,2,1.3333
13,1,0,0,13,78,0,0,13,2.0,13,0.0,0,0.0,0.461538462,0,0,0.0,1,1.0
14,1,0,9,26,21,5,4,13,0.756410256,159,1.0,3,0.0,0.353846154,0,0,9.928571429,3,1.2857
5,2,0,4,25,2,1,3,4,0.416666667,301,1.0,0,0.25,0.44,0,0,58.6,28,6.4
1,4,1,0,2,0,0,0,1,2.0,11,0.0,0,1.0,1.0,0,0,7.0,0,0.0
12,2,0,6,31,20,3,5,9,1.012539185,360,1.0,1,0.5,0.393939394,1,1,26.58333333,6,2.0833
12,2,0,6,23,46,2,4,10,0.818181818,122,0.5,0,0.55,0.4,1,6,9.0,2,0.8333
15,1,0,8,71,55,4,5,9,0.793650794,616,1.0,0,0.0,0.219047619,0,0,39.46666667,3,0.8667
1,1,0,4,1,0,2,2,1,2.0,1,0.0,0,0.0,1.0,0,0,0.0,1,1.0
11,1,0,14,41,0,2,12,10,0.654545455,580,1.0,3,0.0,0.246753247,0,0,50.72727273,11,2.1818
48,2,1,5,98,668,1,4,37,0.904255319,1044,1.0,5,0.737142857,0.145662848,2,10,20.58333333,3,1.0417
9,2,0,9,23,36,9,9,0,2.0,82,0.0,0,0.529411765,0.444444444,0,0,8.111111111,1,0.8889
3,3,0,8,10,3,6,2,1,2.0,27,0.0,0,0.971428571,0.666666667,1,1,8.0,1,0.3333
1,1,0,274,1,0,273,1,1,2.0,1,0.0,0,0.0,1.0,0,0,0.0,1,1.0
3,1,0,3,8,0,1,2,3,0.5,29,0.0,0,0.0,0.666666667,0,0,8.0,1,0.6667
4,1,0,9,21,4,1,8,2,0.666666667,113,1.0,0,0.0,0.666666667,0,0,27.0,5,1.5
33,1,0,3,73,0,1,3,33,0.75,469,0.0,2,0.0,0.158508159,1,1,13.03030303,6,1.303
8,5,0,11,15,14,1,10,7,0.839285714,100,1.0,0,0.958333333,0.476190476,1,2,10.5,1,0.75
9,3,1,11,23,8,5,8,7,0.458333333,127,1.0,1,0.928571429,0.375,0,0,12.77777778,2,0.6667
27,1,0,37,96,219,13,26,18,0.873076923,927,0.6,3,0.0,0.211538462,0,0,32.96296296,6,1.7037
6,3,0,3,19,3,2,1,5,0.44,387,0.4,1,0.85,0.333333333,1,1,62.66666667,14,4.3333
13,5,0,9,34,68,6,4,12,0.75,199,1.0,0,0.837837838,0.292307692,2,8,14.15384615,5,2.1538
8,5,0,48,15,6,45,3,8,0.80952381,94,1.0,0,0.666666667,0.375,1,1,10.0,2,1.0
4,1,0,7,4,6,6,2,4,2.0,4,0.0,0,0.0,0.583333333,0,0,0.0,1,1.0
6,3,0,2,19,15,2,0,4,1.12,184,0.0,0,0.8125,0.5,1,1,28.83333333,14,2.8333
3,1,0,0,5,1,0,0,2,0.5,14,0.0,0,0.0,0.5,0,0,3.333333333,1,0.3333
6,1,0,4,19,13,1,3,5,0.0,104,1.0,0,0.0,0.625,0,0,16.16666667,3,1.0
7,1,0,9,12,21,3,6,7,2.0,35,0.0,0,0.0,0.476190476,0,0,4.0,1,0.8571
37,1,0,69,102,660,64,10,33,0.944444444,1578,1.0,0,0.0,0.122850123,0,0,41.62162162,17,4.2162
7,2,1,7,15,1,6,1,4,0.583333333,92,1.0,1,0.454545455,0.464285714,1,1,11.57142857,1,0.8571
2,1,0,5,2,1,5,1,2,2.0,2,0.0,0,0.0,1.0,0,0,0.0,1,1.0
19,2,0,28,79,153,16,14,9,0.939814815,754,0.25,1,0.4,0.257309942,1,1,38.05263158,10,2.4211
13,1,0,25,79,66,1,24,4,0.666666667,438,0.5,0,0.0,0.25,0,0,32.53846154,19,2.7692
8,2,0,6,19,18,1,5,6,0.935064935,166,0.090909091,8,0.666666667,0.314285714,1,1,18.375,1,0.75
49,1,0,14,109,1164,9,5,48,0.925,711,0.6,0,0.0,0.109068627,0,0,13.40816327,2,1.0
3,3,1,1,4,1,1,0,2,0.5,1248,1.0,0,0.974358974,1.0,0,0,414.6666667,1,0.3333
6,2,0,6,12,13,3,3,6,0.8,54,0.0,0,0.615384615,0.444444444,0,0,7.833333333,1,0.8333
28,1,0,11,54,24,3,8,28,0.679012346,198,0.0,3,0.0,0.178571429,0,0,5.964285714,2,1.0357
33,4,3,44,76,472,25,20,31,0.96875,610,0.0,6,0.801470588,0.173611111,3,30,17.3030303,2,1.1515
11,2,0,4,22,35,1,3,9,0.8,119,0.5,0,0.578947368,0.418181818,1,6,9.636363636,2,0.8182
8,1,0,9,8,28,8,1,8,2.0,8,0.0,0,0.0,0.583333333,0,0,0.0,1,1.0
10,1,0,3,13,31,1,2,10,0.703703704,76,1.0,1,0.0,0.375,0,0,6.3,2,1.1
3,1,0,9,3,3,4,5,3,2.0,3,0.0,0,0.0,0.619047619,0,0,0.0,1,1.0
12,1,0,12,37,2,5,7,8,0.772727273,319,1.0,0,0.0,0.25974026,0,0,24.75,7,2.5833
4,3,0,1,15,6,0,1,3,1.333333333,4270,0.0,0,0.926829268,0.333333333,0,0,1005.75,2,1.0
5,1,0,0,7,0,0,0,5,0.5,32,1.0,0,0.0,0.466666667,0,0,5.0,1,0.8
7,1,0,10,23,19,6,4,7,1.083333333,216,1.0,0,0.0,0.285714286,0,0,29.28571429,85,25.1429
15,2,0,6,31,43,1,5,15,0.833333333,229,0.666666667,0,0.575757576,0.333333333,1,5,13.86666667,1,0.9333
13,4,0,3,16,78,0,3,13,2.0,72,0.0,0,0.872340426,0.538461538,1,7,4.538461538,1,0.9231
2,1,0,6,8,1,0,6,2,2.0,23,0.0,0,0.0,0.75,0,0,10.5,1,0.5
5,1,0,12,5,10,8,4,5,2.0,5,0.0,0,0.0,0.68,0,0,0.0,1,1.0
5,1,0,8,10,10,8,0,5,2.0,85,0.0,0,0.0,0.2,0,0,16.0,5,3.0
6,3,0,2,14,0,1,1,5,0.0,49,0.0,0,0.807692308,0.333333333,1,2,7.0,1,0.8333
9,6,0,4,27,10,2,3,3,0.75,181,1.0,0,0.988059701,0.5,2,4,18.44444444,1,0.8889
5,1,0,8,18,0,2,6,5,0.25,143,1.0,0,0.0,0.6,0,0,27.4,5,3.0
4,3,0,1,15,6,0,1,3,1.333333333,2120,0.0,0,0.926829268,0.333333333,0,0,495.5,2,1.0
11,1,0,5,21,9,2,3,11,0.25,92,1.0,0,0.0,0.454545455,0,0,7.181818182,1,0.6364
16,1,0,8,34,62,2,6,3,0.686666667,461,1.0,6,0.0,0.28125,0,0,27.1875,4,1.1875
3,5,0,4,37,1,2,3,2,0.5,138,1.0,0,0.996710526,0.5,0,0,44.66666667,2,1.0
5,1,0,12,31,0,0,12,2,1.0,132,0.25,0,0.0,0.5,0,0,24.6,1,0.6
2,2,0,11,16,1,6,6,2,2.0,87,0.0,0,0.947368421,1.0,1,1,42.5,1,0.5
5,3,0,1,16,8,0,1,3,1.243589744,1171,0.0,0,0.926829268,0.333333333,0,0,217.6,2,0.8
11,2,0,3,26,0,2,2,11,0.55,127,0.5,1,0.583333333,0.409090909,1,3,10.36363636,3,1.3636
11,2,0,7,38,23,1,7,7,0.8,541,1.0,4,0.62962963,0.285714286,1,3,46.09090909,12,3.4545
28,3,0,17,105,344,7,12,13,0.864197531,874,0.555555556,4,0.535714286,0.243386243,1,1,29.89285714,9,2.0714
93,1,0,33,244,0,6,28,79,0.925951087,1441,0.4375,3,0.0,0.144927536,0,0,14.32258065,18,1.6559
1,1,0,27,1,0,26,1,1,2.0,4,0.0,0,0.0,1.0,0,0,0.0,1,1.0
36,1,0,28,144,104,5,24,27,0.846428571,1294,0.4375,5,0.0,0.124074074,0,0,34.5,18,2.7778
3,2,2,5,10,0,2,3,2,0.5,39,1.0,2,0.857142857,0.466666667,0,0,11.33333333,1,0.6667
6,1,0,8,12,15,1,7,6,2.0,37,0.0,0,0.0,0.5,0,0,5.166666667,1,0.8333
1,6,1,3,2,0,2,1,1,2.0,4,0.0,0,1.0,1.0,0,0,3.0,0,0.0
25,5,1,14,91,196,3,13,16,0.878205128,800,1.0,1,0.701298701,0.21875,0,0,30.48,6,1.68
5,3,0,3,10,10,1,2,5,2.0,76,0.0,0,0.985507246,0.55,1,1,14.2,2,0.4
4,1,0,5,14,0,0,5,3,0.0,45,1.0,1,0.0,0.5,0,0,10.0,2,1.0
22,1,0,0,22,231,0,0,22,2.0,22,0.0,0,0.0,0.281818182,0,0,0.0,1,1.0
8,1,0,9,21,28,4,5,8,2.0,141,0.0,0,0.0,0.3125,0,0,16.625,6,2.75
1,1,0,1,1,0,1,0,1,2.0,1,0.0,0,0.0,1.0,0,0,0.0,1,1.0
10,1,0,8,10,45,6,2,10,2.0,10,0.0,0,0.0,0.5,0,0,0.0,1,1.0
6,3,0,4,10,15,1,3,6,2.0,31,0.0,0,0.615384615,0.666666667,1,3,4.166666667,1,0.8333
2,1,0,3,2,1,3,0,2,2.0,2,0.0,0,0.0,0.75,0,0,0.0,1,1.0
11,1,0,7,20,37,7,0,10,0.625,132,1.0,0,0.0,0.393939394,1,1,10.63636364,3,1.4545
2,1,0,2,2,1,1,1,2,2.0,2,0.0,0,0.0,0.75,0,0,0.0,1,1.0
3,1,0,2,7,3,2,0,2,2.0,22,0.0,0,0.0,0.444444444,0,0,6.333333333,1,0.6667
5,2,0,8,13,0,4,6,5,0.25,62,1.0,0,0.909090909,0.433333333,0,0,11.2,1,0.6
15,1,0,0,15,105,0,0,15,2.0,15,0.0,0,0.0,0.488888889,0,0,0.0,1,1.0
5,2,0,4,13,0,1,4,4,0.625,76,1.0,1,0.7,0.5,0,0,13.4,1,0.6
12,5,0,3,25,66,0,0,12,2.0,67,0.0,0,0.917910448,0.472222222,1,1,4.583333333,1,0.9167
5,1,0,0,16,0,0,0,2,0.208333333,268,0.0,0,0.0,0.333333333,0,0,51.4,4,2.0
1,1,0,0,2,0,0,0,1,2.0,4,0.0,0,0.0,1.0,0,0,3.0,0,0.0
30,1,0,34,111,363,14,22,22,0.845735027,1004,0.789473684,6,0.0,0.108374384,0,0,31.83333333,11,1.9333
2,2,0,9,7,1,1,8,1,1.0,29,0.0,0,0.944444444,0.625,1,1,13.0,1,0.5
3,3,0,0,4,1,0,0,2,0.5,1248,1.0,0,0.974358974,1.0,0,0,414.6666667,1,0.3333
6,1,0,4,22,0,1,3,0,0.333333333,163,1.0,0,0.0,0.5,0,0,25.66666667,5,2.3333
16,2,1,27,85,76,8,22,16,0.8,728,0.8,2,0.558823529,0.215909091,1,1,44.1875,25,4.0625
1,1,0,7,1,0,6,1,1,2.0,1,0.0,0,0.0,1.0,0,0,0.0,1,1.0
6,2,0,11,14,5,10,3,5,0.933333333,86,0.166666667,1,0.428571429,0.4,1,1,11.33333333,1,0.6667
4,1,0,6,4,6,5,2,4,1.333333333,5,0.0,0,0.0,0.5625,0,0,0.0,1,1.0
1,4,0,1,2,0,0,1,1,2.0,4,0.0,0,1.0,1.0,0,0,3.0,0,0.0
14,1,0,20,27,0,19,1,10,0.653846154,386,0.125,1,0.0,0.342857143,0,0,26.0,6,2.4286
5,3,2,2,7,10,2,0,5,2.0,20,0.0,0,0.944444444,0.6,0,0,3.0,1,0.2
1,1,0,34,1,0,34,0,1,2.0,1,0.0,0,0.0,1.0,0,0,0.0,1,1.0
6,6,0,3,16,7,1,2,5,0.8,80,1.0,0,0.791666667,0.416666667,0,0,11.66666667,3,1.1667
9,1,1,12,50,0,1,11,6,0.645833333,316,0.666666667,1,0.0,0.377777778,0,0,33.44444444,3,1.6667
3,4,0,18,31,1,1,17,3,2.0,152,0.0,0,0.974358974,0.5,2,3,49.66666667,8,3.0
1,1,0,16,1,0,15,1,1,2.0,1,0.0,0,0.0,1.0,0,0,0.0,1,1.0
6,2,0,3,8,15,0,3,6,1.0,34,0.0,0,0.818181818,0.5,1,1,4.333333333,2,0.8333
2,3,0,6,4,1,6,0,2,2.0,9,0.0,0,1.0,0.75,0,0,3.5,0,0.0
38,1,0,0,38,703,0,0,38,2.0,38,0.0,0,0.0,0.355263158,0,0,0.0,1,1.0
11,2,0,5,21,49,2,3,9,0.933333333,106,0.333333333,0,0.578947368,0.522727273,1,6,8.363636364,2,0.8182
5,1,0,4,5,10,3,1,5,1.25,9,0.0,0,0.0,0.55,0,0,0.0,1,1.0
9,1,0,25,44,32,0,25,3,0.875,247,1.0,0,0.0,0.270833333,0,0,26.0,7,1.8889
14,3,0,5,29,53,1,4,6,0.692307692,514,1.0,1,0.541666667,0.333333333,1,4,34.92857143,14,2.2857
25,1,0,7,53,28,5,2,21,0.895833333,840,0.166666667,0,0.0,0.485714286,0,0,32.36,12,2.84
32,1,0,6,53,0,2,6,17,0.853046595,2884,0.925925926,13,0.0,0.204301075,0,0,88.28125,40,6.5
6,1,0,6,40,13,2,4,5,0.2,227,1.0,0,0.0,0.666666667,0,0,36.66666667,1,0.6667
27,1,0,9,54,107,4,6,18,0.711538462,515,0.833333333,4,0.0,0.148148148,0,0,17.85185185,7,1.963
1,1,0,4,1,0,3,1,1,2.0,1,0.0,0,0.0,1.0,0,0,0.0,1,1.0
22,1,1,14,56,197,4,10,16,0.813852814,378,0.545454545,1,0.0,0.369047619,0,0,15.68181818,4,1.0455
18,6,0,21,124,117,7,20,6,0.77124183,762,1.0,0,0.975794251,0.1875,3,6,40.83333333,7,1.5556
9,4,0,2,12,36,0,2,9,2.0,50,0.0,0,0.921568627,0.555555556,0,0,4.555555556,1,0.8889
9,1,0,5,16,36,2,3,9,2.0,69,0.0,0,0.0,0.194444444,0,0,6.666666667,1,0.8889
12,2,0,6,75,16,2,4,9,2.0,994,0.0,0,0.875,0.25,2,7,81.83333333,30,8.0833
7,4,0,11,25,19,3,11,5,0.166666667,94,1.0,1,0.861111111,0.366666667,0,0,12.28571429,1,0.7143
28,3,0,42,61,370,13,34,26,1.0,533,0.0,0,0.564516129,0.181547619,1,3,18.0,10,1.8214
2,2,0,9,7,1,1,8,2,2.0,24,0.0,0,0.947368421,0.625,1,1,11.0,1,0.5
13,1,0,8,46,42,4,5,13,0.625,339,0.5,0,0.0,0.340659341,0,0,24.92307692,5,1.8462
2,1,0,2,2,1,1,1,2,2.0,2,0.0,0,0.0,0.75,0,0,0.0,1,1.0
9,1,0,3,20,36,0,3,9,2.0,204,0.0,0,0.0,0.333333333,0,0,21.66666667,4,2.6667
2,1,0,3,2,1,3,1,2,2.0,2,0.0,0,0.0,1.0,0,0,0.0,1,1.0
7,1,0,3,25,0,1,2,7,0.541666667,211,1.0,0,0.0,0.476190476,0,0,28.57142857,5,2.0
2,2,0,2,5,1,1,1,1,2.0,11,0.0,0,0.941176471,0.833333333,1,2,4.5,1,0.5
9,2,2,7,14,8,5,2,6,0.5,103,1.0,2,0.384615385,0.407407407,1,2,10.22222222,2,1.0
3,1,0,3,4,3,3,0,3,1.4375,23,0.0,2,0.0,0.5,0,0,4.0,2,1.0
2,2,0,6,13,1,1,6,2,2.0,46,0.0,0,0.857142857,0.666666667,0,0,22.0,5,2.5
2,4,0,3,5,1,0,3,1,2.0,12,0.0,0,0.972222222,0.666666667,1,1,5.0,1,0.5
49,2,0,8,66,664,4,4,46,0.902083333,728,0.95,8,0.196428571,0.270833333,1,6,13.44897959,2,0.9388
0,1,0,0,0,0,0,0,0,2.0,0,0.0,0,0.0,0.0,0,0,0.0,0,0.0
10,4,0,9,23,23,1,8,10,0.555555556,89,0.0,1,0.905263158,0.28,3,22,7.8,2,1.0
6,3,0,7,23,9,1,7,6,0.833333333,134,1.0,1,0.934210526,0.361111111,2,12,20.33333333,1,0.8333
19,2,0,5,29,141,2,3,17,0.865079365,266,0.857142857,0,0.407407407,0.368421053,1,6,12.63157895,2,0.8947
2,4,0,2,4,1,0,2,2,2.0,315,0.0,0,0.976190476,1.0,0,0,156.5,1,0.5
11,2,0,9,37,45,3,6,6,0.666666667,895,1.0,3,0.307692308,0.214876033,0,0,79.0,1,0.8182
28,1,0,11,72,118,5,10,18,0.994026284,719,0.967741935,0,0.0,0.220238095,0,0,23.57142857,6,2.7143
21,6,0,17,83,64,13,7,9,0.691666667,589,1.0,1,0.978986403,0.224489796,3,7,26.76190476,13,2.7619
6,1,0,12,6,15,12,0,6,1.2,18,0.0,0,0.0,0.533333333,0,0,0.0,1,1.0
2,2,0,1,4,1,0,1,1,2.0,16,0.0,0,0.8,0.666666667,1,1,7.0,1,0.5
2,3,0,7,4,1,7,0,2,2.0,9,0.0,0,1.0,0.75,0,0,3.5,0,0.0
13,1,2,6,32,76,5,2,8,0.972222222,439,0.333333333,0,0.0,0.318181818,0,0,32.53846154,10,2.4615
12,2,0,4,24,36,1,3,10,0.772727273,143,0.5,0,0.55,0.4,1,6,10.75,2,0.8333
9,6,0,10,48,18,4,9,1,0.71875,210,1.0,1,0.988183161,0.5,4,12,21.88888889,2,1.0
6,0,0,8,29,13,1,7,3,0.9,143,1.0,0,0.0,0.357142857,0,0,22.5,1,0.6667
6,3,5,0,10,0,0,0,6,0.0,54,1.0,0,0.85,0.555555556,1,2,7.833333333,3,1.0
2,4,0,6,17,1,1,5,1,2.0,65,0.0,0,0.995260664,0.625,3,4,31.5,1,0.5
9,5,0,21,54,30,4,18,5,1.041666667,306,0.0,1,0.967611336,0.333333333,3,7,32.33333333,5,1.5556
20,2,0,52,51,190,17,39,19,2.0,288,0.0,0,0.634615385,0.245,1,2,13.4,4,1.4
6,3,0,5,22,1,0,5,6,0.7,137,1.0,0,0.880952381,0.416666667,3,3,21.16666667,1,0.8333
2,3,0,4,4,1,1,3,2,2.0,14,0.0,0,0.976190476,0.75,1,1,5.5,1,0.5
32,1,0,6,69,264,4,2,31,0.733333333,771,1.0,0,0.0,0.180555556,1,1,22.625,4,1.1563
81,1,2,5,82,3240,2,3,80,1.0125,266,1.0,0,0.0,0.096707819,0,0,2.271604938,1,0.9877
17,1,0,45,39,0,30,16,17,0.3125,435,1.0,1,0.0,0.165441176,0,0,24.47058824,4,2.3529
5,2,0,12,35,6,1,11,1,0.625,221,0.0,0,0.80952381,0.4,1,1,42.8,1,0.8
3,2,0,1,5,3,0,1,3,2.0,12,0.0,0,0.956521739,0.666666667,1,2,3.0,1,0.3333
15,1,0,5,32,33,3,2,14,0.595238095,210,1.0,0,0.0,0.226190476,0,0,12.6,3,1.1333
9,1,0,9,22,18,7,2,3,1.028846154,366,0.153846154,1,0.0,0.317460317,0,0,38.22222222,17,4.6667
6,3,0,3,32,0,0,3,5,0.6,1254,1.0,0,0.880952381,0.555555556,1,1,207.3333333,2,1.0
10,2,0,15,39,0,2,13,9,0.5,210,1.0,0,0.590909091,0.242857143,0,0,19.8,9,1.9
14,1,2,18,23,59,17,1,9,0.807692308,117,0.0,0,0.0,0.297619048,0,0,7.071428571,5,1.0714
3,2,0,1,12,3,1,0,3,2.0,88,0.0,0,0.818181818,0.583333333,0,0,28.33333333,1,0.6667
8,2,0,3,35,0,1,2,7,0.5,172,1.0,1,0.829268293,0.25,1,6,20.25,2,1.125
13,2,0,11,50,46,0,0,10,0.783333333,267,1.0,0,0.428571429,0.323076923,0,0,19.15384615,8,1.5385
2,4,0,6,10,1,0,6,2,2.0,30,0.0,0,0.979591837,0.75,1,6,14.0,1,0.5
37,2,0,10,54,348,6,4,35,0.843253968,661,0.928571429,5,0.244444444,0.279279279,1,6,16.48648649,4,1.1351
15,3,3,53,23,43,53,1,11,0.5,154,0.0,1,0.566666667,0.577777778,1,2,9.133333333,3,1.3333
7,1,0,27,50,7,3,27,3,0.805555556,198,1.0,3,0.0,0.416666667,0,0,26.42857143,1,0.7143
1,1,0,8,1,0,6,2,1,2.0,3,0.0,0,0.0,1.0,0,0,0.0,1,1.0
2,3,0,4,4,1,1,3,2,2.0,13,0.0,0,0.976190476,0.75,1,1,5.5,1,0.5
3,4,0,13,5,3,13,0,3,2.0,16,0.0,0,1.0,0.555555556,0,0,4.333333333,0,0.0
6,3,0,5,9,15,2,3,5,1.2,31,0.0,0,0.851851852,0.333333333,0,0,4.0,1,0.6667
12,1,0,6,30,34,6,0,9,0.690909091,306,1.0,0,0.0,0.375,0,0,24.08333333,6,1.5833
13,2,0,10,33,52,6,4,13,0.333333333,206,1.0,2,0.45,0.282051282,1,1,14.69230769,5,1.1538
12,2,0,7,16,46,0,7,11,0.795454545,83,1.0,2,0.153846154,0.266666667,0,0,5.583333333,2,1.0
12,3,0,15,28,36,5,12,7,0.781818182,152,0.8,2,0.724137931,0.25974026,0,0,11.25,2,0.75
2,4,6,8,7,0,6,2,2,1.0,23,1.0,1,0.944444444,0.666666667,0,0,9.5,1,0.5
4,1,0,17,8,6,11,6,4,2.0,53,0.0,0,0.0,0.45,0,0,12.25,5,2.0
5,7,0,5,40,6,3,4,3,0.75,219,1.0,0,0.993939394,0.3,2,5,42.4,1,0.8
53,1,0,24,140,1026,19,9,47,0.89516129,1204,0.870967742,3,0.0,0.106918239,0,0,21.13207547,17,1.6792
55,1,0,12,112,0,5,7,51,0.831481481,576,1.0,3,0.0,0.214141414,0,0,9.290909091,5,1.4182
4,1,0,2,17,6,1,1,3,2.0,127,0.0,0,0.0,0.375,0,0,30.75,6,2.5
2,1,0,7,2,1,6,1,2,2.0,2,0.0,0,0.0,0.75,0,0,0.0,1,1.0
3,1,0,3,7,3,3,0,3,2.0,33,0.0,0,0.0,0.555555556,0,0,10.0,3,1.6667
1,1,0,3,1,0,3,0,1,2.0,1,0.0,0,0.0,1.0,0,0,0.0,1,1.0
15,2,15,24,29,59,20,4,5,0.714285714,169,1.0,1,0.391304348,0.20952381,0,0,10.06666667,3,1.2667
4,4,0,3,10,0,1,2,4,0.5,41,0.0,0,0.875,0.5,2,2,8.75,1,0.75
2,2,0,3,16,0,1,3,1,0.0,51,0.0,1,0.983870968,0.666666667,0,0,23.5,2,1.0
6,3,0,10,26,7,0,10,5,0.6,159,1.0,1,0.924528302,0.35,3,3,25.0,3,1.1667
3,1,0,13,34,1,2,13,3,0.5,227,1.0,0,0.0,0.555555556,0,0,74.33333333,18,6.3333
2,1,0,4,4,1,0,4,2,2.0,12,0.0,0,0.0,0.75,0,0,5.0,1,0.5
1,1,0,1,2,0,1,0,1,2.0,16,0.0,0,0.0,1.0,0,0,12.0,0,0.0
93,1,1,16,138,4050,4,13,68,0.928743961,2310,0.777777778,14,0.0,0.173835125,0,0,23.5483871,15,2.4731
19,2,0,5,35,109,1,4,17,0.817460317,265,0.857142857,1,0.407407407,0.368421053,1,6,12.57894737,2,0.8947
15,3,0,15,49,93,1,15,8,0.821428571,226,1.0,0,0.744680851,0.261904762,2,3,13.8,2,0.8667
19,1,38,62,30,147,57,8,18,0.904761905,242,0.428571429,5,0.0,0.268518519,0,0,11.36842105,6,1.5789
9,5,0,7,26,28,1,6,5,0.5,207,1.0,1,0.927927928,0.416666667,2,8,21.88888889,4,1.7778
3,1,0,5,6,3,2,5,3,2.0,18,0.0,0,0.0,0.555555556,0,0,5.0,1,0.6667
22,2,0,8,35,169,5,3,20,0.946778711,316,0.352941176,0,0.366666667,0.443181818,1,6,12.59090909,2,0.9091
3,2,0,11,13,3,1,10,1,1.0,102,0.0,0,0.9,0.444444444,1,1,32.66666667,6,2.3333
6,4,0,5,25,15,0,5,5,2.0,94,0.0,0,0.947916667,0.833333333,1,1,14.66666667,3,1.1667
3,7,0,4,6,3,1,3,1,2.0,31,0.0,0,0.985185185,0.555555556,3,5,9.333333333,2,1.0
16,2,0,15,55,98,1,14,4,0.833333333,498,0.75,2,0.44,0.296296296,1,3,29.875,7,1.5625
6,2,0,13,24,5,2,11,3,0.6,85,1.0,2,0.722222222,0.416666667,1,1,12.83333333,1,0.8333
12,3,0,25,71,22,1,25,5,0.727272727,391,1.0,1,0.777777778,0.272727273,2,3,31.16666667,2,0.9167
7,1,0,4,22,0,1,3,5,0.166666667,88,1.0,2,0.0,0.428571429,0,0,11.28571429,2,1.0
6,1,0,7,28,5,1,6,2,0.55,163,0.25,0,0.0,0.3,0,0,25.5,4,1.3333
4,1,0,3,20,6,0,3,2,0.666666667,69,0.0,0,0.0,0.333333333,0,0,16.0,2,1.25
4,2,0,2,9,0,1,1,2,0.916666667,47,0.25,1,0.8,0.555555556,0,0,9.75,3,1.25
2,1,0,1,2,1,0,1,2,2.0,2,0.0,0,0.0,1.0,0,0,0.0,1,1.0
4,3,0,1,15,6,0,1,3,1.333333333,2120,0.0,0,0.926829268,0.333333333,0,0,495.5,2,1.0
12,3,0,6,22,62,1,6,11,0.590909091,100,1.0,0,0.951351351,0.354166667,1,3,7.166666667,3,0.9167
2,1,0,5,2,1,5,0,2,2.0,2,0.0,0,0.0,0.75,0,0,0.0,1,1.0
16,1,0,2,30,88,1,1,14,0.683333333,250,0.0,1,0.0,0.21875,0,0,14.375,4,1.125
6,3,0,6,19,13,0,6,6,0.4,107,1.0,0,0.9,0.416666667,0,0,16.66666667,4,1.6667
25,3,0,6,49,0,4,3,25,0.520833333,161,0.5,1,0.890909091,0.253333333,1,1,5.36,2,1.0
10,3,0,8,18,45,6,3,8,1.111111111,86,0.0,0,0.631578947,0.525,1,6,7.5,2,0.8
5,5,0,6,13,6,4,2,3,0.916666667,67,1.0,0,0.826086957,0.36,0,0,11.8,2,1.0
8,1,0,16,42,8,2,15,4,0.607142857,246,1.0,1,0.0,0.321428571,0,0,29.25,4,1.875
5,1,0,11,5,10,11,0,5,2.0,5,0.0,0,0.0,0.533333333,0,0,0.0,1,1.0
1,1,0,6,1,0,6,1,1,2.0,1,0.0,0,0.0,1.0,0,0,0.0,1,1.0
7,3,4,9,15,0,4,6,6,0.166666667,121,1.0,1,0.97029703,0.428571429,0,0,16.14285714,2,1.0
3,3,0,4,6,3,1,4,2,2.0,16,0.0,0,0.972222222,0.5,1,1,4.333333333,1,0.3333
8,1,0,14,65,20,1,13,3,0.571428571,552,1.0,1,0.0,0.244897959,0,0,67.75,26,5.875
9,1,1,5,29,0,3,3,6,0.5625,157,1.0,0,0.0,0.416666667,0,0,16.22222222,3,1.4444
24,2,0,28,87,150,2,26,18,0.873517787,595,0.727272727,0,0.361111111,0.2,0,0,23.33333333,16,2.9167
4,2,0,6,7,6,4,4,4,2.0,20,0.0,0,0.9375,0.416666667,0,0,4.0,1,0.5
8,4,0,8,12,26,3,8,8,0.857142857,43,1.0,0,0.75862069,0.416666667,1,1,4.25,1,0.875
3,2,0,7,13,3,0,7,3,2.0,41,0.0,0,0.75,0.555555556,0,0,12.66666667,3,1.3333
6,2,0,6,13,3,1,5,6,0.2,58,1.0,0,0.333333333,0.5,0,0,8.5,2,0.8333
15,2,0,17,58,37,4,17,4,0.779220779,751,0.0,6,0.35,0.19047619,0,0,48.33333333,5,1.5333
7,1,0,2,24,19,1,1,3,0.666666667,373,0.0,0,0.0,0.416666667,0,0,52.14285714,6,2.0
4,4,0,10,26,6,1,9,4,1.333333333,128,0.0,0,0.985365854,0.625,2,4,30.75,1,0.75
3,1,0,7,15,3,4,3,3,1.0,183,0.0,3,0.0,0.388888889,0,0,58.66666667,5,3.3333
4,2,0,4,13,0,1,4,4,0.0,52,1.0,1,0.25,0.5,0,0,11.75,1,0.75
10,1,1,3,21,19,1,2,8,0.488888889,195,1.0,1,0.0,0.35,0,0,18.0,4,1.4
30,1,0,27,78,267,16,12,30,0.873563218,543,1.0,1,0.0,0.123076923,0,0,16.8,5,1.4667
2,1,0,2,2,1,2,0,2,2.0,2,0.0,0,0.0,0.666666667,0,0,0.0,1,1.0
3,1,0,3,7,1,3,0,0,0.5,42,0.0,0,0.0,0.5,0,0,11.66666667,2,0.6667
9,3,0,10,27,0,2,8,9,0.5,281,1.0,0,0.733333333,0.388888889,1,2,29.88888889,10,2.6667
20,1,0,16,20,190,3,14,20,2.0,20,0.0,0,0.0,0.225,0,0,0.0,1,1.0
14,2,0,9,63,27,1,8,7,0.752136752,530,0.777777778,2,0.47826087,0.184615385,2,4,36.21428571,2,1.0
30,1,0,4,64,223,2,2,28,0.634482759,460,0.6,0,0.0,0.2,0,0,14.16666667,5,1.0667
5,4,0,2,8,10,0,2,5,2.0,28,0.0,0,0.959183673,0.6,0,0,4.6,1,0.8
6,1,0,2,11,0,2,0,6,0.844444444,608,0.0,0,0.0,0.458333333,0,0,98.83333333,8,2.5
5,1,0,6,26,0,4,3,5,0.25,288,1.0,0,0.0,0.6,0,0,56.2,9,4.2
3,3,0,7,15,3,0,7,3,2.0,46,0.0,0,0.777777778,0.555555556,0,0,14.33333333,3,1.3333
14,3,0,33,79,89,1,32,7,1.030769231,805,0.3,0,0.821917808,0.207142857,2,5,55.78571429,11,3.5714
62,1,0,24,130,753,10,17,39,0.850197852,2272,0.862068966,12,0.0,0.138248848,0,0,35.17741935,6,1.3226
24,2,0,10,38,234,5,5,22,0.747826087,366,0.8,0,0.333333333,0.226190476,1,4,14.04166667,7,1.8333
3,2,0,1,10,0,0,1,1,0.0,67,1.0,1,0.714285714,0.666666667,1,1,20.33333333,1,0.6667
25,1,2,80,46,298,76,5,21,0.166666667,198,1.0,1,0.0,0.213333333,0,0,6.88,3,1.04
1,1,0,5,1,0,3,2,1,2.0,1,0.0,0,0.0,1.0,0,0,0.0,1,1.0
5,2,0,16,41,6,1,16,2,0.75,181,1.0,2,0.555555556,0.55,1,1,34.8,3,1.2
4,1,0,6,5,6,5,1,4,2.0,16,0.0,0,0.0,0.875,0,0,3.0,1,0.75
18,1,0,0,20,3,0,0,10,0.329411765,830,1.0,0,0.0,0.685185185,0,0,44.83333333,8,3.1111
2,4,0,5,14,1,0,5,1,2.0,66,0.0,0,0.980392157,1.0,1,2,32.0,4,2.0
22,1,0,45,59,231,29,16,21,2.0,371,0.0,0,0.0,0.333333333,0,0,15.86363636,5,1.5
2,1,0,0,2,1,0,0,2,2.0,2,0.0,0,0.0,0.75,0,0,0.0,1,1.0
5,1,0,8,8,0,4,6,5,0.5,34,1.0,2,0.0,0.4,0,0,5.4,1,0.8
2,4,0,2,4,1,1,1,1,2.0,13,0.0,0,0.857142857,0.666666667,1,1,5.5,2,1.0
5,2,0,5,12,10,1,4,5,2.0,32,0.0,0,0.555555556,0.5,0,0,5.4,1,0.8
5,2,0,8,18,0,1,7,2,0.5,83,1.0,0,0.555555556,0.44,1,2,15.0,3,1.4
2,1,0,4,4,1,0,4,2,2.0,12,0.0,0,0.0,0.75,0,0,5.0,1,0.5
5,4,0,2,10,10,0,2,5,2.0,52,0.0,0,0.959183673,0.6,0,0,9.4,3,1.6
5,3,0,1,16,8,0,1,3,1.246296296,2125,0.0,0,0.926829268,0.333333333,0,0,397.0,2,0.8
12,2,0,4,24,46,0,4,10,0.818181818,141,0.5,0,0.55,0.5,1,6,10.58333333,2,0.8333
3,1,0,0,8,3,0,0,1,1.0,27,0.0,0,0.0,0.333333333,0,0,7.666666667,2,1.0
8,2,0,7,33,26,0,7,1,0.571428571,417,1.0,0,0.588235294,0.390625,1,1,51.0,8,3.625
7,2,0,6,30,1,1,5,7,0.0,373,1.0,0,0.142857143,0.314285714,1,1,51.57142857,12,3.5714
3,1,0,3,9,0,1,2,3,0.0,31,1.0,0,0.0,0.5,0,0,9.0,1,0.6667
9,4,0,2,13,36,0,2,9,2.0,52,0.0,0,0.921568627,0.555555556,1,1,4.777777778,1,0.8889
9,4,0,9,21,34,1,8,9,0.25,75,1.0,0,0.973544974,0.355555556,2,3,7.222222222,1,0.5556
5,6,0,6,42,6,2,5,3,0.75,206,1.0,1,0.993993994,1.0,2,4,39.4,2,1.0
4,1,0,2,7,0,1,1,3,0.222222222,62,1.0,0,0.0,0.666666667,0,0,13.75,3,1.75
11,1,1,1,18,15,1,0,11,0.5,102,1.0,0,0.0,0.431818182,0,0,8.090909091,1,0.9091
7,3,0,19,28,0,1,18,7,0.0,143,1.0,1,0.934210526,0.285714286,2,7,19.28571429,2,1.1429
10,6,0,7,47,19,4,5,4,0.592592593,254,1.0,1,0.987860395,0.271428571,2,2,23.8,4,1.3
8,3,0,15,36,0,1,15,5,0.642857143,135,1.0,1,0.777777778,0.357142857,1,1,15.375,2,0.875
30,3,0,6,61,347,1,6,29,0.868338558,349,1.0,0,0.866995074,0.166666667,1,5,10.26666667,2,0.9333
5,1,0,13,30,4,3,10,3,0.25,149,1.0,1,0.0,0.5,0,0,28.6,5,1.8
12,1,0,0,12,66,0,0,12,2.0,12,0.0,0,0.0,0.638888889,0,0,0.0,1,1.0
5,1,0,7,14,0,2,5,5,0.25,128,0.0,0,0.0,0.6,0,0,24.4,5,3.0
6,1,0,4,15,15,3,1,5,2.0,125,0.0,0,0.0,0.4,0,0,19.83333333,1,0.8333
7,1,0,4,32,17,0,4,2,0.666666667,155,0.0,1,0.0,0.277777778,0,0,20.85714286,2,1.0
6,1,0,14,6,15,14,0,6,2.0,6,0.0,0,0.0,0.375,0,0,0.0,1,1.0
4,1,0,5,4,6,4,1,4,2.0,4,0.0,0,0.0,0.875,0,0,0.0,1,1.0
2,2,0,9,6,1,3,6,1,1.0,54,0.0,0,0.947368421,0.666666667,1,2,24.5,1,0.5
2,3,0,3,7,1,1,3,2,2.0,23,0.0,0,0.96969697,1.0,0,0,10.5,1,0.5
30,1,0,0,88,177,0,0,24,0.882032668,887,0.736842105,9,0.0,0.126666667,0,0,27.93333333,4,1.2333
6,2,0,8,8,15,2,8,1,1.0,30,0.0,2,0.444444444,0.333333333,0,0,3.666666667,1,0.8333
4,1,0,2,18,6,2,0,3,2.0,102,0.0,0,0.0,0.25,0,0,24.5,2,1.0
22,1,0,13,70,229,13,0,21,0.976190476,681,1.0,0,0.0,0.172619048,0,0,29.86363636,8,2.6364
3,2,0,8,22,3,1,7,2,1.0,152,0.0,0,0.866666667,0.5,0,0,48.66666667,1,0.6667
5,1,0,1,6,0,1,0,5,0.25,32,1.0,0,0.0,0.533333333,1,1,5.2,2,0.8
0,1,0,4,0,0,2,2,0,2.0,0,0.0,0,0.0,0.0,0,0,0.0,0,0.0
6,2,0,7,15,5,6,2,5,0.866666667,68,0.333333333,0,0.428571429,0.4,1,1,9.333333333,1,0.6667
8,3,0,12,29,0,1,12,5,0.642857143,107,1.0,1,0.769230769,0.314285714,1,1,11.875,2,0.875
7,2,0,19,40,9,4,16,0,0.611111111,953,1.0,1,0.625,0.30952381,0,0,134.7142857,67,11.8571
3,2,2,3,7,0,2,1,2,0.5,32,1.0,0,0.75,0.666666667,0,0,9.0,1,0.6667
2,1,0,7,7,1,0,7,2,2.0,15,0.0,0,0.0,0.666666667,0,0,6.5,1,0.5
3,3,0,8,14,3,0,8,3,2.0,45,0.0,0,0.777777778,0.555555556,0,0,14.0,3,1.3333
17,4,0,7,81,40,4,3,10,0.823863636,1178,0.909090909,8,0.516129032,0.25,2,4,67.0,2,1.0
4,1,0,9,28,2,2,8,2,0.333333333,475,0.0,1,0.0,0.583333333,0,0,117.25,1,0.75
23,1,0,18,70,143,2,17,22,0.878787879,537,0.0,0,0.0,0.181818182,0,0,21.95652174,5,2.2174
7,5,0,5,17,0,1,4,5,0.777777778,107,1.0,0,0.848484848,0.476190476,2,5,13.85714286,5,1.2857
6,1,0,11,6,15,10,1,6,2.0,6,0.0,0,0.0,0.458333333,0,0,0.0,1,1.0
5,1,0,4,6,0,4,1,5,0.6875,82,0.0,1,0.0,0.666666667,0,0,13.8,0,0.0
3,1,0,6,3,3,2,4,3,1.5,5,0.0,0,0.0,0.583333333,0,0,0.0,1,1.0
6,1,0,11,13,15,0,11,6,2.0,35,0.0,0,0.0,0.361111111,0,0,4.833333333,1,0.8333
12,6,0,7,44,26,3,6,1,0.449197861,650,1.0,3,0.983823529,0.5,1,3,51.75,3,1.3333
71,1,0,103,186,2247,99,7,55,0.97244898,2193,0.571428571,0,0.0,0.127731092,0,0,29.49295775,18,1.5775
8,1,0,6,17,4,3,3,8,0.653061224,184,1.0,2,0.0,0.303571429,0,0,21.125,2,1.5
3,1,0,1,9,0,1,0,3,0.0,86,0.0,0,0.0,0.5,0,0,26.66666667,1,0.6667
5,2,10,24,17,10,14,10,4,2.0,56,0.0,0,0.931034483,0.44,1,4,10.2,1,0.8
12,1,0,15,38,20,10,8,1,0.666666667,235,1.0,0,0.0,0.202380952,0,0,18.33333333,8,2.0833
4,1,0,5,17,0,0,5,4,0.333333333,90,0.0,2,0.0,0.5,0,0,20.75,3,1.5
2,5,0,2,6,0,1,1,2,1.0,22,1.0,0,0.944444444,0.666666667,0,0,9.0,1,0.5
8,4,9,18,21,28,9,9,4,2.0,110,0.0,0,0.872727273,0.5,2,5,12.75,2,1.125
2,6,0,2,7,0,1,1,2,0.0,25,1.0,0,0.944444444,0.666666667,0,0,11.0,1,0.5
11,2,0,5,21,43,2,3,9,0.85,117,0.5,0,0.578947368,0.418181818,1,6,9.454545455,2,1.0
9,1,0,11,56,36,4,9,3,2.0,268,0.0,0,0.0,0.272727273,0,0,28.77777778,3,1.1111
1,1,0,0,1,0,0,0,1,2.0,1,0.0,0,0.0,1.0,0,0,0.0,1,1.0
11,3,0,8,22,27,2,6,7,0.633333333,98,1.0,0,0.771428571,0.283333333,1,4,7.636363636,3,1.0909
16,5,0,22,54,46,4,21,13,0.6,560,1.0,2,0.899280576,0.2,2,13,33.875,9,2.4375
351,1,0,51,443,41713,1,51,88,0.602857143,12200,0.538461538,8,0.0,0.126305793,0,0,33.72079772,18,2.8091
1,4,0,3,2,0,2,1,1,2.0,5,0.0,0,1.0,1.0,0,0,4.0,0,0.0
5,1,1,11,11,0,9,0,5,0.375,41,1.0,1,0.0,0.466666667,0,0,6.8,1,0.8
6,1,0,11,39,9,1,10,3,0.4,189,1.0,0,0.428571429,0.333333333,0,0,30.33333333,5,1.3333
3,1,0,5,10,0,3,2,3,0.166666667,41,0.0,2,0.0,0.5,0,0,11.66666667,1,0.6667
6,4,0,18,22,15,7,11,6,1.1,88,0.0,0,0.981900452,0.375,3,8,13.33333333,1,0.6667
3,2,0,1,5,3,0,1,3,2.0,12,0.0,0,0.956521739,0.666666667,1,2,3.0,1,0.3333
10,3,0,20,54,11,2,20,8,0.874074074,936,1.0,0,0.869565217,0.242857143,3,9,91.1,32,5.9
24,3,0,27,83,148,10,22,23,0.85770751,583,1.0,4,0.722891566,0.136363636,2,8,22.83333333,13,2.3333
15,1,0,19,60,103,16,5,12,0.918367347,760,0.0,0,0.0,0.160714286,0,0,49.2,11,3.2
9,1,4,8,11,20,6,2,0,0.825,77,1.0,3,0.0,0.518518519,0,0,7.0,1,0.8889
4,1,0,55,4,6,55,1,4,2.0,4,0.0,0,0.0,0.5,0,0,0.0,1,1.0
10,2,0,9,46,0,1,8,8,0.555555556,296,0.5,1,0.75,0.385714286,0,0,28.2,9,2.6
3,2,0,11,31,3,0,11,3,2.0,142,0.0,0,0.75,0.555555556,0,0,46.33333333,10,3.6667
6,3,0,10,12,0,1,9,5,0.2,49,1.0,0,0.918032787,0.333333333,1,3,7.0,2,1.1667
17,1,4,16,31,120,4,12,16,0.791666667,146,1.0,1,0.0,0.183823529,0,0,7.411764706,2,1.1176
19,1,9,20,31,131,11,9,18,0.909722222,181,0.875,5,0.0,0.210526316,0,0,8.105263158,4,1.4211
21,1,0,2,35,38,2,0,17,0.631818182,617,0.818181818,0,0.0,0.293650794,0,0,27.85714286,3,0.8571
5,2,0,11,33,6,1,10,1,0.625,204,0.0,0,0.818181818,0.433333333,1,1,39.4,1,0.8
2,1,0,3,2,1,2,2,2,2.0,2,0.0,0,0.0,1.0,0,0,0.0,1,1.0
10,2,0,11,29,0,5,7,8,0.666666667,178,1.0,0,0.4375,0.32,1,1,16.3,5,1.3
3,3,0,7,18,0,1,6,3,0.833333333,87,0.666666667,2,0.875,0.466666667,0,0,27.0,1,0.6667
1,1,0,6,1,0,4,2,1,2.0,1,0.0,0,0.0,1.0,0,0,0.0,1,1.0
3,2,0,11,14,1,2,10,2,0.875,134,0.0,2,0.9,0.555555556,1,3,42.33333333,1,0.6667
3,1,0,0,3,3,0,0,3,2.0,3,0.0,0,0.0,0.666666667,0,0,0.0,1,1.0
20,4,0,7,42,148,0,7,15,0.918660287,263,0.545454545,0,0.71641791,0.3875,2,3,11.6,6,1.4
2,4,2,7,4,1,2,5,2,1.0,17,0.0,1,1.0,0.875,0,0,7.0,0,0.0
3,1,0,0,3,3,0,0,3,2.0,3,0.0,0,0.0,0.611111111,0,0,0.0,1,1.0
16,1,3,13,38,80,6,7,12,0.876190476,334,0.857142857,0,0.0,0.285714286,0,0,19.4375,8,1.6875
4,2,0,1,6,0,0,1,4,0.333333333,22,1.0,0,0.666666667,0.583333333,0,0,4.25,1,0.5
3,3,0,7,8,3,2,5,3,1.5,24,0.0,0,0.952380952,0.555555556,1,1,6.666666667,1,0.6667
9,2,0,4,13,36,2,2,9,1.125,62,0.0,0,0.3,0.333333333,0,0,5.666666667,1,0.7778
4,1,0,74,4,6,74,1,4,2.0,4,0.0,0,0.0,0.5,0,0,0.0,1,1.0
9,2,1,21,10,36,20,6,1,2.0,28,0.0,0,0.6,0.314814815,0,0,2.111111111,1,0.8889
12,2,0,5,23,54,2,3,10,0.909090909,117,0.333333333,0,0.55,0.4,1,6,8.5,2,0.8333
5,2,0,11,24,10,1,10,1,1.0,309,0.0,0,0.818181818,0.333333333,1,1,60.4,4,2.0
16,1,0,3,17,78,2,1,16,0.533333333,172,1.0,0,0.0,0.291666667,0,0,9.5,9,1.625
2,1,0,40,2,1,40,0,2,2.0,2,0.0,0,0.0,1.0,0,0,0.0,1,1.0
8,2,0,3,12,22,1,3,7,0.885714286,102,0.8,0,0.583333333,0.35,1,2,11.125,1,0.625
10,1,0,0,22,45,0,0,9,2.0,81,0.0,0,0.0,0.25,0,0,7.1,2,1.1
4,1,0,6,16,4,1,6,4,0.333333333,82,0.0,0,0.0,0.416666667,0,0,19.25,3,1.25
2,1,6,22,3,1,22,0,2,2.0,5,0.0,0,0.0,0.666666667,0,0,1.5,1,0.5
4,1,0,8,5,6,7,1,4,2.0,16,0.0,0,0.0,0.875,0,0,3.0,1,0.75
3,2,0,5,6,3,1,4,3,2.0,18,0.0,0,0.5,0.666666667,0,0,5.0,1,0.6667
3,1,0,2,15,0,2,0,3,0.166666667,100,1.0,0,0.0,0.666666667,0,0,31.33333333,2,1.0
3,4,0,2,6,3,1,2,3,2.0,17,0.0,0,0.979166667,0.666666667,0,0,4.666666667,1,0.6667
13,1,0,22,30,0,15,8,11,0.416666667,267,0.333333333,0,0.0,0.285714286,0,0,19.30769231,7,2.3077
8,1,0,12,47,26,6,8,5,0.714285714,258,1.0,1,0.0,0.301587302,0,0,31.125,6,1.5
5,1,1,14,12,6,13,1,4,1.166666667,169,0.0,2,0.0,0.35,0,0,27.4,2,0.8
72,4,0,27,116,2338,11,18,65,0.96400626,900,1.0,6,0.523489933,0.206349206,1,1,11.125,8,1.4722
5,1,0,6,7,10,6,0,5,2.0,107,0.0,0,0.0,0.35,0,0,20.4,3,1.8
13,1,0,12,32,34,3,9,13,0.826388889,289,0.75,0,0.0,0.201923077,0,0,20.30769231,2,1.0769
31,4,4,29,104,347,4,25,20,0.861111111,1270,1.0,5,0.719626168,0.122983871,3,9,39.38709677,19,2.0
4,3,0,5,12,0,0,5,4,0.333333333,48,1.0,0,0.925,0.75,0,0,10.75,1,0.75
11,2,0,5,21,43,2,3,9,0.85,106,0.5,0,0.578947368,0.522727273,1,6,8.454545455,2,0.8182
2,1,0,2,2,1,1,1,2,2.0,2,0.0,0,0.0,0.75,0,0,0.0,1,1.0
4,4,0,3,8,6,0,3,4,1.0,32,1.0,1,0.969072165,0.583333333,0,0,6.75,2,1.0
17,2,0,11,74,34,1,10,12,0.818181818,592,0.727272727,2,0.423076923,0.166666667,2,4,33.17647059,2,0.9412
5,4,0,7,14,10,1,6,5,2.0,34,0.0,0,0.98136646,0.466666667,2,4,5.8,1,0.6
8,5,0,16,66,28,1,15,6,2.0,551,0.0,0,0.888888889,0.475,3,8,67.875,1,0.875
25,5,0,39,156,134,26,23,15,0.766666667,936,0.7,5,0.965976331,0.172619048,1,2,36.04,29,3.04
7,1,0,25,49,5,5,20,7,0.733333333,321,1.0,4,0.0,0.392857143,0,0,44.14285714,1,0.8571
2,2,0,11,11,1,5,6,1,2.0,53,0.0,0,0.947368421,0.625,0,0,25.5,1,0.5
13,2,0,6,24,64,3,3,10,0.85,172,0.8,0,0.5,0.307692308,1,3,11.84615385,2,1.0769
29,1,0,10,73,114,2,8,29,0.846428571,394,1.0,4,0.0,0.237068966,0,0,12.24137931,1,0.9655
5,1,0,2,6,10,1,1,5,2.0,13,0.0,0,0.0,0.8,0,0,1.6,1,0.8
7,2,2,3,8,9,2,1,7,0.666666667,40,1.0,0,0.333333333,0.642857143,0,0,4.428571429,2,1.1429
14,2,0,9,18,91,4,6,11,2.0,71,0.0,0,0.76,0.339285714,1,3,4.071428571,1,0.8571
3,3,0,0,4,1,0,0,2,0.5,1248,1.0,0,0.974358974,1.0,0,0,414.6666667,1,0.3333
3,4,0,2,7,3,0,2,3,2.0,19,0.0,0,0.979166667,0.666666667,0,0,5.333333333,1,0.6667
8,4,0,15,27,0,1,14,8,0.142857143,135,1.0,2,0.925531915,0.270833333,2,3,15.625,2,1.0
6,1,0,2,11,0,2,0,6,0.844444444,608,0.0,0,0.0,0.458333333,0,0,98.83333333,8,2.5
17,1,0,4,54,50,0,4,16,0.65625,569,1.0,0,0.0,0.196078431,0,0,32.23529412,14,1.8824
1,1,0,7,1,0,6,1,1,2.0,1,0.0,0,0.0,1.0,0,0,0.0,1,1.0
3,4,0,1,4,1,0,1,2,0.5,499,0.0,0,0.976190476,1.0,0,0,165.0,1,0.3333
7,1,0,2,10,13,0,2,2,0.861111111,99,0.75,2,0.0,0.571428571,0,0,11.42857143,1,0.8571
20,3,0,18,53,126,4,17,14,0.782894737,299,1.0,2,0.739130435,0.16,1,1,13.55,2,1.05
6,5,0,7,44,13,2,7,4,0.85,208,0.0,2,0.995139733,0.3,2,2,33.0,3,1.0
2,1,0,0,2,1,0,0,2,2.0,2,0.0,0,0.0,0.75,0,0,0.0,1,1.0
10,1,0,3,40,39,0,3,4,0.962962963,470,1.0,0,0.0,0.388888889,0,0,45.7,8,2.3
4,1,0,4,4,6,4,0,4,2.0,4,0.0,0,0.0,0.5,0,0,0.0,1,1.0
10,6,0,12,57,15,2,11,1,0.829059829,687,1.0,2,0.986725664,0.5,3,5,66.4,9,2.4
21,2,0,30,108,190,1,0,7,0.794444444,766,0.888888889,1,0.366666667,0.292857143,1,3,35.04761905,10,1.9524
2,1,0,4,2,1,4,2,2,2.0,2,0.0,0,0.0,1.0,0,0,0.0,1,1.0
5,6,0,16,36,10,1,15,4,2.0,186,0.0,0,0.941176471,0.5,2,8,36.2,1,0.8
1,4,3,4,2,0,4,0,1,2.0,7,1.0,0,1.0,1.0,0,0,5.0,0,0.0
8,2,0,5,15,26,1,4,7,0.785714286,56,1.0,1,0.4,0.285714286,0,0,5.75,1,0.75
31,3,0,29,119,277,19,15,19,0.744444444,900,1.0,0,0.552238806,0.207885305,1,5,27.83870968,16,2.5806
6,1,0,11,22,3,2,9,5,0.4,202,1.0,0,0.0,0.6,0,0,32.33333333,8,3.3333
5,4,0,8,37,6,0,8,3,0.65,253,0.4,0,0.941176471,0.4375,2,7,48.6,4,1.2
13,1,4,11,18,0,5,10,9,0.583333333,78,1.0,1,0.0,0.161538462,0,0,4.846153846,1,0.9231
3,1,0,9,3,3,6,3,3,2.0,3,0.0,0,0.0,0.933333333,0,0,0.0,1,1.0
22,2,0,8,35,169,5,3,20,0.946778711,316,0.352941176,0,0.366666667,0.443181818,1,6,12.59090909,2,0.9091
48,4,0,25,109,964,7,20,44,0.946301925,819,0.952380952,4,0.624,0.154166667,3,3,15.625,7,1.375
11,2,0,5,21,49,2,3,9,1.0,109,0.2,0,0.578947368,0.522727273,1,6,8.454545455,2,0.8182
3,1,0,5,5,0,2,3,3,0.0,173,1.0,0,0.0,0.6,0,0,56.0,1,0.6667
12,3,0,6,21,36,1,6,10,0.181818182,98,1.0,0,0.777777778,0.416666667,2,6,7.083333333,2,1.0833
8,2,0,2,19,0,1,1,8,0.657142857,183,1.0,0,0.932692308,0.35,0,0,21.25,5,1.625
3,6,0,3,17,1,1,2,3,0.5,263,1.0,0,0.997019374,1.0,2,4,84.0,5,2.0
4,2,0,7,8,6,2,6,4,2.0,27,0.0,0,0.926829268,0.4375,1,1,5.75,1,0.75
9,1,6,10,12,0,6,4,5,0.65,183,1.0,3,0.0,0.466666667,0,0,18.22222222,2,0.8889
3,1,0,6,8,3,2,4,2,2.0,24,0.0,0,0.0,0.5,0,0,7.0,1,0.6667
7,1,0,4,20,0,2,2,7,0.166666667,119,1.0,0,0.0,0.342857143,0,0,15.71428571,2,0.7143
1,1,0,0,2,0,0,0,1,2.0,9,0.0,0,0.0,1.0,0,0,3.0,0,0.0
10,1,0,8,20,9,7,1,10,0.666666667,148,1.0,0,0.0,0.475,0,0,13.5,2,1.2
14,2,0,7,26,57,3,4,12,0.769230769,195,0.666666667,0,0.5,0.482142857,1,6,12.71428571,2,0.8571
4,3,0,3,16,2,0,3,4,0.666666667,76,1.0,0,0.925,0.5,1,1,17.5,3,1.25
3,1,0,7,10,0,5,2,3,0.25,78,1.0,0,0.0,0.666666667,0,0,24.33333333,1,0.6667
7,1,1,8,19,21,4,4,7,1.0,70,1.0,1,0.0,0.785714286,0,0,8.857142857,4,1.2857
4,1,0,1,22,6,0,1,2,2.0,102,0.0,0,0.0,0.875,0,0,24.5,3,1.75
27,2,0,6,46,53,3,3,4,0.74009324,2106,1.0,2,0.257142857,0.209876543,1,2,75.77777778,9,1.4815
21,2,0,5,32,148,1,4,19,0.971052632,334,0.315789474,0,0.379310345,0.452380952,1,6,14.0,2,0.9048
6,1,0,9,17,9,1,8,4,0.685714286,188,1.0,2,0.0,0.5,0,0,29.16666667,1,0.5
4,3,0,5,9,4,0,5,3,0.666666667,30,1.0,0,0.666666667,0.666666667,0,0,6.25,1,0.5
1,1,1,8,2,0,4,4,1,2.0,28,0.0,4,0.0,1.0,0,0,21.0,0,0.0
23,3,0,15,88,201,0,15,19,0.847107438,541,1.0,1,0.627118644,0.144927536,2,2,22.04347826,13,2.1304
5,1,0,1,17,10,0,1,4,2.0,58,0.0,0,0.0,0.666666667,0,0,10.6,1,0.8
13,2,1,15,25,28,3,13,11,0.611111111,120,1.0,1,0.705882353,0.241758242,0,0,8.0,1,0.7692
5,7,0,4,50,2,1,3,4,0.611111111,533,1.0,0,0.99391172,0.4,0,0,103.8,7,3.0
8,1,0,27,8,28,25,2,8,2.0,8,0.0,0,0.0,0.3,0,0,0.0,1,1.0
5,2,0,2,7,10,1,2,5,1.1,41,0.8,0,0.7,0.6,1,2,6.2,1,0.6
3,1,0,34,3,3,33,2,3,2.0,3,0.0,0,0.0,0.555555556,0,0,0.0,1,1.0
31,1,0,41,149,327,4,39,12,0.853968254,3124,1.0,7,0.0,0.163306452,0,0,99.09677419,41,5.7097
2,4,1,9,14,1,2,7,1,2.0,50,0.0,0,0.995260664,0.625,2,2,24.0,1,0.5
13,1,0,29,148,78,0,0,1,0.972222222,1407,0.333333333,0,0.0,0.192307692,0,0,107.0,8,2.3077
4,1,0,13,31,4,4,9,2,0.833333333,185,0.5,0,0.0,0.333333333,0,0,44.75,11,3.0
5,3,0,3,18,4,0,3,3,0.5,76,0.0,0,0.916666667,0.36,1,7,14.0,4,1.2
2,2,0,3,4,1,0,3,2,2.0,11,0.0,0,1.0,0.833333333,0,0,4.5,0,0.0
5,2,0,9,10,10,5,6,5,2.0,53,0.0,0,0.909090909,0.4,1,1,9.6,1,0.6
2,3,0,4,4,1,1,3,2,2.0,14,0.0,0,0.976190476,0.75,1,1,5.5,1,0.5
13,2,1,14,17,66,10,4,13,0.75,95,1.0,1,0.476190476,0.461538462,0,0,6.230769231,4,1.3846
4,1,0,71,4,6,71,0,4,2.0,4,0.0,0,0.0,0.583333333,0,0,0.0,1,1.0
4,1,0,10,49,0,0,10,4,0.0,492,1.0,2,0.0,0.5625,0,0,121.0,8,2.0
25,3,0,8,51,190,2,6,23,2.0,393,0.0,0,0.875647668,0.373333333,2,16,14.72,1,0.96
13,1,1,7,23,34,2,5,12,0.847222222,106,1.0,2,0.0,0.21978022,0,0,6.692307692,2,1.0
5,6,0,5,28,0,2,4,1,0.708333333,337,1.0,0,0.993993994,0.5,2,4,64.0,3,1.6
1,1,0,0,1,0,0,0,1,2.0,1,0.0,0,0.0,1.0,0,0,0.0,1,1.0
2,2,0,9,6,1,3,6,1,1.0,54,0.0,0,0.947368421,0.666666667,1,2,24.5,1,0.5
25,2,0,8,45,0,3,5,23,0.694444444,181,0.666666667,2,0.314285714,0.182222222,1,4,6.12,2,1.12
8,1,13,15,9,12,13,2,0,0.761904762,65,1.0,2,0.0,0.354166667,0,0,6.75,3,1.25
19,5,0,20,83,105,8,17,4,0.822222222,477,1.0,3,0.973174367,0.336842105,2,5,23.57894737,10,1.4211
11,6,0,11,64,27,6,9,1,0.775,595,1.0,0,0.984871407,0.363636364,0,0,52.36363636,12,1.9091
11,2,0,6,20,35,2,4,9,0.8,113,0.0,0,0.55,0.257575758,1,4,9.090909091,2,1.0909
5,1,0,2,7,4,2,0,0,0.5,39,1.0,0,0.0,0.7,0,0,6.2,1,0.6
3,2,0,3,5,3,0,0,1,1.0,18,0.0,1,0.8,0.75,1,1,4.666666667,1,0.3333
3,1,0,0,3,3,0,0,3,2.0,3,0.0,0,0.0,1.0,0,0,0.0,1,1.0
3,3,0,4,8,3,1,4,2,1.5,30,0.0,0,0.972222222,0.5,1,2,8.333333333,1,0.3333
3,1,0,13,3,3,11,2,3,2.0,3,0.0,0,0.0,0.833333333,0,0,0.0,1,1.0
13,1,0,2,24,8,1,2,9,0.6875,374,1.0,4,0.0,0.307692308,0,0,27.15384615,11,4.1538
3,1,0,11,21,3,1,11,1,2.0,119,0.0,0,0.0,0.555555556,0,0,38.66666667,16,6.0
3,1,0,3,8,0,3,0,3,0.0,32,0.0,0,0.0,0.666666667,0,0,9.333333333,1,0.6667
13,1,0,2,27,0,1,1,13,0.694444444,168,0.0,1,0.0,0.4,0,0,11.69230769,6,1.6923
26,1,0,16,34,257,12,4,23,0.956923077,196,0.615384615,1,0.0,0.194285714,0,0,6.038461538,3,1.2692
3,2,0,5,17,0,1,5,1,0.25,131,0.0,3,0.968253968,0.555555556,0,0,41.33333333,6,2.6667
5,2,0,8,12,0,4,6,5,0.25,54,1.0,0,0.909090909,0.433333333,0,0,9.6,1,0.6
15,3,11,20,48,101,16,6,10,0.821428571,280,1.0,2,0.933333333,0.348148148,0,0,17.53333333,1,0.9333
2,2,0,6,9,1,1,5,2,2.0,33,0.0,0,0.958333333,1.0,0,0,15.5,1,0.5
10,2,0,6,19,39,2,4,8,0.925925926,91,0.333333333,0,0.578947368,0.32,1,4,7.8,2,0.9
4,2,0,5,7,4,4,1,2,0.888888889,45,0.333333333,3,0.857142857,0.444444444,1,1,9.5,1,0.5
12,1,0,0,12,66,0,0,12,2.0,12,0.0,0,0.0,0.5,0,0,0.0,1,1.0
2,1,0,6,23,1,3,4,2,2.0,265,0.0,0,0.0,0.5,0,0,131.5,1,0.5
1,1,0,7,1,0,5,2,1,2.0,1,0.0,0,0.0,1.0,0,0,0.0,1,1.0
6,1,2,16,14,13,16,0,5,0.8,58,0.0,0,0.0,0.6,0,0,8.5,1,0.6667
8,2,0,3,36,0,1,2,7,0.5,203,1.0,1,0.829268293,0.25,1,6,24.125,6,1.625
20,1,0,8,39,190,1,7,13,2.0,433,0.0,0,0.0,0.2,0,0,20.65,6,1.7
11,1,0,16,52,43,1,15,1,0.5,248,1.0,0,0.470588235,0.4,1,4,21.45454545,10,1.9091
16,3,0,3,40,84,1,2,16,0.658333333,604,1.0,2,0.580645161,0.291666667,2,7,36.25,1,0.8125
47,2,0,9,63,167,3,6,45,0.87173913,741,0.95,12,0.196428571,0.25177305,1,4,14.34042553,3,1.0213
6,1,6,15,10,9,14,1,4,0.6,31,1.0,0,0.0,0.5,0,0,4.0,1,0.8333
45,1,0,44,85,820,39,7,29,0.636363636,1940,0.25,2,0.0,0.089712919,1,1,42.02222222,14,2.8
5,1,0,1,24,10,1,0,5,2.0,206,0.0,0,0.0,0.3,0,0,40.2,6,3.0
13,1,0,5,49,64,3,2,0,0.916666667,699,0.833333333,0,0.0,0.3125,0,0,52.30769231,16,2.4615
37,5,0,45,139,484,24,31,14,0.897569444,775,0.625,5,0.947750363,0.122850123,3,12,19.51351351,6,1.5135
18,1,0,44,64,147,40,4,17,0.823529412,404,1.0,0,0.0,0.135294118,1,1,21.38888889,6,2.6667
18,5,0,11,33,125,2,9,15,0.858823529,160,1.0,1,0.729166667,0.287037037,1,1,7.611111111,2,0.7778
2,1,0,3,11,1,1,2,2,2.0,54,0.0,0,0.0,0.666666667,0,0,26.0,6,3.0
4,2,0,13,14,6,4,9,2,2.0,113,0.0,0,0.857142857,0.6,1,1,27.25,1,0.75
5,1,1,3,6,10,1,2,5,2.0,13,0.0,0,0.0,0.48,0,0,1.6,1,0.8
0,1,0,1,0,0,1,0,0,2.0,0,0.0,0,0.0,0.0,0,0,0.0,0,0.0
4,1,0,3,5,4,1,2,3,0.666666667,17,1.0,1,0.0,0.5,0,0,3.0,1,0.5
11,2,4,11,20,0,6,6,11,0.65,89,0.5,1,0.75,0.227272727,1,7,6.909090909,3,1.3636
6,1,0,6,9,15,4,3,6,2.0,34,0.0,0,0.0,0.555555556,0,0,4.666666667,2,1.0
6,4,0,7,19,15,2,5,5,1.133333333,80,0.333333333,0,0.909090909,0.314285714,0,0,11.83333333,1,0.5
1,1,0,31,1,0,31,1,1,2.0,1,0.0,0,0.0,1.0,0,0,0.0,1,1.0
4,2,0,2,8,4,0,2,2,0.666666667,31,1.0,1,0.666666667,0.5,0,0,6.5,1,0.5
11,1,0,1,15,0,1,0,11,0.45,286,1.0,0,0.0,0.606060606,0,0,24.63636364,4,2.1818
2,4,0,6,15,1,0,6,2,2.0,74,0.0,0,0.979591837,0.75,1,6,35.5,1,0.5
9,1,0,13,13,12,11,2,9,0.75,47,1.0,2,0.0,0.333333333,0,0,3.888888889,1,0.8889
2,1,0,1,10,1,0,1,2,2.0,42,0.0,0,0.0,0.75,0,0,20.0,4,2.0
38,4,0,19,117,581,1,19,28,0.86977887,1628,0.545454545,1,0.717557252,0.142857143,2,18,41.55263158,42,4.6316
12,1,0,4,44,64,2,2,0,0.981818182,586,1.0,0,0.0,0.318181818,0,0,47.41666667,8,1.8333
12,2,0,5,24,46,1,4,10,0.818181818,141,0.5,0,0.55,0.5,1,6,10.58333333,2,0.8333
4,2,0,4,15,0,1,3,4,0.333333333,109,1.0,0,0.75,0.5,0,0,25.75,1,0.75
9,2,0,9,23,36,9,9,0,2.0,82,0.0,0,0.529411765,0.444444444,0,0,8.111111111,1,0.8889
5,1,5,12,11,8,11,1,5,0.75,59,1.0,0,0.0,0.7,0,0,10.6,5,1.6
5,1,0,2,22,8,1,1,5,0.5,97,1.0,0,0.0,0.4,0,0,18.2,1,0.6
3,1,0,2,15,3,1,1,0,2.0,63,0.0,0,0.0,0.5,0,0,20.0,1,0.6667
5,2,0,5,28,2,1,4,4,0.5625,199,1.0,0,0.935483871,0.466666667,1,7,38.0,8,2.2
4,1,0,3,25,4,1,2,1,0.333333333,183,1.0,0,0.0,0.583333333,0,0,44.25,3,1.25
4,3,0,19,27,6,1,18,3,2.0,161,0.0,0,0.949152542,0.4,1,4,39.25,5,1.75
2,1,0,3,3,1,1,2,2,2.0,7,0.0,0,0.0,0.666666667,0,0,2.5,1,0.5
5,1,0,1,16,4,0,1,5,0.0,62,1.0,0,0.0,0.6,0,0,11.2,2,1.0
3,1,0,1,4,1,1,0,3,0.5,14,1.0,0,0.0,0.666666667,0,0,3.333333333,1,0.6667
19,2,0,8,35,77,1,7,17,0.759259259,304,0.833333333,1,0.392857143,0.254385965,1,4,14.68421053,2,0.9474
1,1,0,2,2,0,2,0,1,2.0,20,0.0,0,0.0,1.0,0,0,15.0,0,0.0
22,3,2,27,47,189,22,11,22,0.952380952,182,0.727272727,4,0.903225806,0.181818182,2,14,6.772727273,1,0.9545
5,1,0,6,14,0,5,1,4,1.159090909,205,0.136363636,0,0.0,0.5,0,0,35.6,9,2.2
3,4,0,2,7,3,1,2,3,2.0,19,0.0,0,0.979166667,0.666666667,0,0,5.333333333,1,0.6667
3,2,0,8,16,3,1,7,2,2.0,44,0.0,0,0.875,0.75,0,0,13.66666667,1,0.3333
10,4,0,7,17,13,1,6,10,0.555555556,82,1.0,1,0.962365591,0.375,1,1,7.0,2,0.8
50,1,1,15,105,711,2,13,3,0.850863422,3171,0.076923077,0,0.0,0.194285714,0,0,61.64,55,2.48
18,1,0,0,20,3,0,0,10,0.329411765,830,1.0,0,0.0,0.685185185,0,0,44.83333333,8,3.1111
6,1,0,7,22,3,1,6,6,0.75,111,1.0,2,0.0,0.333333333,0,0,16.83333333,1,0.8333
7,6,3,3,28,19,3,0,1,0.833333333,202,1.0,0,0.992138365,0.291666667,2,3,27.71428571,3,1.5714
20,1,0,15,22,8,15,0,13,0.552631579,901,1.0,0,0.0,0.875,0,0,43.55,8,2.95
17,1,0,5,17,136,4,1,17,2.0,17,0.0,0,0.0,0.394957983,0,0,0.0,1,1.0
1,1,0,3,1,0,1,2,1,2.0,1,0.0,0,0.0,1.0,0,0,0.0,1,1.0
17,1,0,7,71,14,2,5,16,0.866071429,569,0.285714286,1,0.0,0.163398693,1,1,31.64705882,8,1.5294
5,1,1,1,6,10,1,0,5,2.0,12,0.0,0,0.0,0.9,0,0,1.4,1,0.8
2,3,0,4,4,1,1,3,2,2.0,13,0.0,0,0.976190476,0.75,1,1,5.5,1,0.5
14,1,0,23,44,29,11,13,14,0.769230769,546,1.0,0,0.0,0.206349206,0,0,37.64285714,4,1.8571
3,2,0,11,10,3,4,7,2,2.0,79,0.0,0,0.9,0.533333333,1,1,25.33333333,1,0.6667
21,2,0,21,38,170,17,4,21,0.6625,224,1.0,1,0.333333333,0.253968254,1,9,9.476190476,1,0.7619
1,1,1,19,2,0,19,0,1,2.0,12,0.0,0,0.0,1.0,0,0,9.0,0,0.0
5,2,0,6,11,0,3,3,1,0.25,60,1.0,1,0.666666667,0.45,1,2,10.8,1,0.8
5,3,0,3,9,8,1,2,4,0.0,50,1.0,0,0.75,0.533333333,1,2,8.8,2,0.8
22,1,1,14,56,197,4,10,16,0.813852814,378,0.545454545,1,0.0,0.369047619,0,0,15.68181818,4,1.0455
9,2,0,9,23,36,9,9,0,2.0,82,0.0,0,0.529411765,0.444444444,0,0,8.111111111,1,0.8889
8,1,0,52,8,28,49,3,8,2.0,8,0.0,0,0.0,1.0,0,0,0.0,1,1.0
10,2,0,9,38,15,0,0,8,0.694444444,197,1.0,0,0.5,0.4,0,0,18.3,7,1.6
4,1,0,5,4,6,4,1,4,2.0,4,0.0,0,0.0,0.583333333,0,0,0.0,1,1.0
7,1,0,4,7,21,2,2,7,2.0,7,0.0,0,0.0,1.0,0,0,0.0,1,1.0
4,2,1,6,21,0,1,6,4,0.333333333,196,1.0,1,0.823529412,0.5,1,4,47.75,16,4.5
6,1,0,1,16,0,0,1,5,0.733333333,88,1.0,0,0.0,0.333333333,0,0,13.16666667,1,0.6667
13,1,0,2,27,0,1,1,13,0.694444444,168,0.0,1,0.0,0.4,0,0,11.69230769,6,1.6923
42,2,0,20,115,703,14,8,25,0.881899872,1369,0.684210526,1,0.478873239,0.176829268,1,5,31.14285714,12,1.9286
8,2,0,8,39,24,2,7,5,0.857142857,193,1.0,2,0.695652174,0.375,0,0,22.875,1,0.875
11,2,0,7,20,35,3,4,9,0.8,113,0.5,0,0.55,0.257575758,1,4,9.090909091,2,1.0909
21,1,0,6,54,98,3,6,9,0.765,509,1.0,5,0.0,0.204081633,0,0,22.76190476,3,1.2857
16,1,0,52,31,0,52,2,12,1.024836601,470,0.049019608,0,0.0,0.411111111,0,0,22.0,3,0.6875
19,3,0,64,101,119,2,64,13,0.85,1465,0.8,4,0.756756757,0.23923445,1,3,75.57894737,9,3.0526
6,3,0,11,23,1,4,7,5,0.8,95,0.666666667,2,0.882352941,0.6,0,0,14.33333333,3,1.3333
33,1,0,70,121,440,54,22,25,0.860119048,1095,0.80952381,7,0.0,0.110576923,0,0,31.54545455,11,1.9697
3,1,0,16,65,3,5,0,2,2.0,877,0.0,0,0.0,0.416666667,0,0,291.3333333,4,1.6667
55,1,0,59,148,1039,45,21,45,0.778867102,1684,0.117647059,5,0.0,0.126361656,0,0,29.30909091,32,1.6
7,1,3,15,11,21,9,6,5,1.0,29,1.0,0,0.0,0.349206349,0,0,2.857142857,1,0.8571
24,2,6,27,55,30,13,14,20,0.652173913,207,1.0,1,0.568627451,0.128472222,1,3,7.5,2,0.9583
23,3,0,18,60,191,4,16,18,0.850649351,312,1.0,1,0.814814815,0.202020202,1,5,12.26086957,2,0.913
5,2,0,4,10,8,1,4,5,0.875,34,0.5,0,0.9,0.4,0,0,5.4,1,0.6
3,1,0,16,7,3,11,5,3,2.0,47,0.0,0,0.0,0.416666667,0,0,14.66666667,5,2.3333
18,1,0,10,56,137,0,10,15,0.935294118,319,1.0,0,0.0,0.176470588,0,0,16.16666667,3,1.0556
10,1,0,6,30,3,1,6,0,0.611111111,807,0.5,3,0.0,0.3125,0,0,79.1,11,2.8
7,1,0,3,26,0,1,2,7,0.5,218,1.0,0,0.0,0.476190476,0,0,29.57142857,5,2.2857
3,4,0,1,4,1,0,1,2,0.5,614,0.0,0,0.976190476,1.0,0,0,203.3333333,1,0.3333
6,1,0,2,11,3,1,1,6,0.6,51,1.0,0,0.0,0.666666667,0,0,7.166666667,1,0.8333
8,1,0,6,8,28,6,0,8,2.0,8,0.0,0,0.0,0.325,0,0,0.0,1,1.0
36,1,0,16,52,562,12,4,35,0.932653061,271,1.0,1,0.0,0.21031746,0,0,6.138888889,3,1.0833
6,1,0,40,6,15,37,4,6,2.0,6,0.0,0,0.0,0.416666667,0,0,0.0,1,1.0
1,1,0,12,2,0,10,2,1,2.0,16,0.0,1,0.0,1.0,0,0,12.0,0,0.0
16,3,0,8,33,48,1,8,14,0.4,188,1.0,0,0.621621622,0.2625,2,7,10.6875,4,1.3125
17,1,0,6,29,90,2,5,17,0.8125,167,1.0,0,0.0,0.382352941,0,0,8.470588235,1,0.8824
12,1,0,13,56,66,1,12,9,0.909090909,338,0.0,0,0.0,0.208333333,0,0,27.0,5,2.0
6,4,0,4,23,5,0,4,1,0.5,102,1.0,0,0.9,0.6,2,2,15.66666667,2,0.8333
7,3,0,24,34,0,1,23,7,0.0,168,1.0,1,0.934210526,0.285714286,2,7,22.85714286,2,1.1429
18,3,1,21,43,55,5,16,17,0.623529412,276,0.8,2,0.825581395,0.201388889,2,23,14.05555556,9,1.6111
2,5,0,8,6,0,7,1,2,1.0,21,1.0,0,0.944444444,0.75,0,0,8.5,1,0.5
6,3,0,3,18,0,0,3,6,0.64,128,1.0,0,0.880952381,0.555555556,2,2,19.5,1,0.8333
8,6,0,9,68,8,3,8,1,0.814285714,457,1.0,1,0.98964497,0.5,5,6,54.875,7,2.375
4,2,0,4,17,4,1,4,4,0.5,94,0.0,0,0.769230769,0.4,1,1,22.0,4,1.5
4,6,0,10,16,6,0,10,3,2.0,113,0.0,0,0.955223881,0.5,2,8,27.25,1,0.75
1,1,0,5,1,0,2,3,1,2.0,1,0.0,0,0.0,1.0,0,0,0.0,1,1.0
8,7,0,12,41,22,2,11,7,0.542857143,212,1.0,3,0.994206257,0.46875,1,1,24.875,8,1.5
10,5,0,21,52,39,4,18,6,1.022222222,304,0.0,1,0.963709677,0.333333333,3,7,28.9,5,1.7
2,8,0,4,4,1,2,2,1,2.0,12,0.0,0,1.0,0.833333333,0,0,5.0,0,0.0
7,2,0,3,10,21,3,1,7,2.0,54,0.0,0,0.7,0.5,1,2,6.714285714,1,0.8571
15,3,0,15,38,37,3,14,10,0.589285714,217,1.0,4,0.647058824,0.314285714,1,1,13.2,5,1.4
3,2,0,5,11,0,1,4,0,0.0,87,0.0,1,0.777777778,0.444444444,1,2,27.33333333,7,3.0
8,2,0,6,25,0,1,5,8,0.476190476,195,1.0,2,0.65,0.34375,1,5,22.625,6,1.625
7,2,0,2,8,21,1,2,7,1.166666667,32,0.5,0,0.583333333,0.428571429,1,2,3.285714286,1,0.7143
11,5,0,12,38,1,5,7,11,0.84,394,0.5,0,0.791666667,0.215909091,1,4,33.90909091,8,2.7273
9,1,0,9,22,18,7,2,3,1.028846154,366,0.153846154,1,0.0,0.317460317,0,0,38.22222222,17,4.6667
26,1,1,14,86,315,9,5,23,0.884444444,1122,0.888888889,6,0.0,0.22,0,0,41.80769231,40,5.0
5,1,0,0,5,10,0,0,5,2.0,5,0.0,0,0.0,0.7,0,0,0.0,1,1.0
6,2,0,14,38,1,1,13,5,0.6,297,1.0,1,0.642857143,0.361111111,0,0,47.66666667,5,1.6667
17,3,0,18,53,86,4,18,14,0.892045455,348,1.0,2,0.698113208,0.155080214,1,1,18.82352941,8,2.2353
3,1,0,5,6,3,4,2,3,2.0,13,0.0,0,0.0,0.555555556,0,0,3.333333333,1,0.6667
2,0,0,5,10,1,1,4,2,2.0,58,0.0,0,0.0,0.75,0,0,28.0,1,0.5
6,4,0,3,13,15,0,3,6,2.0,37,0.0,0,0.984293194,0.444444444,2,2,5.166666667,1,0.5
2,1,0,5,2,1,5,0,2,2.0,2,0.0,0,0.0,1.0,0,0,0.0,1,1.0
4,4,0,2,8,6,2,0,4,2.0,20,0.0,0,1.0,0.666666667,0,0,4.0,0,0.0
3,1,0,3,8,0,3,0,3,0.0,32,0.0,0,0.0,0.666666667,0,0,9.333333333,1,0.6667
6,1,0,6,7,15,1,5,6,2.0,14,0.0,0,0.0,0.361111111,0,0,1.333333333,1,0.8333
29,1,0,14,73,116,2,12,29,0.857142857,462,1.0,3,0.0,0.237068966,0,0,14.51724138,2,1.0
12,6,0,12,42,44,10,9,3,0.883116883,211,1.0,1,0.983383686,0.236111111,0,0,16.0,2,1.0
6,3,0,6,15,13,1,6,4,0.4,54,1.0,1,0.791666667,0.444444444,1,1,7.833333333,1,0.8333
6,3,0,2,19,15,2,0,4,1.12,184,0.0,0,0.8125,0.5,1,1,28.83333333,14,2.8333
12,1,0,12,41,0,10,2,9,0.666666667,275,0.0,0,0.0,0.090909091,0,0,21.66666667,6,2.25
3,1,0,3,11,3,1,2,2,2.0,41,0.0,0,0.0,0.666666667,0,0,12.66666667,2,1.0
6,1,0,4,6,15,4,1,6,2.0,6,0.0,0,0.0,1.0,0,0,0.0,1,1.0
5,1,0,10,15,2,1,9,4,0.5,68,1.0,1,0.0,0.342857143,0,0,12.2,1,0.8
15,1,0,12,69,39,0,12,12,0.932539683,614,1.0,1,0.0,0.342857143,0,0,38.73333333,10,2.7333
3,1,0,3,12,3,3,0,3,2.0,90,0.0,0,0.0,0.333333333,1,1,29.0,8,5.0
7,1,0,9,7,21,8,1,7,2.0,7,0.0,0,0.0,1.0,0,0,0.0,1,1.0
3,4,0,1,4,1,0,1,2,1.423076923,3769,0.0,0,0.976190476,1.0,0,0,1251.0,1,0.3333
9,2,0,4,13,36,2,2,9,1.125,62,0.0,0,0.3,0.333333333,0,0,5.666666667,1,0.7778
7,4,0,6,13,19,1,5,7,0.333333333,46,1.0,0,0.972826087,0.476190476,1,2,5.428571429,1,0.7143
3,4,0,9,29,3,2,9,2,2.0,107,0.0,0,0.990566038,0.666666667,1,1,34.66666667,1,0.6667
5,2,0,8,16,10,4,4,5,2.0,50,0.0,0,0.555555556,0.5,0,0,9.0,1,0.8
1,1,0,0,1,0,0,0,1,2.0,1,0.0,0,0.0,1.0,0,0,0.0,1,1.0
35,2,0,23,60,523,4,23,33,0.92081448,339,1.0,1,0.29787234,0.152941176,1,1,8.314285714,2,0.9714
18,3,1,24,81,79,5,20,17,0.735294118,474,0.5,1,0.920187793,0.136752137,2,6,25.11111111,4,1.2778
2,2,0,7,9,1,0,7,2,2.0,20,0.0,0,0.875,0.75,0,0,9.0,1,0.5
16,2,0,8,19,114,4,6,12,0.8,90,1.0,1,0.65,0.2875,1,3,4.5625,1,0.875
5,1,0,8,11,8,3,5,5,0.25,39,1.0,0,0.0,0.7,0,0,6.6,1,0.8
6,2,0,4,15,0,3,1,6,0.0,58,1.0,0,0.692307692,0.5,0,0,8.5,1,0.6667
7,2,0,12,30,7,0,12,3,0.777777778,128,0.666666667,0,0.166666667,0.416666667,0,0,16.85714286,3,1.0
6,2,0,4,17,3,1,3,4,0.2,102,1.0,0,0.571428571,0.611111111,0,0,15.83333333,2,0.6667
13,1,0,8,36,58,1,7,13,0.791666667,191,1.0,2,0.0,0.201923077,0,0,13.38461538,1,0.9231
3,2,0,5,7,1,1,4,3,0.5,29,1.0,0,0.818181818,0.666666667,0,0,8.333333333,1,0.6667
53,1,1,37,119,1112,28,9,28,0.842657343,1739,1.0,2,0.0,0.244505495,0,0,31.39622642,23,2.8113
5,1,0,19,12,4,17,2,5,0.25,55,1.0,0,0.0,0.533333333,0,0,9.8,1,0.6
18,1,4,14,42,113,7,7,12,0.890756303,356,0.857142857,0,0.0,0.268907563,0,0,18.38888889,11,1.7778
9,1,0,7,29,12,5,2,8,0.625,581,1.0,0,0.0,0.416666667,0,0,63.22222222,7,2.5556
4,5,0,5,12,0,1,4,2,0.636363636,179,1.0,0,0.989528796,0.55,1,1,41.0,1,0.5
13,6,0,10,68,42,2,10,1,0.796296296,512,1.0,5,0.982378855,0.5,3,5,37.69230769,9,2.1538
7,5,2,8,24,21,2,7,2,1.166666667,155,0.0,0,0.9765625,0.371428571,2,4,21.0,12,2.0
10,3,0,18,41,0,0,18,9,0.62962963,362,0.666666667,2,0.898734177,0.26984127,2,9,34.6,8,2.4
4,2,0,6,11,2,0,6,3,0.666666667,49,1.0,0,0.6,0.666666667,0,0,10.75,3,1.0
9,1,6,11,12,28,6,0,9,0.75,45,1.0,1,0.0,0.333333333,0,0,3.777777778,1,0.7778
10,1,28,67,14,35,66,2,10,0.740740741,75,1.0,2,0.0,0.32,0,0,6.2,3,1.1
5,1,0,2,22,8,1,0,5,0.5,97,1.0,0,0.0,0.4,0,0,18.2,1,0.6
20,2,0,12,42,148,2,12,18,0.921052632,214,1.0,0,0.4375,0.190789474,1,1,9.2,1,0.9
25,6,0,9,75,258,4,8,8,0.818181818,530,1.0,3,0.96731055,0.152727273,1,1,19.76,8,1.64
5,2,0,2,6,10,1,1,4,2.0,15,0.0,0,0.5,1.0,1,2,2.0,1,0.8
1,1,0,4,2,0,4,0,0,2.0,88,0.0,0,0.0,0.0,0,0,49.0,0,0.0
9,2,1,7,25,6,2,5,6,0.25,130,1.0,0,0.466666667,0.361111111,1,1,13.33333333,2,1.0
2,3,0,4,4,0,1,4,2,0.0,16,1.0,1,0.985915493,0.666666667,1,1,6.5,1,0.5
8,2,0,3,25,0,1,2,6,0.714285714,139,1.0,2,0.730769231,0.35,1,1,15.875,1,0.875
6,2,0,5,14,0,2,3,1,0.2,154,1.0,2,0.615384615,0.416666667,1,2,24.33333333,1,0.8333
3,4,0,1,4,1,0,1,2,0.5,595,0.0,0,0.976190476,1.0,0,0,197.0,1,0.3333
0,1,0,0,0,0,0,0,0,2.0,0,0.0,0,0.0,0.0,0,0,0.0,0,0.0
13,1,0,57,28,0,56,2,13,0.0,161,1.0,0,0.0,0.487179487,0,0,11.30769231,2,1.0769
36,1,0,5,52,282,1,4,7,0.720300752,3060,0.210526316,1,0.0,0.405714286,0,0,83.47222222,112,7.6389
7,1,0,15,56,9,4,11,5,0.722222222,743,1.0,0,0.0,0.166666667,0,0,104.7142857,8,2.0
2,3,0,9,16,1,1,9,2,2.0,113,0.0,0,0.933333333,0.583333333,0,0,55.5,9,4.5
7,4,0,3,10,21,0,3,7,2.0,39,0.0,0,0.931818182,0.571428571,1,6,4.571428571,1,0.8571
7,1,0,6,7,21,5,1,7,2.0,7,0.0,0,0.0,1.0,0,0,0.0,1,1.0
13,1,0,9,49,14,0,9,10,0.483333333,680,0.066666667,0,0.0,0.1875,0,0,50.15384615,9,1.5385
18,2,0,5,31,91,1,4,16,0.776470588,303,0.8,0,0.423076923,0.458333333,1,6,15.55555556,2,0.8889
5,1,0,2,10,8,0,2,5,0.5,57,1.0,0,0.0,0.3,0,0,10.2,2,1.0
4,1,0,0,10,4,0,0,3,0.333333333,114,0.0,0,0.0,0.333333333,0,0,27.25,4,1.5
7,4,0,2,12,21,0,2,7,2.0,39,0.0,0,0.94,0.428571429,0,0,4.571428571,1,0.8571
5,2,0,7,69,8,1,7,2,1.0,379,1.0,0,0.857142857,0.416666667,0,0,74.4,12,3.2
6,3,0,8,32,9,0,8,4,0.8,194,1.0,1,0.902439024,0.35,2,2,30.83333333,10,2.1667
2,5,0,5,7,1,0,5,2,2.0,36,0.0,0,0.98245614,0.75,1,6,17.0,1,0.5
7,1,0,1,9,13,1,0,6,1.083333333,720,1.0,0,0.0,0.25,0,0,100.1428571,11,3.5714
4,2,0,3,7,4,2,1,2,0.962962963,111,0.111111111,9,0.857142857,0.444444444,1,1,24.5,1,0.5
9,1,0,12,41,30,1,11,1,0.625,186,1.0,0,0.5,0.416666667,1,4,19.55555556,9,1.7778
4,3,0,4,7,0,1,4,3,0.333333333,28,1.0,0,0.884615385,0.4375,1,1,5.75,1,0.75
15,2,1,19,50,0,2,18,13,0.476190476,557,1.0,1,0.611111111,0.251851852,1,5,35.93333333,6,1.2667
1,1,0,0,2,0,0,0,0,2.0,4,0.0,0,0.0,1.0,0,0,3.0,0,0.0
11,2,1,13,29,53,10,3,11,0.8,125,1.0,0,0.705882353,0.327272727,1,5,10.27272727,4,1.4545
122,3,0,16,346,0,2,15,119,0.80755608,1640,1.0,3,0.63190184,0.13553719,1,18,12.3852459,2,1.7541
23,3,0,57,107,69,4,55,22,0.804545455,948,0.9,4,0.76344086,0.204968944,2,8,39.7826087,10,2.8261
3,5,0,5,4,0,2,3,3,0.5,21,1.0,2,0.894736842,0.5,0,0,5.333333333,1,0.6667
2,1,0,5,5,1,2,3,2,2.0,9,0.0,0,0.0,0.666666667,0,0,3.5,1,0.5
17,1,5,13,25,100,11,2,15,0.75,195,1.0,0,0.0,0.323529412,0,0,10.11764706,13,2.0
47,1,0,101,173,1049,88,23,41,0.949275362,2031,0.222222222,1,0.0,0.118012422,0,0,42.0212766,16,3.7021
25,4,0,3,32,300,0,3,25,2.0,142,0.0,0,0.773584906,0.312,1,7,4.68,1,0.96
8,3,0,11,39,0,3,8,6,0.657142857,294,1.0,1,0.840909091,0.325,0,0,35.125,1,0.875
5,4,0,14,10,4,4,11,4,0.5,38,1.0,0,0.947368421,0.36,2,8,6.4,1,0.8
9,2,1,2,23,0,2,0,9,0.5,246,1.0,0,0.5625,0.333333333,1,2,25.88888889,1,0.7778
6,2,0,2,9,9,1,1,6,0.2,41,1.0,0,0.5,0.5,0,0,5.666666667,2,0.8333
9,2,0,5,13,36,2,3,9,1.125,62,0.0,0,0.3,0.259259259,0,0,5.666666667,1,0.7778
5,1,0,6,14,0,5,1,4,1.159090909,205,0.136363636,0,0.0,0.5,0,0,35.6,9,2.2
4,1,4,14,5,6,14,0,4,2.0,7,0.0,0,0.0,0.625,0,0,0.75,1,0.75
3,3,2,5,6,3,3,3,2,2.0,17,0.0,0,0.92,0.555555556,1,1,4.666666667,1,0.6667
2,4,0,5,7,1,0,5,2,2.0,44,0.0,0,0.979591837,0.75,1,6,20.5,1,0.5
14,1,31,35,28,49,33,2,7,0.807692308,200,1.0,0,0.0,0.380952381,0,0,12.85714286,3,1.2143
6,1,0,18,6,15,16,3,6,2.0,6,0.0,0,0.0,0.5,0,0,0.0,1,1.0
1,1,1,2,2,0,1,1,0,2.0,4,0.0,0,0.0,1.0,0,0,3.0,0,0.0
3,4,0,11,15,3,0,11,3,2.0,59,0.0,0,0.979591837,0.444444444,3,13,18.66666667,3,1.3333
1,1,0,2,2,0,2,0,1,2.0,20,0.0,0,0.0,1.0,0,0,15.0,0,0.0
6,2,0,10,20,0,3,9,6,0.0,84,1.0,1,0.285714286,0.416666667,2,2,12.83333333,2,1.0
6,1,0,1,7,3,1,0,6,0.6,34,1.0,0,0.0,0.555555556,0,0,4.333333333,1,0.6667
5,3,0,1,16,8,0,1,3,1.243589744,1171,0.0,0,0.926829268,0.333333333,0,0,217.6,2,0.8
5,2,0,10,11,10,4,8,5,2.0,32,0.0,0,0.909090909,0.371428571,1,2,5.4,1,0.6
7,3,0,7,22,9,2,6,6,0.777777778,122,0.333333333,1,0.705882353,0.333333333,2,3,16.0,6,1.7143
6,5,0,16,27,15,1,15,4,2.0,193,0.0,0,0.97706422,0.533333333,2,4,31.16666667,6,1.6667
1,1,0,5,1,0,5,0,0,2.0,136,0.0,0,0.0,0.0,0,0,119.0,0,0.0
14,2,0,7,28,61,4,3,11,0.807692308,245,0.5,0,0.5,0.5,1,5,16.35714286,4,1.0714
5,1,0,7,14,4,2,6,4,0.75,126,1.0,2,0.0,0.416666667,0,0,22.6,1,0.6
11,1,0,23,48,33,5,18,5,0.76,849,0.6,1,0.0,0.2125,0,0,75.72727273,4,1.0909
42,1,0,6,88,0,3,3,41,1.0,329,0.066666667,1,0.0,0.304761905,0,0,5.761904762,1,0.9762
8,2,0,3,15,4,3,0,5,0.428571429,90,1.0,0,0.416666667,0.425,1,1,9.875,1,0.875
3,1,0,6,9,3,2,4,2,2.0,19,0.0,0,0.0,0.333333333,0,0,5.333333333,1,0.6667
9,1,0,10,20,0,10,0,9,0.25,294,1.0,0,0.0,0.311111111,1,1,31.44444444,7,1.8889
3,1,0,4,7,0,1,3,3,0.0,31,1.0,0,0.0,0.583333333,0,0,9.0,1,0.6667
23,2,0,6,40,0,1,5,21,0.838842975,386,0.636363636,5,0.35483871,0.297101449,1,6,15.30434783,2,0.913
2,3,0,4,4,1,1,3,2,2.0,13,0.0,0,0.976190476,0.75,1,1,5.5,1,0.5
10,3,1,26,18,3,24,3,9,0.777777778,98,0.0,2,0.91025641,0.333333333,2,22,8.5,3,1.2
39,1,0,3,78,0,2,1,38,0.9,261,0.0,1,0.0,0.302564103,0,0,5.435897436,2,1.0256
3,5,0,4,7,0,1,4,1,0.75,33,0.5,0,0.969230769,0.555555556,3,11,9.333333333,1,0.6667
1,1,0,5,1,0,4,1,1,2.0,1,0.0,0,0.0,1.0,0,0,0.0,1,1.0
26,1,0,7,55,0,0,7,22,0.344,707,1.0,4,0.0,0.184615385,0,0,25.80769231,2,1.1538
4,1,0,3,5,2,3,0,3,1.166666667,78,0.25,0,0.0,0.5,0,0,16.5,1,0.5
44,4,0,28,137,774,4,26,31,0.923341947,1254,0.962962963,9,0.65,0.127906977,4,6,26.88636364,5,1.2045
5,1,0,3,21,0,2,1,4,0.5,149,1.0,1,0.0,0.7,0,0,28.4,2,1.2
10,1,0,0,10,45,0,0,10,1.111111111,13,0.0,0,0.0,0.4,0,0,0.0,1,1.0
1,1,0,6,1,0,5,1,1,2.0,1,0.0,0,0.0,1.0,0,0,0.0,1,1.0
19,4,0,10,52,27,0,10,17,0.777777778,699,1.0,0,0.8125,0.298245614,3,4,35.36842105,16,2.3158
1,1,0,1,1,0,1,0,1,2.0,1,0.0,0,0.0,1.0,0,0,0.0,1,1.0
21,2,1,15,52,142,1,14,12,0.828571429,292,1.0,1,0.333333333,0.2,1,2,12.57142857,3,1.0
7,7,1,7,41,21,3,5,6,2.0,220,0.0,0,0.995447648,0.5,2,2,30.42857143,1,0.4286
2,4,0,4,8,1,0,4,2,2.0,25,0.0,0,0.980769231,1.0,1,1,11.5,1,0.5
9,1,0,11,9,36,10,1,9,2.0,9,0.0,0,0.0,0.333333333,0,0,0.0,1,1.0
3,1,0,5,12,0,4,1,3,0.5,133,0.0,0,0.0,0.555555556,0,0,42.0,1,0.6667
20,2,0,14,71,90,3,12,18,0.837320574,677,1.0,3,0.419354839,0.190789474,0,0,32.3,34,3.1
2,1,0,10,12,0,2,8,2,0.0,49,1.0,2,0.0,0.583333333,0,0,22.5,1,0.5
10,2,0,3,23,0,0,3,10,0.5,116,1.0,1,0.590909091,0.35,1,8,10.4,4,1.3
20,3,0,11,71,124,7,6,15,0.782894737,698,0.625,0,0.625,0.3,2,3,33.5,6,2.0
0,1,0,0,0,0,0,0,0,2.0,4,0.0,0,0.0,0.0,0,0,0.0,0,0.0
2,1,0,4,4,1,1,3,2,2.0,9,0.0,0,0.0,1.0,0,0,3.5,1,0.5
7,4,0,3,10,21,0,3,7,2.0,39,0.0,0,0.931818182,0.571428571,1,6,4.571428571,1,0.8571
10,4,2,13,26,0,7,7,9,0.111111111,110,1.0,1,0.795454545,0.26,1,1,9.9,3,1.6
38,3,0,27,128,607,1,27,8,0.9,1849,0.0,2,0.357142857,0.194594595,0,0,47.39473684,15,3.7632
7,1,0,3,19,0,3,1,6,0.25,432,1.0,1,0.0,0.464285714,0,0,60.14285714,3,1.4286
48,2,1,45,124,992,2,43,42,0.929078014,824,1.0,4,0.041666667,0.093617021,0,0,15.72916667,6,1.2292
16,1,0,3,17,78,2,1,16,0.533333333,172,1.0,0,0.0,0.291666667,0,0,9.5,9,1.625
12,1,0,7,35,16,2,6,8,0.727272727,359,0.555555556,2,0.0,0.319444444,0,0,28.16666667,9,2.0
14,2,0,30,39,71,6,25,13,0.538461538,167,1.0,0,0.733333333,0.222222222,2,3,10.85714286,2,1.0
4,1,0,6,18,0,0,6,4,0.333333333,74,0.0,1,0.0,0.5,0,0,17.0,3,1.25
5,3,0,9,9,0,1,8,4,0.25,42,1.0,0,0.842105263,0.45,1,1,7.2,1,0.6
6,1,2,4,18,13,3,2,5,0.8,150,0.0,1,0.0,0.533333333,0,0,23.83333333,20,4.3333
2,2,0,8,34,1,1,7,2,2.0,346,0.0,0,0.958333333,1.0,1,1,172.0,1,0.5
3,3,0,7,7,3,2,5,3,1.5,26,0.0,0,0.953488372,0.555555556,1,1,7.333333333,1,0.6667
4,2,0,12,16,4,3,11,0,2.0,138,0.0,0,0.769230769,0.571428571,1,2,33.5,4,2.0
14,1,0,4,22,0,3,1,14,0.230769231,227,1.0,0,0.0,0.428571429,1,1,15.0,6,1.5
7,2,0,7,28,0,1,7,3,0.621212121,559,0.636363636,2,0.454545455,0.265306122,0,0,77.28571429,5,3.2857
2,1,0,1,23,1,1,0,2,2.0,145,0.0,0,0.0,0.5,0,0,71.5,8,4.0
2,4,0,10,10,1,0,10,2,2.0,30,0.0,0,0.989690722,0.6,2,4,14.0,1,0.5
2,2,0,7,7,1,1,6,1,2.0,30,0.0,0,0.947368421,0.625,1,1,14.0,1,0.5
49,1,0,20,93,1044,8,17,42,0.915277778,620,1.0,3,0.0,0.128728414,0,0,11.34693878,6,1.4082
4,1,0,2,6,0,2,0,4,0.416666667,87,1.0,0,0.0,1.0,0,0,19.75,2,1.0
30,2,0,14,74,299,2,12,28,0.898706897,594,1.0,2,0.317073171,0.172413793,0,0,18.26666667,22,2.0333
3,1,0,2,11,3,2,1,3,2.0,46,0.0,0,0.0,0.555555556,0,0,14.33333333,2,1.3333
14,1,0,4,14,91,4,0,14,2.0,14,0.0,0,0.0,0.273809524,0,0,0.0,1,1.0
6,3,0,18,37,3,1,18,3,0.65,146,1.0,1,0.851851852,0.333333333,1,1,22.66666667,2,0.8333
11,1,0,3,36,51,3,0,8,1.01,314,0.6,0,0.0,0.22,0,0,26.63636364,4,1.3636
9,1,0,3,16,24,2,2,9,0.708333333,143,0.0,1,0.0,0.4,0,0,14.55555556,3,1.5556
4,3,0,10,43,4,1,10,2,2.0,405,0.0,0,0.823529412,0.375,1,1,100.25,26,7.75
70,1,0,77,187,2409,64,18,65,0.996376812,2017,0.0,1,0.0,0.05736715,0,0,27.7,21,3.1286
3,2,0,3,11,1,1,2,2,0.5,34,1.0,0,0.846153846,0.666666667,1,1,10.0,1,0.6667
3,2,0,9,12,0,0,9,1,0.5,46,1.0,0,0.818181818,0.533333333,1,2,13.66666667,1,0.6667
3,2,0,6,9,0,4,2,3,0.0,34,1.0,0,0.714285714,0.666666667,1,1,10.0,1,0.6667
4,1,0,2,5,0,2,0,4,0.333333333,21,1.0,0,0.0,0.75,0,0,4.0,1,0.5
3,3,0,6,6,3,0,6,2,1.0,21,1.0,1,0.954545455,0.666666667,0,0,5.333333333,1,0.3333
4,1,0,0,40,6,0,0,2,2.0,323,0.0,0,0.0,0.25,0,0,79.75,1,0.75
2,1,0,19,2,1,19,0,2,2.0,2,0.0,0,0.0,1.0,0,0,0.0,1,1.0
2,1,0,7,5,0,4,5,1,0.833333333,57,0.0,3,0.0,0.75,0,0,24.5,1,0.5
8,2,0,10,26,0,2,8,6,0.285714286,153,1.0,0,0.695652174,0.40625,1,2,18.0,4,1.875
16,1,0,0,16,120,0,0,16,2.0,16,0.0,0,0.0,0.5,0,0,0.0,1,1.0
9,2,0,8,18,6,4,4,9,0.770833333,114,1.0,2,0.272727273,0.444444444,1,4,11.0,2,1.0
15,2,0,8,32,79,4,4,13,0.857142857,242,0.5,0,0.458333333,0.306666667,1,4,14.86666667,3,1.2667
2,1,0,0,2,1,0,0,2,2.0,2,0.0,0,0.0,0.75,0,0,0.0,1,1.0
22,2,0,5,34,141,1,4,20,0.957393484,423,0.315789474,0,0.366666667,0.443181818,1,6,17.36363636,2,0.9091
6,3,0,2,19,15,2,0,4,1.12,184,0.0,0,0.85,0.5,1,1,28.83333333,14,2.8333
4,3,0,12,25,4,3,9,2,0.777777778,105,0.666666667,0,0.875,0.444444444,2,2,24.5,7,2.0
1,1,0,7,2,0,7,0,1,2.0,12,0.0,0,0.0,1.0,0,0,3.0,0,0.0
21,2,0,12,94,210,5,9,20,1.0,760,0.5,0,0.512195122,0.380952381,1,3,35.0952381,16,3.381
15,2,0,20,21,89,6,18,15,0.944444444,123,1.0,0,0.621621622,0.138095238,1,1,6.6,1,0.9333
4,4,1,9,8,4,7,4,4,0.666666667,30,1.0,0,0.99086758,0.45,0,0,6.25,1,0.5
10,1,0,9,20,41,0,9,7,0.666666667,96,1.0,1,0.0,0.314285714,0,0,8.4,2,1.1
5,3,0,1,16,8,0,1,3,1.243589744,1171,0.0,0,0.926829268,0.333333333,0,0,217.6,2,0.8
21,4,0,13,73,128,1,13,14,0.85,737,1.0,3,0.795918367,0.301587302,3,3,33.47619048,3,1.0952
4,3,4,14,8,6,14,0,4,2.0,20,0.0,0,1.0,0.666666667,0,0,4.0,0,0.0
2,2,0,8,8,1,0,8,2,2.0,56,0.0,0,0.666666667,0.6,1,1,27.0,6,3.0
11,1,1,2,20,53,2,1,0,0.9,90,1.0,0,0.0,0.4,0,0,7.090909091,2,0.9091
3,3,0,11,13,1,1,10,3,2.0,70,0.0,0,0.666666667,0.533333333,1,3,22.33333333,2,1.3333
7,2,0,6,13,0,1,5,6,0.5,197,0.5,0,0.666666667,0.333333333,0,0,26.85714286,1,0.1429
8,1,0,2,11,0,2,0,0,0.688311688,256,0.0,1,0.0,0.265625,0,0,29.625,12,2.75
9,2,0,12,20,0,4,10,8,0.125,212,1.0,1,0.789473684,0.197530864,1,7,22.44444444,7,2.4444
6,3,0,3,8,3,1,2,5,1.2,54,0.0,0,0.833333333,0.5,1,2,7.666666667,1,0.8333
6,3,0,14,14,5,11,5,5,0.927272727,81,0.181818182,1,0.6,0.4,1,1,10.66666667,1,0.6667
9,3,0,21,54,0,2,21,2,0.640625,314,1.0,1,0.75,0.28125,1,1,33.0,2,0.8889
5,4,0,2,8,10,0,2,5,2.0,28,0.0,0,0.959183673,0.6,0,0,4.6,1,0.8
13,4,0,6,72,22,0,6,8,0.898809524,623,0.571428571,2,0.876404494,0.273809524,1,2,45.84615385,1,0.8462
4,3,0,9,12,0,5,4,4,0.0,41,1.0,1,0.875,0.4375,0,0,9.0,1,0.75
4,3,0,5,9,4,0,5,3,0.666666667,31,1.0,0,0.818181818,0.666666667,0,0,6.5,1,0.5
3,4,0,1,4,1,0,1,2,1.3,875,0.0,0,0.976190476,1.0,0,0,289.0,1,0.3333
14,1,0,8,27,35,3,5,14,0.743589744,165,1.0,2,0.0,0.255102041,0,0,10.35714286,5,1.5714
18,1,1,0,19,153,0,0,18,2.0,40,0.0,0,0.0,0.285714286,0,0,1.222222222,1,0.9444
11,1,1,3,13,35,3,0,11,0.9,87,0.1,2,0.0,0.393939394,0,0,6.0,1,0.9091
3,2,2,7,10,0,2,5,2,0.5,38,1.0,2,0.857142857,0.466666667,0,0,11.0,1,0.6667
4,1,0,7,38,0,2,5,0,0.888888889,224,0.5,3,0.0,0.375,0,0,53.5,2,1.0
13,2,1,15,25,28,3,13,11,0.611111111,120,1.0,1,0.696969697,0.241758242,0,0,8.0,1,0.7692
6,1,2,6,19,13,4,3,5,0.8,157,0.0,1,0.0,0.533333333,0,0,25.0,20,4.5
11,2,0,5,21,49,2,3,9,0.933333333,106,0.333333333,0,0.578947368,0.522727273,1,6,8.363636364,2,0.8182
6,2,0,3,12,3,0,3,6,0.6,69,1.0,0,0.555555556,0.380952381,0,0,9.833333333,1,0.6667
23,4,2,22,77,149,2,20,16,0.826704545,1164,1.0,4,0.777777778,0.142857143,3,7,48.91304348,19,2.3043
19,2,0,7,34,141,3,4,17,0.814814815,253,0.833333333,0,0.407407407,0.307017544,1,6,12.0,2,0.8947
2,1,0,5,2,1,3,2,2,2.0,2,0.0,0,0.0,1.0,0,0,0.0,1,1.0
3,1,6,8,4,3,7,1,0,2.0,6,0.0,0,0.0,0.555555556,0,0,1.0,1,0.6667
5,1,0,12,10,0,3,9,4,0.583333333,46,1.0,2,0.0,0.25,0,0,7.6,1,0.6
11,3,35,39,20,55,36,4,7,2.0,93,0.0,0,0.87804878,0.436363636,2,3,7.454545455,3,1.2727
8,1,3,11,12,14,10,1,7,0.714285714,56,1.0,1,0.0,0.5,0,0,5.625,1,0.875
7,1,0,1,11,7,1,0,7,0.333333333,105,0.0,0,0.0,0.714285714,0,0,13.57142857,7,1.4286
2,1,0,6,2,1,6,1,2,2.0,2,0.0,0,0.0,1.0,0,0,0.0,1,1.0
11,2,0,11,17,25,3,11,8,0.766666667,73,1.0,0,0.75,0.25,0,0,5.363636364,1,0.7273
2,0,0,2,3,1,1,1,2,2.0,7,0.0,0,0.0,1.0,0,0,2.5,1,0.5
8,2,0,8,19,8,3,6,7,0.428571429,93,1.0,1,0.631578947,0.25,2,3,10.5,5,1.5
6,1,0,5,32,9,0,5,2,0.666666667,148,0.0,1,0.0,0.333333333,0,0,23.16666667,2,1.0
2,4,0,10,10,1,0,10,2,2.0,26,0.0,0,0.989690722,0.6,2,4,12.0,1,0.5
1,4,0,3,2,0,3,0,0,2.0,5,0.0,0,1.0,1.0,0,0,4.0,0,0.0
4,3,0,74,7,0,73,1,3,0.833333333,40,1.0,0,0.818181818,0.555555556,0,0,8.5,3,1.5
2,1,0,19,15,1,7,15,2,2.0,63,0.0,0,0.0,0.5,0,0,30.5,7,3.5
6,3,0,1,15,15,1,0,6,1.178378378,287,0.054054054,2,0.915254237,0.3,1,2,40.66666667,2,1.1667
0,1,0,5,0,0,5,0,0,2.0,0,0.0,0,0.0,0.0,0,0,0.0,0,0.0
6,3,0,2,19,15,2,0,4,1.12,184,0.0,0,0.8125,0.5,1,1,28.83333333,14,2.8333
19,4,0,2,24,171,0,2,19,2.0,105,0.0,0,0.839285714,0.394736842,0,0,4.526315789,1,0.9474
21,1,0,13,52,90,2,11,15,0.8375,522,1.0,1,0.0,0.226190476,0,0,23.0952381,14,1.7619
11,1,0,150,26,41,149,1,9,0.56,134,0.8,2,0.0,0.3,1,1,10.72727273,4,1.0
20,4,0,9,56,150,0,9,15,0.956140351,455,0.611111111,2,0.769230769,0.289473684,0,0,20.85,6,1.3
2,2,2,6,6,1,2,4,1,2.0,19,0.0,0,0.875,0.75,0,0,8.5,2,1.0
6,2,16,20,9,3,16,4,4,0.4,27,1.0,1,0.583333333,0.444444444,1,1,3.333333333,1,0.8333
8,3,0,14,27,0,0,14,7,0.285714286,117,1.0,1,0.965517241,0.270833333,2,5,13.5,2,1.0
13,1,0,5,32,70,3,2,9,0.833333333,158,1.0,1,0.0,0.083333333,0,0,10.84615385,2,0.9231
51,1,0,5,67,51,1,4,7,0.7648,7188,0.16,1,0.0,0.4,0,0,139.4509804,167,8.902
5,3,0,5,12,10,2,3,5,2.0,39,0.0,0,0.98,0.7,2,4,6.8,1,0.8
2,4,0,5,7,1,2,3,1,2.0,24,0.0,0,0.956521739,0.666666667,1,1,11.0,1,0.5
3,4,0,10,26,3,0,10,3,2.0,155,0.0,0,0.964285714,0.666666667,2,4,50.66666667,2,1.0
2,5,0,5,9,1,0,5,2,2.0,43,0.0,0,0.982142857,0.75,2,7,20.5,1,0.5
1,1,0,7,1,0,6,1,1,2.0,1,0.0,0,0.0,1.0,0,0,0.0,1,1.0
14,2,0,9,18,91,4,6,11,2.0,71,0.0,0,0.76,0.339285714,1,3,4.071428571,1,0.8571
67,2,2,29,131,2017,13,26,53,0.882575758,1285,1.0,2,0.272727273,0.096801347,0,0,17.88059701,6,1.194
2,1,0,6,8,1,0,6,2,2.0,28,0.0,0,0.0,0.5,0,0,13.0,1,0.5
5,1,0,6,15,10,3,4,4,2.0,60,0.0,0,0.0,0.45,0,0,11.0,2,1.6
2,1,0,4,2,1,2,2,2,2.0,2,0.0,0,0.0,0.625,0,0,0.0,1,1.0
4,1,0,3,4,6,1,2,4,2.0,4,0.0,0,0.0,0.583333333,0,0,0.0,1,1.0
10,0,0,12,17,21,0,12,9,0.666666667,80,1.0,1,0.0,0.333333333,0,0,6.7,1,0.8
11,1,0,9,32,29,5,5,8,0.666666667,197,0.0,1,0.0,0.283333333,0,0,16.63636364,4,1.7273
7,2,0,8,27,17,1,7,6,0.766666667,207,0.8,3,0.444444444,0.333333333,0,0,27.85714286,1,0.7143
25,1,0,53,25,300,52,2,25,1.041666667,28,0.0,0,0.0,0.34,0,0,0.0,1,1.0
2,5,0,5,9,1,0,5,2,2.0,44,0.0,0,0.982142857,0.75,2,7,20.5,1,0.5
26,3,1,9,54,225,1,8,20,0.872727273,539,1.0,2,0.606557377,0.24,0,0,19.30769231,7,1.1923
9,3,0,8,38,14,1,8,7,0.875,345,1.0,0,0.766666667,0.375,3,5,36.55555556,3,1.2222
1,4,0,3,2,0,0,3,1,2.0,6,0.0,0,1.0,1.0,0,0,5.0,0,0.0
19,1,2,9,21,145,4,5,18,0.954861111,143,1.0,3,0.0,0.230263158,0,0,5.684210526,1,0.9474
24,1,0,24,24,276,4,20,24,2.0,24,0.0,0,0.0,0.089285714,0,0,0.0,1,1.0
3,2,0,1,5,3,0,1,3,2.0,12,0.0,0,0.923076923,0.666666667,1,2,3.0,1,0.3333
2,3,0,5,14,1,1,4,2,2.0,47,0.0,0,0.954545455,0.75,0,0,22.5,1,0.5
2,1,1,4,3,1,2,2,2,2.0,5,0.0,0,0.0,0.75,0,0,1.5,1,0.5
3,3,0,0,4,1,0,0,2,0.5,234,1.0,0,0.974358974,1.0,0,0,76.66666667,1,0.3333
31,3,2,23,77,241,11,14,26,0.733333333,1095,0.4,2,0.641975309,0.180107527,2,9,34.16129032,17,3.0645
2,1,0,4,4,1,0,4,2,2.0,12,0.0,0,0.0,0.75,0,0,5.0,1,0.5
4,1,0,4,13,0,2,2,4,0.166666667,76,1.0,1,0.0,0.75,0,0,17.5,2,1.0
30,1,0,0,88,177,0,0,24,0.882032668,887,0.736842105,9,0.0,0.126666667,0,0,27.93333333,4,1.2333
6,4,0,3,20,15,0,3,5,2.0,106,0.0,0,0.936708861,0.555555556,1,2,16.66666667,4,1.3333
82,1,0,48,254,2129,6,44,72,0.868055556,3012,0.625,5,0.0,0.086934156,0,0,35.53658537,4,1.1707
7,4,0,2,11,21,0,2,7,2.0,43,0.0,0,0.94,0.571428571,0,0,5.142857143,1,0.8571
5,1,0,4,11,0,2,2,5,0.0,43,1.0,1,0.0,0.6,0,0,7.4,1,0.8
1,1,0,4,1,0,3,1,1,2.0,1,0.0,0,0.0,1.0,0,0,0.0,1,1.0
7,3,0,9,16,9,1,8,6,0.5,55,1.0,1,0.97029703,0.314285714,2,5,6.714285714,2,1.0
2,2,0,4,7,0,1,3,2,0.0,25,1.0,1,0.966666667,0.75,0,0,11.0,1,0.5
4,3,0,8,12,0,2,6,4,0.625,182,1.0,1,0.833333333,0.325,1,4,42.5,12,3.5
18,4,5,29,96,85,5,0,12,0.588235294,669,1.0,1,0.861788618,0.205882353,3,7,36.05555556,10,2.1111
47,1,0,42,105,589,23,20,45,0.860869565,933,0.9,1,0.0,0.144927536,0,0,18.63829787,8,2.0426
4,3,0,11,23,0,1,11,1,0.5,75,1.0,1,0.833333333,0.4375,1,1,17.25,1,0.75
5,3,0,4,10,10,1,4,3,2.0,31,0.0,0,0.789473684,0.466666667,1,1,5.2,1,0.8
2,1,0,20,2,1,18,2,2,2.0,2,0.0,0,0.0,1.0,0,0,0.0,1,1.0
2,1,0,0,2,1,0,0,2,2.0,2,0.0,0,0.0,1.0,0,0,0.0,1,1.0
10,1,0,14,36,0,14,0,9,0.648148148,301,1.0,0,0.0,0.425,0,0,28.5,5,2.0
4,3,0,1,15,6,0,1,3,1.333333333,1166,0.0,0,0.926829268,0.333333333,0,0,271.25,2,1.0
13,1,0,14,23,68,12,2,12,0.697916667,308,1.0,0,0.0,0.708333333,0,0,22.07692308,36,3.4615
8,3,0,12,33,8,1,11,8,0.428571429,163,1.0,1,0.965517241,0.3,2,5,19.25,16,2.75
4,1,0,2,4,6,1,1,4,2.0,4,0.0,0,0.0,0.75,0,0,0.0,1,1.0
2,1,0,2,4,1,1,1,1,2.0,8,0.0,0,0.0,0.75,0,0,3.0,1,0.5
13,6,0,11,60,50,5,10,1,0.816666667,361,1.0,1,0.982195846,0.243589744,4,12,26.38461538,5,1.9231
5,1,0,5,33,0,0,5,4,0.375,161,1.0,0,0.0,0.25,0,0,30.8,3,1.6
2,1,0,4,4,1,0,4,2,2.0,12,0.0,0,0.0,0.75,0,0,5.0,1,0.5
3,2,1,4,5,3,1,3,3,2.0,11,0.0,0,0.818181818,0.666666667,0,0,2.666666667,1,0.6667
19,3,0,16,26,157,4,15,18,0.944444444,111,1.0,0,0.651162791,0.215277778,1,1,4.526315789,1,0.7895
29,2,0,7,53,100,2,6,28,0.75,556,0.888888889,3,0.212121212,0.221674877,1,2,17.86206897,5,1.0345
4,3,0,8,12,6,4,4,3,2.0,62,0.0,0,0.863636364,0.5625,0,0,14.5,2,1.0
6,1,0,0,6,15,0,0,6,2.0,6,0.0,0,0.0,0.611111111,0,0,0.0,1,1.0
14,2,0,8,26,69,4,4,12,0.743589744,188,0.666666667,0,0.5,0.321428571,1,6,12.21428571,3,1.1429
9,1,0,3,34,34,0,3,2,0.875,167,0.0,1,0.0,0.175,0,0,17.33333333,3,1.4444
5,1,0,7,41,2,1,7,5,0.375,250,0.0,3,0.0,0.4,0,0,47.8,3,1.6
2,1,0,14,2,1,13,1,2,2.0,2,0.0,0,0.0,0.75,0,0,0.0,1,1.0
24,1,0,19,30,204,19,0,23,0.975845411,3239,0.0,0,0.0,0.25,0,0,133.5833333,17,4.0
6,1,1,16,12,9,16,0,5,0.6,53,1.0,0,0.0,0.444444444,0,0,7.333333333,1,0.6667
61,3,0,25,109,1294,16,22,48,0.89047619,2565,0.952380952,1,0.602739726,0.226229508,2,10,40.70491803,12,2.5246
9,1,2,9,24,30,4,7,7,0.625,97,1.0,0,0.0,0.26984127,0,0,9.666666667,2,1.0
14,1,0,19,27,0,18,1,10,0.653846154,386,0.125,1,0.0,0.342857143,0,0,26.0,6,2.3571
2,6,0,5,12,1,0,5,2,2.0,70,0.0,0,0.984615385,0.75,1,6,34.0,1,0.5
3,3,0,4,8,3,0,4,2,2.0,24,0.0,0,0.967213115,0.444444444,1,2,7.0,1,0.6667
1,1,0,7,1,0,6,1,1,2.0,1,0.0,0,0.0,1.0,0,0,0.0,1,1.0
1,3,2,3,2,0,3,0,1,2.0,5,0.0,0,1.0,1.0,0,0,4.0,0,0.0
7,1,0,3,33,17,2,0,4,0.666666667,274,1.0,0,0.0,0.375,0,0,37.85714286,4,1.2857
25,1,0,4,71,254,3,1,20,0.892857143,582,1.0,1,0.0,0.152727273,0,0,22.0,3,1.08
6,1,0,5,6,15,3,2,6,2.0,6,0.0,0,0.0,0.375,0,0,0.0,1,1.0
3,3,0,3,10,1,1,2,3,0.5,63,1.0,0,0.8,0.666666667,0,0,19.0,1,0.3333
3,1,0,1,41,3,0,1,1,2.0,221,0.0,0,0.0,0.333333333,0,0,72.66666667,1,0.6667
21,1,0,2,35,38,2,0,17,0.631818182,617,0.818181818,0,0.0,0.293650794,0,0,27.85714286,3,0.8571
13,3,0,8,32,4,0,0,13,0.666666667,134,1.0,0,0.755102041,0.192307692,2,2,9.076923077,1,0.9231
2,2,0,4,3,1,1,3,1,2.0,6,0.0,0,0.9,0.75,0,0,2.0,1,0.5
7,1,0,28,33,17,2,27,3,2.0,180,0.0,0,0.714285714,0.285714286,1,4,24.71428571,1,0.5714
6,2,2,10,25,3,5,5,6,1.04,154,0.4,0,0.791666667,0.4,1,5,23.83333333,1,0.8333
4,5,0,2,8,6,1,1,4,2.0,20,0.0,0,1.0,0.666666667,0,0,4.0,0,0.0
4,4,0,6,20,0,1,6,1,0.666666667,103,0.5,0,0.962025316,0.5,3,11,24.25,4,1.5
17,5,0,28,105,100,17,25,2,0.909722222,590,1.0,3,0.976083707,0.215686275,0,0,33.17647059,2,1.0
21,1,0,25,77,162,10,16,14,0.7375,566,0.916666667,4,0.0,0.135,0,0,25.38095238,7,1.8095
2,1,0,24,2,1,23,1,2,2.0,7,0.0,0,0.0,0.75,0,0,0.0,1,1.0
2,1,0,8,2,1,8,0,2,2.0,2,0.0,0,0.0,0.75,0,0,0.0,1,1.0
8,5,0,6,26,0,1,5,5,0.571428571,164,1.0,0,0.823529412,0.375,2,5,19.125,4,1.125
95,4,2,15,191,0,2,13,66,0.920621931,2509,1.0,2,0.5,0.197894737,1,25,25.27368421,11,2.0421
27,1,0,20,102,291,6,17,22,0.875,755,0.875,2,0.0,0.125874126,0,0,26.66666667,12,2.5185
5,2,0,1,6,10,0,1,5,1.0,18,1.0,0,0.7,0.6,1,2,2.4,1,0.6
1,1,0,7,1,0,6,1,1,2.0,1,0.0,0,0.0,1.0,0,0,0.0,1,1.0
3,2,1,31,28,3,22,29,3,2.0,225,0.0,0,0.989130435,0.761904762,0,0,74.0,5,1.6667
18,1,0,2,34,149,2,0,18,0.558823529,114,1.0,0,0.0,0.183333333,0,0,5.222222222,2,1.0556
6,1,4,20,28,15,5,19,3,2.0,191,0.0,0,0.0,0.333333333,0,0,30.83333333,6,2.3333
18,2,0,4,36,0,1,3,13,0.79144385,375,0.545454545,5,0.375,0.226890756,1,2,19.22222222,1,0.8333
12,1,0,12,20,46,11,2,12,0.0,176,1.0,1,0.0,0.489583333,0,0,13.58333333,1,0.9167
5,1,0,4,5,10,3,1,5,2.0,5,0.0,0,0.0,0.4,0,0,0.0,1,1.0
126,3,0,102,316,6941,79,40,90,0.95255814,5047,0.790697674,7,0.324324324,0.068783069,1,1,38.71428571,25,3.5317
19,3,1,18,56,97,5,13,12,0.814814815,406,1.0,2,0.672727273,0.190789474,0,0,19.89473684,3,1.0526
5,1,3,4,6,6,3,1,3,0.75,24,1.0,0,0.0,1.0,0,0,3.4,1,0.8
13,1,0,9,38,48,4,5,11,0.25,300,1.0,1,0.0,0.305555556,0,0,22.0,8,2.5385
17,5,0,16,73,76,5,16,4,0.78125,412,1.0,2,0.976083707,0.341176471,2,5,22.76470588,9,1.4118
211,4,0,59,430,11469,40,39,169,0.883277962,7612,0.906976744,10,0.755555556,0.084391534,3,9,34.87203791,25,3.0521
2,1,0,4,2,1,3,2,2,2.0,2,0.0,0,0.0,0.75,0,0,0.0,1,1.0
14,6,0,11,32,0,1,11,11,0.8,164,0.8,2,0.914285714,0.234693878,4,8,10.35714286,3,1.2143
15,2,0,21,48,73,2,20,10,0.755102041,243,1.0,4,0.518518519,0.214285714,1,1,14.73333333,6,1.2667
6,2,0,16,45,15,3,13,6,2.0,280,0.0,0,0.782608696,0.229166667,1,1,45.66666667,1,0.8333
7,4,0,18,28,15,4,14,6,0.5,166,1.0,0,0.97309417,0.314285714,4,7,22.57142857,1,0.8571
5,1,0,1,7,8,1,0,3,0.75,22,1.0,1,0.0,0.75,0,0,3.2,1,0.6
7,2,0,10,15,17,2,9,4,0.666666667,61,1.0,0,0.7,0.261904762,1,1,7.428571429,1,0.8571
10,3,0,24,46,19,1,23,9,0.666666667,250,1.0,2,0.861538462,0.2375,1,7,23.6,4,1.6
10,1,0,7,18,0,6,2,10,0.333333333,104,1.0,2,0.0,0.375,1,1,9.2,4,1.4
19,1,0,3,28,47,1,2,13,0.533333333,530,0.2,3,0.0,0.315789474,0,0,26.63157895,10,4.0526
3,1,0,4,4,3,4,0,3,1.4375,23,0.0,2,0.0,0.5,0,0,4.0,2,1.0
22,2,0,6,36,197,2,4,20,0.843537415,310,0.857142857,0,0.35483871,0.25,1,3,12.77272727,6,1.6364
5,1,0,4,6,10,2,2,5,1.25,13,0.0,1,0.0,0.466666667,0,0,0.8,1,0.8
4,1,0,6,7,4,1,5,4,0.333333333,22,1.0,0,0.0,0.5,0,0,4.25,1,0.75
16,2,0,9,41,2,1,9,15,0.577777778,386,0.333333333,0,0.633333333,0.3625,1,6,22.9375,2,0.8125
12,1,0,5,23,54,0,5,12,0.454545455,139,1.0,1,0.0,0.533333333,0,0,10.5,1,0.8333
12,2,0,4,22,52,1,3,10,0.872727273,124,0.6,0,0.523809524,0.316666667,1,4,8.916666667,1,0.8333
9,2,2,3,11,8,2,1,8,0.5,175,0.75,0,0.619047619,0.333333333,1,3,18.0,1,0.8889
6,1,0,1,16,0,0,1,5,0.733333333,88,1.0,0,0.0,0.333333333,0,0,13.16666667,1,0.6667
11,2,0,5,21,43,2,3,9,0.85,117,0.0,0,0.578947368,0.418181818,1,6,9.454545455,2,1.0
10,1,2,14,26,5,9,8,7,0.388888889,161,0.0,2,0.0,0.255555556,0,0,14.9,3,1.1
22,1,0,18,74,121,3,17,9,0.680272109,943,0.857142857,4,0.0,0.180952381,0,0,41.54545455,19,3.0455
7,1,0,8,31,3,2,6,2,0.916666667,383,0.181818182,1,0.0,0.333333333,0,0,50.57142857,3,1.1429
2,5,0,5,4,1,0,5,2,2.0,11,0.0,0,0.982142857,0.75,2,7,4.0,1,0.5
14,1,0,9,63,0,4,6,1,0.269230769,721,0.5,1,0.0,0.30952381,0,0,50.35714286,19,4.1429
44,1,2,45,86,946,2,43,44,1.0,344,1.0,1,0.0,0.064646465,0,0,6.772727273,1,0.9773
2,1,0,2,2,1,1,1,2,2.0,2,0.0,0,0.0,0.75,0,0,0.0,1,1.0
4,1,0,2,16,0,2,0,4,0.333333333,92,1.0,0,0.0,0.75,0,0,21.25,4,1.5
7,3,0,4,17,0,2,2,6,0.888888889,120,0.333333333,0,0.772727273,0.523809524,1,5,15.71428571,1,0.7143
2,3,0,0,3,1,0,0,2,2.0,1243,0.0,0,0.974358974,1.0,0,0,620.5,1,0.5
6,2,0,4,22,13,1,3,5,0.88,150,0.8,0,0.807692308,0.541666667,1,3,23.16666667,4,1.6667
21,1,0,2,52,126,1,1,21,0.7625,322,1.0,0,0.0,0.265306122,0,0,14.14285714,7,1.381
5,3,0,1,16,8,0,1,3,1.243589744,1171,0.0,0,0.926829268,0.333333333,0,0,217.6,2,0.8
3,2,0,11,18,3,1,10,1,1.0,273,0.0,0,0.9,0.533333333,1,1,89.66666667,1,0.6667
10,2,0,7,19,0,2,5,10,0.111111111,58,0.0,1,0.689655172,0.325,1,1,4.7,1,0.9
15,4,1,12,37,0,11,1,15,0.392857143,357,0.0,0,0.62962963,0.311111111,1,2,22.66666667,8,2.0
2,3,0,1,5,1,0,1,2,2.0,17,0.0,0,1.0,1.0,0,0,7.5,0,0.0
20,1,0,4,39,0,3,1,19,0.978947368,140,0.133333333,1,0.0,0.258333333,0,0,5.25,1,0.95
11,2,0,6,31,11,4,4,10,0.725,232,0.75,1,0.7,0.425,1,3,19.72727273,3,1.5455
4,4,0,6,6,2,2,4,3,0.666666667,29,1.0,0,0.975903614,0.466666667,0,0,5.75,1,0.5
11,1,1,2,20,53,2,1,0,0.9,90,1.0,0,0.0,0.4,0,0,7.090909091,2,0.9091
4,2,0,10,28,2,0,10,3,0.666666667,260,1.0,0,0.6,0.666666667,0,0,62.75,19,5.0
1,3,0,2,2,0,2,0,1,2.0,5,0.0,0,1.0,1.0,0,0,4.0,0,0.0
74,3,2,48,113,2539,38,17,70,0.966051221,1136,0.913043478,4,0.728624535,0.073443008,3,19,14.04054054,16,1.8378
9,4,0,5,19,8,1,4,8,0.75,263,1.0,0,0.75,0.333333333,1,2,28.0,10,2.0
7,1,0,8,31,19,3,5,5,0.833333333,159,0.0,0,0.0,0.208333333,0,0,21.57142857,5,1.8571
5,4,0,3,8,10,0,3,5,2.0,28,0.0,0,0.953488372,0.6,1,4,4.6,1,0.8
4,2,0,3,7,4,2,1,2,0.962962963,111,0.111111111,9,0.857142857,0.444444444,1,1,24.5,1,0.5
8,1,0,133,166,24,1,133,5,0.714285714,1000,0.5,0,0.0,0.234375,0,0,123.75,126,17.125
6,1,0,17,51,15,0,17,3,1.2,368,1.0,0,0.0,0.5,0,0,60.16666667,1,0.8333
2,2,0,4,4,1,1,3,2,2.0,10,0.0,0,0.666666667,0.666666667,0,0,4.0,1,0.5
4,2,0,14,30,0,2,12,4,0.0,187,1.0,1,0.8125,0.5,0,0,45.5,17,4.75
4,3,2,17,5,6,12,6,4,2.0,7,0.0,0,0.959459459,0.4375,2,4,0.75,1,0.75
26,1,0,0,26,325,0,0,26,2.0,26,0.0,0,0.0,0.5,0,0,0.0,1,1.0
2,4,0,5,7,1,0,5,2,2.0,16,0.0,0,0.979591837,0.75,1,6,6.5,1,0.5
3,2,0,1,5,3,0,1,3,2.0,12,0.0,0,0.956521739,0.666666667,1,2,3.0,1,0.3333
4,2,0,9,29,4,0,9,3,0.666666667,141,1.0,0,0.6,0.666666667,0,0,34.0,6,1.75
26,1,1,16,72,273,5,11,20,0.82,553,0.5,1,0.0,0.288,1,1,19.88461538,8,1.3077
3,2,0,11,18,3,1,10,1,1.0,274,0.0,0,0.9,0.533333333,1,1,90.0,1,0.6667
9,1,0,3,11,26,2,1,9,0.85,60,1.0,0,0.0,0.361111111,0,0,5.111111111,1,0.8889
6,2,0,11,27,13,0,11,3,0.866666667,130,0.333333333,0,0.6,0.4,1,2,20.16666667,8,2.0
1,1,0,6,1,0,6,0,1,2.0,1,0.0,0,0.0,1.0,0,0,0.0,1,1.0
4,3,0,3,18,4,0,3,3,0.666666667,152,1.0,0,0.925,0.75,1,1,36.75,1,0.75
3,1,0,3,4,3,1,2,3,2.0,10,0.0,0,0.0,0.666666667,0,0,2.333333333,1,0.6667
5,3,0,4,18,8,0,4,5,0.375,173,1.0,2,0.818181818,0.366666667,2,3,32.4,7,2.6
7,1,0,16,12,0,11,6,7,0.5,140,1.0,3,0.0,0.326530612,0,0,18.57142857,5,2.4286
7,4,0,2,14,21,0,2,7,2.0,42,0.0,0,0.94,0.342857143,0,0,5.0,1,0.8571
8,1,0,15,32,0,8,9,3,0.766233766,351,0.0,1,0.0,0.375,0,0,41.5,1,0.375
20,4,0,11,91,108,1,10,15,0.776315789,962,1.0,0,0.804123711,0.2125,0,0,46.3,3,1.1
9,2,0,6,13,30,1,5,8,0.625,59,1.0,0,0.785714286,0.518518519,1,4,5.333333333,2,0.7778
11,4,2,8,38,45,2,6,6,0.775,202,1.0,0,0.896551724,0.285714286,0,0,17.0,6,1.7273
1,1,0,17,1,0,17,0,1,2.0,1,0.0,0,0.0,1.0,0,0,0.0,1,1.0
8,2,0,2,19,0,1,1,8,0.657142857,183,1.0,0,0.932692308,0.35,0,0,21.25,5,1.625
3,1,0,4,19,3,4,0,2,1.5,201,0.0,0,0.0,0.333333333,0,0,61.33333333,9,5.6667
8,1,0,5,40,24,0,5,2,0.714285714,331,0.0,1,0.0,0.214285714,0,0,40.125,2,1.125
4,2,0,8,12,6,4,6,4,2.0,42,0.0,0,0.931034483,0.416666667,1,1,9.5,1,0.5
20,2,0,8,30,144,2,8,20,0.879699248,148,1.0,0,0.585365854,0.20625,0,0,6.05,2,0.95
6,2,0,2,8,5,2,0,6,0.8,47,0.0,0,0.642857143,0.444444444,0,0,6.0,1,0.8333
22,3,0,5,47,159,0,5,19,0.904761905,365,1.0,1,0.649122807,0.361904762,2,2,14.81818182,9,1.3636
5,3,0,1,16,8,0,1,3,1.24795082,4275,0.0,0,0.926829268,0.333333333,0,0,805.2,2,0.8
7,5,0,12,28,0,7,6,4,0.416666667,120,1.0,1,0.993506494,0.428571429,1,1,15.85714286,2,0.8571
19,2,0,8,36,141,1,7,15,0.864197531,229,0.888888889,0,0.6,0.355555556,1,1,10.57894737,4,0.9474
5,1,0,16,12,4,14,2,5,0.25,55,1.0,0,0.0,0.533333333,0,0,9.8,1,0.6
3,1,0,2,15,0,2,0,3,0.166666667,100,1.0,0,0.0,0.666666667,0,0,31.33333333,2,1.0
4,3,0,1,15,6,0,1,3,1.333333333,2120,0.0,0,0.926829268,0.333333333,0,0,495.5,2,1.0
15,2,0,21,34,0,3,19,14,0.357142857,164,0.5,1,0.666666667,0.18974359,1,3,9.8,1,0.7333
7,2,0,8,8,15,2,8,7,0.722222222,45,1.0,3,0.846153846,0.357142857,1,20,5.0,1,0.8571
1,1,0,7,1,0,6,1,1,2.0,1,0.0,0,0.0,1.0,0,0,0.0,1,1.0
11,1,0,27,32,23,22,6,8,0.72,240,1.0,1,0.0,0.16,0,0,20.36363636,5,1.7273
14,3,0,11,52,59,3,10,9,0.692307692,349,1.0,1,0.676470588,0.243589744,2,4,23.78571429,4,1.4286
8,6,0,5,31,20,3,4,1,0.761904762,121,0.666666667,1,0.991111111,0.5,4,12,13.75,1,0.75
2,1,0,5,4,1,1,4,1,2.0,10,0.0,0,0.0,0.75,0,0,4.0,1,0.5
3,3,0,8,14,3,0,8,3,2.0,45,0.0,0,0.777777778,0.555555556,0,0,14.0,3,1.3333
4,3,3,46,12,6,43,4,3,2.0,50,0.0,0,0.894736842,0.625,0,0,11.5,3,1.0
5,4,0,1,9,10,1,0,3,0.75,81,1.0,0,0.924528302,0.44,2,2,15.0,5,2.0
12,2,0,17,49,0,10,8,11,0.757575758,269,0.333333333,0,0.633333333,0.277777778,1,5,21.16666667,3,1.25
4,3,0,5,9,4,0,5,3,0.666666667,30,1.0,0,0.666666667,0.666666667,0,0,6.25,1,0.5
3,3,0,4,4,3,0,4,3,2.0,9,0.0,0,0.95,0.5,1,6,2.0,1,0.6667
1,5,0,2,2,0,1,1,1,2.0,7,1.0,0,1.0,1.0,0,0,5.0,0,0.0
7,3,0,8,25,0,0,8,7,0.625,141,1.0,0,0.860465116,0.857142857,1,1,18.57142857,1,0.8571
5,2,0,11,27,8,0,11,5,0.75,154,1.0,1,0.636363636,0.44,0,0,29.0,1,0.8
28,2,0,6,42,312,2,4,26,0.796296296,434,0.833333333,0,0.305555556,0.21875,1,6,14.28571429,7,1.8571
5,3,0,3,56,2,1,2,5,0.642857143,289,1.0,0,0.987987988,0.7,2,6,55.4,2,1.0
7,3,0,10,14,1,6,5,5,0.333333333,45,1.0,1,0.793103448,0.428571429,1,1,5.285714286,1,0.8571
5,1,0,8,6,0,7,1,0,0.35,123,0.1,3,0.0,0.466666667,0,0,21.6,2,1.0
3,4,0,22,24,0,0,22,3,0.0,191,1.0,4,0.979591837,0.444444444,3,13,61.33333333,3,1.3333
1,3,0,5,2,0,3,2,1,2.0,5,0.0,0,1.0,1.0,0,0,4.0,0,0.0
6,4,0,8,23,0,0,0,6,0.4,143,1.0,0,0.930555556,0.666666667,1,1,22.5,1,0.8333
17,2,1,7,79,102,2,5,10,0.5625,1190,0.5,0,0.835820896,0.210227273,1,8,68.88235294,37,7.4706
4,2,0,11,7,0,7,6,4,0.0,34,1.0,1,0.95,0.541666667,0,0,7.25,1,0.5
5,4,0,7,15,10,1,7,5,2.0,41,0.0,0,0.983957219,0.466666667,2,3,7.2,1,0.6
5,1,0,3,12,0,2,1,3,0.53125,251,1.0,0,0.0,0.6,0,0,47.6,10,3.8
13,1,0,2,27,0,1,1,13,0.694444444,168,0.0,1,0.0,0.4,0,0,11.69230769,6,1.6923
3,5,0,2,6,3,1,1,3,2.0,16,0.0,0,1.0,0.777777778,0,0,4.333333333,0,0.0
2,1,0,10,14,0,2,8,2,0.0,104,1.0,0,0.0,0.583333333,0,0,50.5,1,0.5
3,1,0,2,8,0,2,1,3,0.75,100,0.0,1,0.0,0.666666667,0,0,31.66666667,4,2.3333
7,2,0,5,15,9,1,4,7,0.722222222,64,1.0,1,0.454545455,0.357142857,1,1,7.714285714,1,0.8571
4,1,0,6,16,0,3,3,3,0.0,97,1.0,0,0.0,0.5,0,0,23.0,3,1.75
3,1,0,15,3,3,14,1,3,2.0,3,0.0,0,0.0,0.666666667,0,0,0.0,1,1.0
5,3,0,10,18,8,0,10,3,0.25,62,1.0,1,0.897435897,0.4,1,3,11.2,1,0.8
9,1,0,14,71,8,0,14,6,0.7625,670,1.0,1,0.0,0.270833333,0,0,72.33333333,17,3.8889
3,4,0,1,4,1,0,1,2,1.3,875,0.0,0,0.976190476,1.0,0,0,289.0,1,0.3333
6,2,0,16,14,3,8,8,5,0.666666667,92,1.0,0,0.782608696,0.444444444,0,0,13.83333333,1,0.8333
10,4,0,4,19,7,1,3,9,0.666666667,120,1.0,0,0.789473684,0.425,1,2,10.6,1,0.8
12,2,0,9,38,52,3,6,7,0.690909091,959,1.0,3,0.285714286,0.194444444,0,0,77.66666667,1,0.8333
3,4,0,2,6,3,0,2,3,2.0,17,0.0,0,0.979166667,0.5,0,0,4.666666667,1,0.6667
4,1,0,3,4,6,3,0,4,2.0,4,0.0,0,0.0,0.75,0,0,0.0,1,1.0
2,1,0,0,2,1,0,0,2,2.0,2,0.0,0,0.0,1.0,0,0,0.0,1,1.0
8,1,0,5,17,20,4,1,8,0.5,121,1.0,1,0.0,0.34375,1,1,13.625,6,1.5
1,3,0,4,2,0,3,1,1,2.0,13,0.0,0,1.0,1.0,0,0,7.0,0,0.0
6,1,0,14,28,7,2,12,3,0.666666667,213,1.0,0,0.5,0.4,1,1,34.0,1,0.6667
4,1,0,0,4,6,0,0,4,2.0,4,0.0,0,0.0,0.625,0,0,0.0,1,1.0
3,3,0,4,6,3,1,4,2,2.0,16,0.0,0,0.941176471,0.5,1,1,4.333333333,1,0.3333
2,1,0,4,4,1,1,3,2,2.0,9,0.0,0,0.0,1.0,0,0,3.5,1,0.5
10,5,0,9,16,27,1,8,9,0.844444444,79,1.0,0,0.945205479,0.263888889,2,5,6.4,2,0.9
9,2,0,10,13,0,1,9,9,0.25,92,1.0,1,0.333333333,0.355555556,0,0,9.0,1,0.6667
23,2,0,8,39,75,1,7,21,0.772727273,374,0.875,3,0.34375,0.253623188,1,4,14.91304348,2,0.9565
2,5,0,4,8,0,1,4,2,0.0,22,1.0,1,0.947368421,0.666666667,0,0,9.5,1,0.5
1,3,0,0,2,0,0,0,1,2.0,6,0.0,0,1.0,1.0,0,0,4.0,0,0.0
0,1,0,0,0,0,0,0,0,2.0,0,0.0,0,0.0,0.0,0,0,0.0,0,0.0
70,2,0,44,152,2107,22,25,33,0.93812709,1322,0.730769231,5,0.2,0.108695652,1,1,17.51428571,7,1.3
5,3,0,6,9,8,1,6,4,0.75,36,1.0,0,0.894736842,0.4,1,1,6.0,1,0.8
6,1,0,2,40,13,0,2,5,0.6,374,0.0,0,0.0,0.28,0,0,61.16666667,11,3.0
3,1,0,7,7,3,4,5,2,2.0,21,0.0,0,0.0,0.666666667,0,0,6.0,1,0.6667
1,1,0,6,1,0,6,0,1,2.0,1,0.0,0,0.0,1.0,0,0,0.0,1,1.0
22,1,2,6,49,71,4,5,20,0.706349206,827,0.833333333,4,0.0,0.272727273,1,1,36.04545455,16,2.7727
4,2,0,6,10,4,1,5,2,0.666666667,27,1.0,1,0.5,0.5,0,0,5.5,1,0.5
2,1,0,6,2,1,3,3,2,2.0,2,0.0,0,0.0,0.666666667,0,0,0.0,1,1.0
9,2,0,6,25,0,1,5,8,0.513888889,445,1.0,2,0.619047619,0.361111111,1,6,47.44444444,6,3.1111
4,3,0,26,38,0,1,25,3,0.333333333,221,1.0,1,0.949152542,0.4,2,6,53.75,5,2.0
7,1,1,13,46,0,2,12,7,0.69047619,357,1.0,2,0.0,0.30952381,0,0,49.0,1,0.8571
1,2,0,3,2,0,1,2,1,2.0,5,0.0,0,1.0,1.0,0,0,4.0,0,0.0
5,1,0,16,24,8,9,7,3,0.875,103,0.5,0,0.0,0.35,0,0,19.2,4,1.2
9,4,0,3,12,36,0,3,9,2.0,50,0.0,0,0.911111111,0.555555556,1,5,4.555555556,1,0.8889
6,2,0,12,36,11,1,12,2,0.8,173,1.0,2,0.5,0.541666667,1,1,27.5,3,1.1667
12,1,0,1,12,66,1,0,12,2.0,12,0.0,0,0.0,0.444444444,0,0,0.0,1,1.0
21,3,0,2,43,0,0,2,19,0.5,498,1.0,0,0.5,0.220238095,1,2,22.47619048,3,1.0476
2,1,0,6,2,1,6,1,2,2.0,2,0.0,0,0.0,1.0,0,0,0.0,1,1.0
5,2,0,4,18,8,1,4,2,0.75,106,0.0,0,0.714285714,0.333333333,1,2,20.0,3,1.2
4,1,0,5,14,0,1,5,4,0.555555556,85,1.0,2,0.0,0.5,0,0,19.5,1,0.75
4,4,0,3,14,6,0,3,3,2.0,68,0.0,0,0.961038961,0.5,1,2,16.0,2,1.0
14,3,0,10,42,27,1,9,14,0.666666667,290,1.0,2,0.937799043,0.25,3,4,19.5,2,1.0714
13,1,0,69,53,38,69,1,7,0.892857143,437,0.571428571,0,0.0,0.178571429,0,0,31.53846154,7,2.3077
1,1,0,9,1,0,9,0,1,2.0,1,0.0,0,0.0,1.0,0,0,0.0,1,1.0
11,2,1,10,29,53,7,3,11,0.8,125,1.0,0,0.714285714,0.327272727,1,5,10.27272727,4,1.4545
3,3,0,1,7,1,1,0,3,0.5,20,1.0,0,0.951219512,0.444444444,1,3,5.333333333,1,0.6667
2,3,0,3,5,0,2,2,1,1.0,33,1.0,0,0.923076923,0.5,1,4,14.5,1,0.5
15,3,0,7,26,53,2,5,15,0.833333333,165,0.833333333,5,0.933333333,0.293333333,2,6,9.6,2,1.0
12,3,0,15,99,18,1,14,8,0.826446281,804,1.0,1,0.770833333,0.277777778,2,2,65.08333333,18,4.8333
2,2,0,1,6,1,0,1,1,2.0,20,0.0,0,0.875,0.75,1,1,9.0,1,0.5
7,3,0,5,17,0,2,3,6,0.888888889,116,0.333333333,0,0.772727273,0.357142857,1,5,15.14285714,1,0.7143
1,1,0,1,1,0,1,0,1,2.0,1,0.0,0,0.0,1.0,0,0,0.0,1,1.0
1,2,1,2,2,0,1,1,1,2.0,4,0.0,0,1.0,1.0,0,0,3.0,0,0.0
24,1,0,0,24,276,0,0,24,1.043478261,28,0.0,0,0.0,0.270833333,0,0,0.0,1,1.0
3,3,0,4,4,3,0,4,3,1.5,10,0.0,0,0.95,0.5,1,6,2.0,1,0.6667
5,1,0,0,14,4,0,0,2,0.25,80,0.0,0,0.0,0.25,0,0,14.8,2,1.0
5,5,0,4,18,8,1,0,4,0.5,78,1.0,0,0.976190476,0.625,2,2,14.2,3,1.0
4,1,0,2,4,6,1,1,4,2.0,4,0.0,0,0.0,0.75,0,0,0.0,1,1.0
4,3,0,3,18,4,0,3,3,1.0,111,1.0,0,0.925,0.75,2,2,26.25,2,1.0
6,3,0,15,23,3,0,15,3,0.4,96,1.0,0,0.905660377,0.5,1,2,14.83333333,3,1.5
10,1,1,6,20,39,1,5,7,0.555555556,129,1.0,0,0.0,0.525,0,0,11.8,4,1.2
3,4,0,14,12,3,1,13,3,2.0,56,0.0,0,0.979591837,0.6,2,6,17.66666667,1,0.6667
2,1,0,1,11,1,0,1,2,2.0,58,0.0,0,0.0,0.75,0,0,28.0,4,2.0
4,2,0,11,23,4,1,11,1,0.666666667,117,1.0,1,0.818181818,0.444444444,1,2,28.0,6,1.75
3,1,0,10,46,3,0,10,3,2.0,257,0.0,0,0.0,0.466666667,0,0,84.66666667,1,0.6667
3,4,0,14,12,3,1,13,3,2.0,56,0.0,0,0.979591837,0.6,2,6,17.66666667,1,0.6667
7,2,0,1,13,0,1,0,7,0.0,65,1.0,0,0.684210526,0.342857143,1,2,8.142857143,1,0.8571
0,1,0,1,0,0,1,0,0,2.0,2,0.0,0,0.0,0.0,0,0,0.0,0,0.0
2,3,0,0,3,1,0,0,2,2.0,426,0.0,0,0.974358974,1.0,0,0,212.0,1,0.5
3,1,0,4,9,1,1,3,3,0.0,47,1.0,0,0.0,0.5,0,0,14.33333333,2,1.0
25,1,0,18,65,300,1,17,25,2.0,351,0.0,0,0.0,0.16,0,0,13.04,8,1.28
30,1,0,10,104,429,2,9,5,1.013793103,1038,0.8,0,0.0,0.108333333,0,0,33.26666667,9,1.9
14,1,1,23,29,67,10,22,12,0.897435897,199,0.333333333,12,0.0,0.403846154,0,0,12.35714286,1,0.8571
18,1,0,116,18,153,116,0,18,2.0,18,0.0,0,0.0,0.666666667,0,0,0.0,1,1.0
12,2,0,5,36,24,3,2,7,0.818181818,253,0.666666667,0,0.592592593,0.395833333,1,2,19.83333333,4,1.5833
8,1,0,0,8,28,0,0,8,2.0,8,0.0,0,0.0,0.666666667,0,0,0.0,1,1.0
38,2,0,11,59,581,7,4,36,0.872972973,406,1.0,2,0.12195122,0.252252252,0,0,9.421052632,8,1.2895
13,4,0,2,16,78,1,2,13,2.0,72,0.0,0,0.886792453,0.538461538,0,0,4.538461538,1,0.9231
28,2,0,31,106,216,2,29,20,0.877492877,828,0.692307692,3,0.325,0.203571429,0,0,28.10714286,17,3.2143
15,3,0,25,44,45,16,10,13,0.619047619,311,1.0,3,0.681818182,0.216666667,1,1,19.33333333,6,1.8667
49,4,1,31,210,844,1,30,28,0.877403846,2937,1.0,2,0.624,0.127314815,0,0,58.40816327,13,1.449
43,1,0,36,43,903,32,5,43,1.023809524,51,0.0,0,0.0,0.261627907,0,0,0.0,1,1.0
4,1,0,46,4,6,46,0,4,2.0,4,0.0,0,0.0,1.0,0,0,0.0,1,1.0
4,2,0,11,20,0,2,9,3,0.0,94,1.0,0,0.625,0.583333333,1,2,22.0,3,1.25
9,1,0,3,34,34,0,3,2,0.875,167,0.0,1,0.0,0.175,0,0,17.33333333,3,1.4444
37,4,0,19,107,526,0,0,30,0.909259259,659,0.933333333,0,0.650485437,0.32972973,2,3,16.40540541,3,1.027
65,1,0,44,248,100,4,41,52,0.926470588,2273,0.470588235,4,0.0,0.129166667,0,0,33.70769231,32,2.3077
6,2,0,7,33,0,0,7,5,0.4,279,1.0,0,0.666666667,0.458333333,1,1,45.16666667,9,2.6667
9,2,0,10,32,0,1,9,7,0.545454545,409,1.0,2,0.5,0.285714286,1,3,43.22222222,2,1.0
7,1,0,1,10,0,1,0,7,0.333333333,100,1.0,0,0.0,0.5,0,0,12.71428571,2,0.8571
3,2,26,36,9,3,28,8,2,2.0,24,0.0,0,0.964285714,0.5,1,2,7.0,1,0.6667
7,2,0,18,35,7,1,18,6,0.666666667,196,1.0,1,0.9,0.253968254,1,5,26.57142857,5,1.5714
38,4,2,21,98,527,8,15,33,0.914004914,807,0.909090909,2,0.845188285,0.150717703,3,19,19.94736842,10,2.0
7,1,0,15,16,0,8,7,6,0.738095238,440,0.142857143,2,0.0,0.261904762,0,0,60.85714286,19,5.7143
9,2,0,13,46,32,2,12,3,0.90625,409,0.5,1,0.416666667,0.25,0,0,44.0,1,0.7778
1,1,0,9,1,0,8,1,1,2.0,1,0.0,0,0.0,1.0,0,0,0.0,1,1.0
15,3,0,17,69,105,3,0,7,1.071428571,583,1.0,0,0.735849057,0.275,1,2,37.8,1,0.9333
7,2,0,8,29,17,1,7,6,0.75,374,1.0,2,0.444444444,0.333333333,0,0,51.28571429,1,0.7143
16,1,0,0,16,120,0,0,16,2.0,16,0.0,0,0.0,0.6875,0,0,0.0,1,1.0
3,3,0,7,8,3,2,5,3,2.0,23,0.0,0,0.952380952,0.555555556,1,1,6.666666667,1,0.6667
4,3,2,9,12,0,8,1,4,0.0,57,1.0,1,0.857142857,0.5,2,2,13.0,2,1.0
4,1,0,3,4,6,2,1,4,2.0,4,0.0,0,0.0,0.5,0,0,0.0,1,1.0
12,2,0,10,23,6,3,7,12,0.672727273,154,0.0,0,0.592592593,0.316666667,1,1,11.41666667,2,1.0
6,1,0,6,8,15,3,3,6,2.0,24,0.0,0,0.0,0.555555556,0,0,3.0,2,1.0
13,2,0,14,124,8,3,14,3,0.943333333,1749,0.28,3,0.333333333,0.171597633,0,0,131.6153846,22,4.2308
28,1,0,34,63,200,29,7,24,0.805555556,528,1.0,2,0.0,0.219387755,0,0,17.57142857,8,1.8571
10,1,0,6,31,3,1,6,0,0.611111111,806,0.5,3,0.0,0.3125,0,0,79.0,11,2.8
3,6,0,5,28,1,1,4,3,0.5,435,1.0,9,0.997019374,1.0,3,5,137.3333333,2,1.3333
3,1,0,4,5,3,0,4,3,2.0,18,0.0,0,0.0,0.833333333,0,0,5.0,1,0.6667
6,1,2,7,19,7,2,5,1,0.866666667,141,0.333333333,2,0.0,0.416666667,0,0,21.5,7,2.1667
9,2,0,5,20,0,3,2,9,0.5,141,1.0,0,0.6,0.416666667,0,0,14.22222222,1,0.6667
5,4,0,3,17,10,0,3,4,2.0,87,0.0,0,0.948717949,0.533333333,1,2,16.4,3,1.2
17,2,0,2,18,120,1,1,17,0.9375,84,1.0,0,0.111111111,0.367647059,0,0,3.470588235,1,0.9412
10,2,0,11,24,45,4,7,7,2.0,99,0.0,0,0.842105263,0.328571429,0,0,8.9,2,1.1
6,1,0,18,22,0,10,10,4,0.533333333,316,0.333333333,2,0.0,0.357142857,0,0,51.16666667,2,1.0
10,2,0,15,29,11,3,12,6,0.666666667,181,1.0,4,0.666666667,0.355555556,1,1,16.6,3,1.1
2,4,0,2,4,1,0,2,1,2.0,20,0.0,0,0.971428571,0.75,1,1,9.0,3,1.5
8,1,0,6,22,0,3,3,8,0.142857143,176,1.0,0,0.0,0.40625,0,0,20.875,5,3.125
6,1,0,6,9,15,4,3,6,2.0,34,0.0,0,0.0,0.611111111,0,0,4.666666667,2,1.0
4,4,8,14,23,6,9,5,3,2.0,94,0.0,0,0.985915493,0.55,1,1,22.5,1,0.75
10,2,0,3,34,45,0,3,10,2.0,341,0.0,0,0.181818182,0.275,0,0,33.1,5,2.6
34,2,0,10,60,187,4,7,34,0.747474747,728,0.888888889,2,0.184210526,0.198529412,2,3,20.14705882,8,1.4118
4,3,0,1,5,4,0,1,3,0.666666667,16,1.0,1,0.964285714,0.666666667,1,1,2.75,1,0.5
1,1,0,6,2,0,6,0,0,2.0,21,0.0,1,0.0,1.0,0,0,15.0,0,0.0
11,4,0,6,35,9,0,6,8,0.7,217,1.0,2,0.886363636,0.363636364,2,2,18.36363636,3,1.4545
3,6,0,4,21,1,1,3,1,0.5,159,1.0,1,0.996987952,1.0,1,3,50.0,1,0.6667
3,3,0,3,5,1,0,3,2,0.5,14,1.0,0,0.973684211,1.0,0,0,3.333333333,1,0.3333
3,2,3,6,12,3,3,3,2,2.0,47,0.0,0,0.6,0.666666667,0,0,14.66666667,1,0.6667
6,1,0,6,7,9,1,5,6,0.6,25,0.0,0,0.0,0.375,0,0,3.0,1,0.8333
14,2,0,15,28,25,6,12,14,0.615384615,109,1.0,0,0.666666667,0.273809524,0,0,6.642857143,3,1.0714
11,2,0,5,21,49,2,3,9,0.933333333,107,0.333333333,0,0.578947368,0.522727273,1,6,8.454545455,2,0.8182
15,1,0,0,15,105,0,0,15,2.0,15,0.0,0,0.0,0.488888889,0,0,0.0,1,1.0
8,1,2,8,14,8,2,6,7,0.428571429,175,1.0,0,0.0,0.4375,0,0,20.75,11,3.125
9,2,0,4,24,0,0,4,9,0.625,109,1.0,2,0.619047619,0.288888889,1,6,10.77777778,3,1.2222
11,2,0,6,26,0,4,2,11,0.58,181,1.0,0,0.529411765,0.409090909,0,0,15.0,1,0.7273
3,4,0,9,21,3,0,9,2,1.5,119,1.0,0,0.964285714,0.666666667,2,4,38.33333333,2,1.0
1,1,0,0,1,0,0,0,1,2.0,1,0.0,0,0.0,1.0,0,0,0.0,1,1.0
15,7,0,12,91,47,2,11,3,0.808035714,1186,1.0,3,0.979010495,0.283333333,1,1,77.0,7,1.3333
4,5,0,6,9,6,1,5,3,2.0,64,0.0,0,0.9765625,0.4375,1,6,15.0,4,1.5
54,1,1,47,138,1259,37,18,38,0.938903863,1694,0.80952381,4,0.0,0.110987791,0,0,29.98148148,6,1.6296
7,1,0,25,49,5,5,20,7,0.733333333,321,1.0,4,0.0,0.392857143,0,0,44.14285714,1,0.8571
12,2,0,5,22,46,2,3,10,0.818181818,127,0.5,0,0.55,0.4,1,6,9.416666667,2,1.0
3,4,0,4,5,3,1,3,3,2.0,12,0.0,0,0.988950276,0.666666667,1,2,3.0,1,0.6667
19,2,0,5,35,109,1,4,17,0.817460317,265,0.857142857,1,0.407407407,0.368421053,1,6,12.57894737,2,0.8947
12,2,0,6,22,46,3,3,10,0.818181818,128,0.5,0,0.55,0.4,1,6,9.5,2,1.0
11,2,0,3,24,25,2,1,7,0.833333333,177,0.0,0,0.64,0.303030303,2,3,14.81818182,6,2.0
9,2,0,9,49,4,2,7,8,0.625,564,1.0,0,0.619047619,0.377777778,0,0,61.33333333,11,3.0
8,6,0,7,31,20,5,4,1,0.761904762,119,0.666666667,1,0.991017964,0.5,4,12,13.5,1,0.75
7,1,0,0,7,21,0,0,7,2.0,7,0.0,0,0.0,0.428571429,0,0,0.0,1,1.0
39,2,0,15,103,609,10,6,24,0.886363636,1377,0.636363636,1,0.5,0.184210526,1,5,33.74358974,12,1.8462
8,1,0,6,21,28,3,3,6,1.0,70,0.0,0,0.0,0.175,0,0,7.625,3,1.25
5,4,0,2,10,10,0,2,5,2.0,31,0.0,0,0.959183673,0.45,1,2,5.2,1,0.8
3,3,0,25,37,3,3,23,2,2.0,245,0.0,0,0.965517241,0.5,2,4,80.66666667,15,5.3333
2,2,0,12,19,1,1,11,1,2.0,89,0.0,0,0.947368421,0.625,1,1,43.5,1,0.5
2,2,0,1,4,1,0,1,2,2.0,16,0.0,0,0.75,0.75,1,1,7.0,2,1.0
4,4,0,7,16,4,0,7,3,1.0,48,1.0,0,0.964285714,0.555555556,1,6,10.75,1,0.5
10,2,0,11,24,1,1,10,6,0.638888889,126,1.0,3,0.619047619,0.277777778,1,1,11.2,2,0.9
4,1,0,6,10,6,1,5,4,2.0,34,0.0,0,0.0,0.5,0,0,7.5,1,0.75
56,2,1,21,84,714,14,7,56,0.739393939,839,0.833333333,1,0.363636364,0.160714286,1,4,13.875,9,1.5714
24,4,0,14,85,180,0,14,13,0.782608696,741,1.0,0,0.710526316,0.326086957,2,2,29.54166667,7,1.625
16,1,0,8,28,74,3,7,12,0.844444444,154,1.0,1,0.0,0.1875,0,0,8.25,3,1.1875
13,1,0,63,35,60,63,0,8,0.333333333,618,0.666666667,0,0.0,0.212962963,0,0,46.30769231,10,1.8462
1,1,0,16,1,0,16,0,1,2.0,1,0.0,0,0.0,1.0,0,0,0.0,1,1.0
4,2,0,3,26,0,0,3,1,1.0,115,1.0,0,0.727272727,0.625,2,3,27.0,1,0.75
17,2,4,8,36,30,5,3,6,0.912946429,505,1.0,0,0.704545455,0.25,0,0,27.05882353,3,1.2353
12,1,0,10,24,26,5,5,7,0.75,182,0.0,2,0.0,0.333333333,0,0,13.5,3,0.8333
21,1,0,4,41,0,3,2,21,0.59,357,1.0,0,0.0,0.261904762,0,0,15.76190476,4,1.619
12,2,0,5,24,46,1,4,10,0.818181818,141,0.5,0,0.55,0.5,1,6,10.58333333,2,0.8333
13,4,0,3,33,68,0,3,12,0.833333333,184,1.0,0,0.803278689,0.487179487,0,0,12.76923077,3,1.0769
2,1,0,2,4,1,2,0,2,2.0,55,0.0,0,0.0,0.5,0,0,26.5,5,2.5
4,2,0,15,22,6,2,13,1,2.0,119,0.0,0,0.85,0.4375,1,1,28.75,1,0.75
1,1,0,1,2,0,1,0,0,2.0,6,0.0,0,0.0,1.0,0,0,3.0,0,0.0
13,2,0,8,29,34,3,5,13,0.854166667,179,0.5,0,0.612903226,0.323076923,1,5,12.46153846,1,0.9231
26,2,0,6,46,153,1,5,24,0.8,501,0.888888889,2,0.323529412,0.346153846,1,6,17.92307692,2,0.9231
2,6,0,2,7,0,1,1,2,0.0,25,1.0,0,0.944444444,0.666666667,0,0,11.0,1,0.5
5,1,0,3,9,0,1,2,5,0.666666667,64,1.0,0,0.0,0.533333333,0,0,11.2,1,0.8
4,1,5,9,5,6,5,4,4,2.0,10,0.0,0,0.0,0.4375,0,0,1.5,1,0.75
3,4,0,1,4,1,0,1,2,0.5,595,0.0,0,0.976190476,1.0,0,0,197.0,1,0.3333
9,2,0,6,19,0,2,4,1,0.625,120,1.0,0,0.5,0.388888889,1,2,12.0,2,1.0
2,2,0,9,19,1,1,8,2,2.0,120,0.0,0,0.958333333,1.0,1,1,59.0,1,0.5
7,2,0,6,13,0,1,5,6,0.5,189,0.5,0,0.666666667,0.333333333,0,0,25.71428571,1,0.1429
1,1,0,11,1,0,11,0,1,2.0,1,0.0,0,0.0,1.0,0,0,0.0,1,1.0
2,3,0,5,4,1,1,4,1,2.0,9,0.0,0,0.9,0.75,1,1,3.5,1,0.5
3,3,0,0,4,1,0,0,2,0.5,1248,1.0,0,0.974358974,1.0,0,0,414.6666667,1,0.3333
14,1,0,2,25,3,1,1,13,0.602564103,237,0.0,0,0.0,0.404761905,0,0,15.5,1,0.9286
15,1,0,16,81,47,4,15,7,0.767857143,651,0.75,0,0.0,0.157142857,0,0,42.13333333,15,3.4667
15,2,0,6,31,43,1,5,15,0.833333333,229,0.666666667,0,0.575757576,0.333333333,1,5,13.86666667,1,0.9333
2,2,0,7,5,1,2,5,2,1.0,22,0.0,0,0.947368421,0.625,1,1,9.5,1,0.5
1,3,0,4,2,0,3,1,1,2.0,13,0.0,0,1.0,1.0,0,0,7.0,0,0.0
1,1,0,8,1,0,6,2,1,2.0,1,0.0,0,0.0,1.0,0,0,0.0,1,1.0
5,7,0,8,52,2,1,8,4,0.5,364,1.0,1,0.99391172,0.466666667,0,0,70.8,3,1.6
12,1,0,9,18,18,9,0,6,0.892561983,845,0.090909091,0,0.0,0.418181818,0,0,68.5,22,7.75
1,1,0,3,1,0,2,1,1,2.0,1,0.0,0,0.0,1.0,0,0,0.0,1,1.0
6,8,0,27,35,13,3,24,4,0.933333333,233,1.0,3,0.997028232,0.5,1,1,37.33333333,3,0.6667
11,1,0,0,11,55,0,0,11,2.0,11,0.0,0,0.0,0.515151515,0,0,0.0,1,1.0
4,2,0,5,11,4,1,4,2,0.833333333,108,1.0,1,0.5,0.4,1,1,25.5,3,1.25
15,1,0,28,84,99,0,28,6,0.357142857,507,1.0,0,0.0,0.314285714,0,0,32.73333333,19,2.6
8,3,0,3,15,26,2,1,7,0.857142857,219,0.25,1,0.9,0.342857143,1,1,25.875,3,1.125
6,3,0,16,33,3,1,16,6,0.4,297,1.0,1,0.88372093,0.351851852,2,3,48.16666667,1,0.8333
5,4,0,6,17,6,2,6,5,0.75,94,1.0,0,0.927272727,0.6,2,2,17.4,3,1.2
8,1,0,7,15,22,3,4,4,0.619047619,100,1.0,1,0.0,0.354166667,0,0,11.125,2,0.875
11,2,0,8,31,0,4,5,7,0.55,178,0.0,0,0.615384615,0.363636364,1,2,15.0,4,1.9091
8,2,0,8,34,12,2,6,5,0.714285714,223,1.0,0,0.5,0.291666667,0,0,26.375,8,2.0
10,2,0,3,23,0,0,3,10,0.5,116,1.0,1,0.590909091,0.35,1,8,10.4,4,1.3
7,1,0,5,9,21,0,5,6,2.0,44,0.0,0,0.0,0.857142857,0,0,5.285714286,1,0.8571
2,4,0,3,4,1,2,1,2,2.0,12,1.0,0,1.0,0.833333333,0,0,4.5,0,0.0
3,1,0,5,6,1,2,3,3,0.0,31,1.0,1,0.0,0.5,0,0,9.0,1,0.6667
3,5,1,4,6,3,3,1,3,1.5,17,1.0,0,1.0,0.777777778,0,0,4.333333333,0,0.0
5,1,7,10,6,10,7,3,3,1.25,17,1.0,0,0.0,0.366666667,0,0,2.2,1,0.6
11,4,0,3,14,55,0,3,11,2.0,61,0.0,0,0.891304348,0.545454545,1,6,4.545454545,1,0.9091
25,2,0,9,51,228,6,3,20,0.770833333,419,0.833333333,0,0.333333333,0.251428571,2,6,15.52,6,1.64
12,6,0,6,38,28,3,5,1,0.392344498,645,1.0,2,0.983655275,0.5,1,3,51.16666667,5,1.4167
4,2,0,4,9,0,1,3,0,0.444444444,80,1.0,0,0.7,0.357142857,1,2,18.25,5,1.75
11,1,0,4,15,21,1,3,11,0.533333333,90,1.0,0,0.0,0.454545455,0,0,6.909090909,1,0.6364
3,1,0,5,12,0,0,5,3,0.875,61,0.75,1,0.0,0.555555556,0,0,18.0,4,1.6667
15,1,0,7,25,49,2,5,12,0.833333333,139,0.833333333,3,0.0,0.208333333,0,0,7.866666667,6,1.2667
5,3,0,1,16,8,0,1,3,1.24795082,4275,0.0,0,0.926829268,0.333333333,0,0,805.2,2,0.8
9,1,0,11,9,36,10,1,9,2.0,9,0.0,0,0.0,0.333333333,0,0,0.0,1,1.0
1,1,0,0,2,0,0,0,1,2.0,9,0.0,0,0.0,1.0,0,0,3.0,0,0.0
3,1,0,2,15,3,1,1,0,2.0,63,0.0,0,0.0,0.5,0,0,20.0,1,0.6667
11,2,0,5,21,43,2,3,9,0.85,106,0.5,0,0.578947368,0.522727273,1,6,8.454545455,2,0.8182
2,3,0,1,3,1,1,0,2,2.0,7,0.0,0,0.947368421,0.75,1,1,2.5,1,0.5
4,3,0,1,8,4,1,0,4,1.0,82,0.0,0,0.857142857,0.35,2,2,18.5,1,0.75
5,6,0,5,13,0,1,5,3,0.25,129,1.0,0,0.979020979,0.366666667,1,1,24.6,17,4.0
8,2,0,20,21,26,11,9,6,0.428571429,89,0.0,0,0.72,0.4375,1,1,10.0,1,0.875
0,1,0,0,0,0,0,0,0,2.0,7,0.0,0,0.0,0.0,0,0,0.0,0,0.0
5,1,4,5,11,10,4,1,5,2.0,48,0.0,0,0.0,0.45,0,0,8.6,2,1.6
9,1,0,7,29,12,5,2,8,0.625,453,1.0,0,0.0,0.416666667,0,0,49.0,7,2.5556
16,1,0,25,99,0,3,24,0,0.691666667,1172,0.9375,8,0.0,0.2,0,0,71.25,1,0.8125
4,1,0,2,7,0,1,1,3,0.222222222,62,1.0,0,0.0,0.666666667,0,0,13.75,3,1.75
22,1,0,29,95,137,9,22,16,0.785714286,1219,0.666666667,2,0.0,0.20952381,0,0,54.13636364,14,2.0455
19,5,0,30,126,53,17,20,12,0.537037037,781,1.0,5,0.973174367,0.210526316,1,1,39.78947368,22,3.0526
0,1,0,6,0,0,5,1,0,2.0,218,0.0,0,0.0,0.0,0,0,0.0,0,0.0
45,2,0,11,147,580,1,10,43,0.733333333,1264,0.8,2,0.232142857,0.14017094,0,0,26.75555556,3,1.0444
19,2,0,7,30,95,2,5,17,0.888888889,322,0.5,0,0.392857143,0.305263158,1,4,15.42105263,2,0.9474
3,1,0,10,20,3,2,10,3,2.0,89,0.0,0,0.0,0.666666667,0,0,28.66666667,4,1.6667
18,1,2,24,68,151,18,8,17,1.044117647,386,0.125,0,0.0,0.152777778,0,0,20.0,4,1.5
14,5,0,10,43,15,0,10,12,0.615384615,168,1.0,1,0.891666667,0.392857143,3,5,10.85714286,5,1.3571
4,2,0,2,5,6,0,2,4,2.0,12,0.0,0,0.571428571,0.5,0,0,2.0,1,0.75
3,3,0,3,10,0,0,3,3,0.0,32,1.0,0,0.948717949,0.666666667,0,0,9.333333333,1,0.6667
7,1,0,1,12,9,1,0,7,0.333333333,47,1.0,0,0.0,0.476190476,0,0,5.428571429,1,0.7143
7,2,0,11,21,17,6,5,6,0.666666667,90,1.0,0,0.375,0.375,0,0,11.57142857,2,1.0
3,3,0,2,11,3,2,0,3,2.0,61,0.0,0,0.95,0.833333333,1,2,19.33333333,5,2.3333
5,1,0,13,26,6,1,12,2,0.75,145,0.8,0,0.0,0.3125,0,0,27.0,6,1.6
5,1,0,2,6,0,2,0,4,0.416666667,103,1.0,0,0.0,0.466666667,0,0,19.0,3,1.4
6,7,0,8,47,9,3,8,3,0.8,300,1.0,0,0.992435703,0.388888889,0,0,48.5,1,0.8333
3,1,0,9,3,3,7,2,3,2.0,3,0.0,0,0.0,1.0,0,0,0.0,1,1.0
2,5,0,4,7,0,2,2,2,0.0,23,1.0,0,0.95,0.666666667,0,0,10.0,1,0.5
15,2,0,13,48,63,3,10,13,0.830357143,295,0.875,2,0.235294118,0.255102041,1,1,18.13333333,12,2.0
14,2,0,7,26,57,3,4,12,0.769230769,195,0.666666667,0,0.5,0.482142857,1,6,12.71428571,2,0.8571
7,3,5,9,26,0,5,4,6,0.0,141,1.0,0,0.857142857,0.314285714,1,3,19.0,3,1.5714
11,2,0,5,21,49,2,3,9,0.85,106,0.5,0,0.578947368,0.522727273,1,6,8.454545455,2,0.8182
5,1,15,60,15,0,60,1,3,0.0,57,1.0,0,0.0,0.466666667,0,0,10.2,1,0.6
6,2,0,7,14,15,3,5,5,2.0,57,0.0,0,0.705882353,0.333333333,2,3,8.5,3,1.1667
16,2,0,5,28,72,1,4,14,0.933333333,254,0.333333333,0,0.458333333,0.46875,1,6,14.3125,2,0.875
38,3,4,16,68,601,4,12,13,0.92845787,534,1.0,1,0.5,0.289473684,0,0,12.60526316,5,1.3684
9,4,0,21,41,24,0,21,5,0.53125,311,1.0,1,0.923076923,0.253968254,3,13,33.11111111,6,2.4444
1,1,0,1,2,0,1,0,1,2.0,12,0.0,0,0.0,1.0,0,0,9.0,0,0.0
2,1,0,4,4,1,0,4,2,2.0,12,0.0,0,0.0,0.75,0,0,5.0,1,0.5
11,2,0,5,26,0,0,5,8,0.666666667,272,1.0,3,0.565217391,0.309090909,1,7,23.18181818,4,1.6364
0,1,0,46,0,0,45,1,0,2.0,0,0.0,0,0.0,0.0,0,0,0.0,0,0.0
0,1,0,0,0,0,0,0,0,2.0,7,0.0,0,0.0,0.0,0,0,0.0,0,0.0
7,1,2,8,8,21,3,5,7,2.0,13,0.0,0,0.0,0.306122449,0,0,0.857142857,1,0.8571
12,3,0,8,19,60,1,8,9,0.363636364,101,1.0,0,0.52173913,0.354166667,1,1,7.333333333,3,1.1667
2,2,0,9,24,1,1,8,2,2.0,222,0.0,0,0.958333333,1.0,1,1,110.0,1,0.5
4,3,0,1,15,6,0,1,3,1.333333333,2120,0.0,0,0.926829268,0.333333333,0,0,495.5,2,1.0
11,1,0,13,12,55,11,2,10,1.0,20,0.0,1,0.0,0.52,0,0,0.727272727,1,0.9091
10,2,0,6,19,33,2,4,8,0.833333333,101,0.5,0,0.578947368,0.266666667,1,4,8.9,2,1.1
8,2,0,4,12,22,1,4,7,0.885714286,94,0.8,0,0.583333333,0.270833333,1,2,10.125,1,0.625
2,1,0,8,37,1,2,6,2,2.0,139,0.0,0,0.0,0.5,0,0,68.5,2,1.0
5,7,5,8,27,8,6,3,5,0.625,121,1.0,0,0.995359629,0.6,2,2,22.8,6,1.8
5,2,0,8,20,8,0,8,3,1.107142857,116,0.857142857,0,0.25,0.416666667,0,0,20.8,7,1.8
4,1,0,6,4,6,6,0,4,2.0,4,0.0,0,0.0,1.0,0,0,0.0,1,1.0
4,3,0,3,5,4,1,3,4,0.666666667,22,1.0,1,0.5,0.5,0,0,4.25,1,0.75
2,1,0,9,10,0,2,7,2,0.4,110,1.0,4,0.0,0.625,0,0,51.5,9,4.5
33,4,3,45,76,472,26,20,31,0.96875,610,0.0,6,0.801470588,0.173611111,3,30,17.3030303,2,1.1515
2,1,0,2,4,1,2,0,1,2.0,39,0.0,0,0.0,0.5,0,0,18.5,3,1.5
5,2,0,7,17,0,2,7,5,0.0,71,1.0,1,0.333333333,0.533333333,1,1,13.0,1,0.8
22,1,1,22,72,121,14,9,22,0.87755102,469,1.0,1,0.0,0.166666667,0,0,20.0,8,1.8182
67,1,3,12,111,1771,3,9,47,0.931515152,958,0.96,4,0.0,0.138059701,0,0,12.92537313,10,1.4776
3,2,0,4,6,0,2,3,3,0.333333333,44,0.0,3,0.5,0.466666667,0,0,12.66666667,3,1.3333
11,1,0,10,49,31,5,5,8,0.925,429,0.5,1,0.0,0.266666667,0,0,37.27272727,12,3.1818
14,1,0,4,33,39,0,4,13,0.692307692,231,1.0,0,0.0,0.261538462,0,0,15.14285714,1,0.8571
3,3,0,5,7,0,1,4,1,0.0,24,1.0,1,0.916666667,0.5,1,1,6.666666667,1,0.6667
1,1,0,0,1,0,0,0,1,2.0,1,0.0,0,0.0,1.0,0,0,0.0,1,1.0
2,2,0,5,16,1,1,4,2,2.0,60,0.0,0,0.833333333,0.666666667,0,0,29.0,4,2.0
17,2,0,9,27,92,3,7,17,0.703125,141,1.0,1,0.869158879,0.294117647,1,4,7.058823529,3,1.0
2,4,0,2,4,1,0,2,2,2.0,315,0.0,0,0.976190476,1.0,0,0,156.5,1,0.5
5,3,0,18,24,0,2,16,4,0.25,84,1.0,1,0.933333333,0.314285714,1,4,15.4,1,0.8
5,1,0,7,5,10,6,1,5,2.0,5,0.0,0,0.0,0.4,0,0,0.0,1,1.0
12,1,0,3,44,64,1,2,0,0.981818182,586,1.0,0,0.0,0.318181818,0,0,47.41666667,8,1.8333
11,2,0,6,23,25,3,3,9,0.8,183,0.5,0,0.55,0.431818182,1,6,15.27272727,3,1.1818
5,4,0,1,9,10,1,0,3,0.75,81,0.0,0,0.924528302,0.44,2,2,15.0,5,2.0
50,1,0,46,108,697,27,20,48,0.871985158,976,0.909090909,2,0.0,0.135007849,0,0,18.3,8,2.1
4,1,0,3,23,6,0,3,2,2.0,93,0.0,0,0.8125,1.0,1,2,22.25,1,0.75
8,3,0,23,62,2,2,22,6,0.619047619,411,1.0,2,0.888888889,0.270833333,1,6,50.0,10,3.75
6,1,0,7,12,15,2,5,6,2.0,29,0.0,0,0.0,1.0,0,0,3.833333333,1,0.8333
3,3,0,6,9,0,1,5,3,0.833333333,41,0.666666667,2,0.875,0.466666667,0,0,11.66666667,1,0.6667
3,5,0,4,8,0,1,3,3,0.5,32,1.0,2,0.894736842,0.555555556,0,0,9.0,1,0.6667
4,1,0,4,15,2,2,2,1,0.555555556,226,1.0,0,0.0,0.333333333,0,0,54.75,6,1.75
4,1,0,2,5,0,2,0,4,0.666666667,28,1.0,0,0.0,0.5,0,0,5.25,1,0.75
10,1,0,6,21,45,1,5,10,2.0,116,0.0,0,0.0,0.5,0,0,10.6,1,0.9
37,1,0,25,101,552,10,15,35,0.919871795,899,0.576923077,7,0.0,0.18018018,0,0,22.59459459,12,2.1081
10,3,0,15,40,39,4,12,5,0.777777778,177,1.0,0,0.741935484,0.271604938,0,0,16.6,5,1.5
14,1,1,23,45,83,3,20,7,0.615384615,285,1.0,1,0.0,0.253846154,0,0,19.21428571,7,1.4286
45,1,0,41,77,898,36,5,28,0.795454545,1473,0.5,2,0.0,0.083333333,0,0,31.64444444,12,1.7111
9,2,0,5,13,36,2,3,9,1.125,60,0.333333333,0,0.3,0.259259259,0,0,5.333333333,1,0.7778
3,1,0,3,4,3,2,2,3,2.0,8,0.0,0,0.0,0.75,0,0,1.666666667,1,0.6667
36,4,0,6,58,630,1,6,35,1.0,471,1.0,2,0.728682171,0.214285714,0,0,12.02777778,7,2.0
3,7,0,11,14,0,1,10,3,0.0,119,1.0,0,0.985185185,0.555555556,3,3,38.33333333,5,2.3333
8,1,0,1,25,22,1,0,6,0.428571429,126,1.0,0,0.0,0.178571429,0,0,14.625,5,1.375
2,3,0,0,3,1,0,0,2,2.0,229,0.0,0,0.974358974,1.0,0,0,113.5,1,0.5
2,1,0,6,2,1,4,3,2,2.0,2,0.0,0,0.0,0.625,0,0,0.0,1,1.0
5,2,0,9,27,0,4,7,5,0.3125,180,1.0,1,0.9,0.433333333,1,1,34.2,2,0.8
7,1,0,17,51,3,0,17,6,0.083333333,282,1.0,1,0.0,0.303571429,0,0,39.0,6,1.8571
3,1,0,5,12,0,4,1,3,0.5,133,0.0,0,0.0,0.555555556,0,0,42.0,1,0.6667
5,2,1,8,11,6,2,6,4,0.75,81,1.0,1,0.666666667,0.288888889,1,2,14.0,2,1.0
7,2,0,7,11,0,7,0,6,0.75,252,1.0,0,0.6,0.428571429,1,2,33.85714286,2,1.0
8,4,1,11,50,22,2,9,4,0.785714286,287,0.5,0,0.967741935,0.425,1,1,34.625,1,0.875
10,1,0,24,47,19,4,20,7,0.733333333,875,0.6,0,0.0,0.25,0,0,86.0,4,2.0
10,3,0,9,33,3,0,9,8,0.722222222,145,1.0,1,0.804347826,0.4,2,4,13.1,2,1.3
2,4,0,10,17,1,0,10,2,2.0,88,0.0,0,0.979591837,0.75,2,7,42.5,1,0.5
5,4,0,2,8,10,0,2,5,2.0,28,0.0,0,0.959183673,0.6,0,0,4.6,1,0.8
7,3,0,23,36,21,1,23,2,2.0,213,0.0,0,0.821428571,0.476190476,2,2,29.42857143,4,1.1429
2,2,0,6,4,1,4,2,0,2.0,39,0.0,0,0.916666667,0.666666667,1,3,18.5,4,2.0
3,1,0,4,5,3,0,4,3,2.0,18,0.0,0,0.0,0.833333333,0,0,5.0,1,0.6667
7,1,0,9,22,5,0,9,7,0.7,114,1.0,1,0.0,0.392857143,0,0,14.57142857,5,1.4286
10,3,0,8,46,11,1,8,3,0.80952381,334,1.0,1,0.714285714,0.314814815,1,1,31.7,1,0.8
7,1,0,5,23,21,4,3,6,2.0,112,0.0,0,0.0,0.607142857,0,0,15.0,4,2.0
2,1,0,2,2,1,1,1,2,2.0,2,0.0,0,0.0,0.75,0,0,0.0,1,1.0
16,1,3,14,26,82,12,2,9,0.733333333,183,1.0,1,0.0,0.546875,0,0,10.0625,2,1.0
17,2,0,7,32,64,1,6,15,0.75,270,0.8,0,0.423076923,0.218487395,1,4,14.58823529,2,0.9412
7,1,0,6,7,21,3,3,7,2.0,7,0.0,0,0.0,1.0,0,0,0.0,1,1.0
6,7,0,8,47,9,3,8,3,0.8,311,1.0,0,0.992401216,0.388888889,0,0,50.33333333,1,0.8333
2,1,0,3,4,0,1,3,2,0.0,14,0.0,1,0.0,0.666666667,0,0,5.5,1,0.5
18,1,0,18,18,153,13,5,18,2.0,18,0.0,0,0.0,0.342592593,0,0,0.0,1,1.0
1,2,0,8,2,0,3,5,1,2.0,10,0.0,0,0.0,1.0,0,0,9.0,0,0.0
7,2,0,6,30,1,1,5,7,0.0,373,1.0,0,0.142857143,0.314285714,1,1,51.57142857,12,3.5714
10,3,0,20,41,0,0,20,9,0.62962963,362,0.666666667,2,0.898734177,0.26984127,2,9,34.6,8,2.4
4,2,0,1,6,0,0,1,4,0.333333333,22,1.0,0,0.666666667,0.583333333,0,0,4.25,1,0.5
4,3,0,3,17,4,0,3,3,1.0,99,1.0,0,0.925,0.75,1,1,23.25,2,1.0
3,1,0,2,13,1,1,1,3,1.441176471,76,0.058823529,1,0.0,0.5,0,0,18.66666667,4,1.6667
6,2,0,4,12,0,4,0,6,0.0,70,1.0,0,0.5,0.458333333,1,1,10.33333333,1,0.8333
8,2,0,10,29,0,2,8,8,0.5,169,1.0,1,0.65,0.270833333,0,0,19.875,6,2.125
7,2,0,3,9,9,1,3,7,0.944444444,69,0.666666667,0,0.583333333,0.314285714,1,2,8.428571429,9,1.8571
4,2,0,14,9,0,9,6,4,0.0,36,1.0,0,0.923076923,0.5,1,1,7.75,1,0.75
10,4,0,10,27,3,3,8,9,0.333333333,107,1.0,0,0.968421053,0.283333333,2,3,9.6,4,0.9
3,1,0,2,6,0,0,2,3,0.0,24,0.0,1,0.0,0.666666667,0,0,6.666666667,1,0.6667
3,3,0,4,7,3,0,4,3,2.0,20,0.0,0,0.714285714,0.555555556,2,3,5.666666667,1,0.6667
2,2,0,10,9,1,1,9,1,1.0,36,0.0,0,0.947368421,0.625,1,1,16.0,1,0.5
30,1,1,9,33,0,9,0,30,0.422413793,933,1.0,0,0.0,0.4,0,0,29.96666667,5,2.1667
3,1,0,14,3,3,13,1,3,2.0,3,0.0,0,0.0,1.0,0,0,0.0,1,1.0
2,5,0,7,8,1,0,7,2,2.0,34,0.0,0,0.98245614,0.75,1,6,16.0,1,0.5
5,3,0,2,41,4,1,1,5,0.65,213,1.0,0,0.987987988,0.7,2,5,40.6,2,1.0
14,1,0,10,39,0,2,8,13,0.661538462,225,1.0,2,0.0,0.224489796,0,0,14.71428571,4,1.7143
4,2,0,8,6,0,1,7,4,0.0,37,1.0,0,0.8,0.45,0,0,8.0,3,1.25
4,2,0,7,17,0,1,6,3,0.166666667,94,1.0,1,0.666666667,0.5,0,0,22.0,1,0.5
1,1,0,2,1,0,1,1,1,2.0,1,0.0,0,0.0,1.0,0,0,0.0,1,1.0
6,1,0,27,6,15,26,2,6,2.0,6,0.0,0,0.0,0.541666667,0,0,0.0,1,1.0
6,2,0,12,30,13,0,12,3,0.866666667,167,0.333333333,0,0.6,0.4,1,2,26.33333333,11,2.5
4,4,0,3,12,6,2,1,4,2.0,99,0.0,0,0.953488372,0.357142857,1,3,23.75,3,1.0
1,4,0,17,2,0,17,0,1,2.0,5,0.0,0,1.0,1.0,0,0,4.0,0,0.0
1,4,0,0,2,0,0,0,1,2.0,11,0.0,0,1.0,1.0,0,0,7.0,0,0.0
22,1,0,0,22,231,0,0,22,2.0,22,0.0,0,0.0,0.75,0,0,0.0,1,1.0
7,1,0,10,25,11,8,2,6,0.75,166,1.0,0,0.0,0.5,0,0,21.85714286,1,0.5714
15,2,0,18,66,77,9,13,2,0.87755102,315,1.0,3,0.566666667,0.222222222,1,1,19.53333333,2,0.9333
11,6,0,12,63,27,8,8,1,0.775,559,1.0,0,0.984871407,0.363636364,0,0,49.09090909,9,1.6364
13,1,0,3,49,64,1,2,0,0.916666667,699,0.833333333,0,0.0,0.3125,0,0,52.30769231,16,2.4615
4,1,0,2,12,6,0,2,3,2.0,37,0.0,0,0.0,0.5625,0,0,8.25,2,1.0
3,3,0,7,7,3,2,5,3,2.0,25,0.0,0,0.953488372,0.555555556,1,1,7.333333333,1,0.6667
12,4,0,17,87,20,0,17,9,0.916666667,687,0.25,2,0.876404494,0.260416667,2,2,55.25,2,1.0
18,2,0,11,36,123,1,10,18,0.68627451,142,1.0,2,0.19047619,0.161111111,0,0,6.722222222,1,0.9444
58,1,0,13,94,0,4,10,5,0.679425837,3321,0.454545455,2,0.0,0.163793103,0,0,56.06896552,6,1.4828
4,1,0,6,4,6,5,1,4,2.0,4,0.0,0,0.0,0.5,0,0,0.0,1,1.0
4,3,0,5,9,4,0,5,3,0.666666667,30,1.0,0,0.6,0.666666667,0,0,6.25,1,0.5
6,1,0,10,19,5,1,9,5,0.7,80,1.0,3,0.0,0.4,0,0,11.66666667,2,1.0
10,2,0,5,24,0,0,5,10,0.444444444,313,1.0,0,0.571428571,0.3,2,3,29.8,13,3.1
9,2,0,9,26,24,1,9,5,0.85,119,1.0,2,0.529411765,0.296296296,0,0,11.66666667,2,1.0
1,2,0,8,2,0,3,5,1,2.0,10,0.0,0,0.0,1.0,0,0,9.0,0,0.0
6,1,0,14,22,15,5,9,5,2.0,146,0.0,0,0.0,0.5,0,0,23.33333333,4,2.3333
21,2,0,6,45,150,0,6,17,0.78125,279,1.0,0,0.473684211,0.295238095,1,2,11.9047619,2,1.0952
4,1,0,4,16,0,1,3,3,0.5,242,1.0,0,0.0,0.4375,0,0,58.5,6,3.0
3,4,0,36,5,0,36,0,3,0.75,23,0.5,0,0.944444444,0.666666667,0,0,6.0,1,0.3333
3,5,0,9,11,3,0,9,3,2.0,37,0.0,0,0.99,0.533333333,3,5,11.33333333,1,0.3333
4,1,0,4,5,0,3,1,4,0.333333333,24,1.0,0,0.0,0.875,0,0,4.75,1,0.75
5,1,0,4,26,0,0,4,5,0.916666667,121,0.333333333,0,0.0,0.48,0,0,22.6,2,1.4
10,1,0,3,16,27,1,2,10,0.666666667,69,1.0,1,0.0,0.425,0,0,5.6,1,0.7
34,1,4,37,83,471,29,15,28,0.96969697,679,0.333333333,0,0.0,0.242424242,0,0,18.61764706,5,1.5588
19,2,2,12,47,83,2,10,12,0.855555556,297,0.8,4,0.433333333,0.1875,1,1,14.10526316,2,1.0526
5,1,19,26,18,10,19,7,0,1.0,154,1.0,0,0.0,0.45,0,0,26.8,5,1.4
7,1,0,8,17,9,3,5,5,0.5,151,1.0,0,0.0,0.566666667,0,0,19.57142857,5,1.8571
10,4,0,9,19,43,1,8,10,1.111111111,88,0.0,0,0.905263158,0.28,3,22,7.7,1,0.9
2,5,0,4,5,1,0,4,2,2.0,12,0.0,0,0.982142857,0.75,2,7,5.0,1,0.5
14,7,0,7,55,67,3,7,4,0.888888889,357,0.888888889,1,0.980568012,0.285714286,0,0,23.85714286,3,1.0714
5,5,0,7,8,6,0,7,5,0.916666667,41,1.0,0,0.971830986,0.325,1,2,6.6,1,0.8
9,2,0,16,32,28,0,16,7,0.625,228,1.0,2,0.461538462,0.325,1,1,24.0,8,2.2222
10,2,0,4,18,33,2,3,9,0.866666667,89,0.6,0,0.5,0.283333333,1,2,7.4,1,0.7
4,2,1,6,19,0,1,6,4,0.333333333,164,1.0,1,0.823529412,0.5,1,4,39.75,11,3.25
4,2,0,12,21,6,1,11,1,1.0,280,0.0,0,0.857142857,0.45,1,1,68.75,4,2.25
2,1,0,0,2,1,0,0,2,2.0,2,0.0,0,0.0,0.75,0,0,0.0,1,1.0
2,3,0,0,3,1,0,0,2,2.0,9,0.0,0,0.98,0.833333333,0,0,3.5,1,0.5
5,3,0,9,16,8,0,9,3,0.5,84,1.0,0,0.897435897,0.4,1,2,15.4,2,1.2
58,1,0,13,88,0,4,10,5,0.679425837,3479,0.454545455,2,0.0,0.163793103,0,0,58.79310345,6,1.4828
13,1,0,41,35,60,41,0,8,0.333333333,618,0.666666667,0,0.0,0.212962963,0,0,46.30769231,10,1.8462
2,3,0,3,7,1,0,3,1,2.0,24,0.0,0,0.833333333,0.666666667,1,1,11.0,1,0.5
2,4,0,3,5,0,0,3,1,0.0,13,1.0,1,1.0,1.0,0,0,5.0,0,0.0
3,1,0,1,9,0,1,1,2,0.0,67,1.0,1,0.0,0.5,0,0,20.0,3,1.6667
11,1,0,11,44,49,8,3,8,0.95,279,0.5,0,0.0,0.233333333,0,0,23.63636364,8,1.5455
2,1,2,7,16,0,2,5,1,0.0,66,1.0,1,0.0,0.666666667,0,0,31.5,1,0.5
9,2,0,9,23,36,9,9,0,2.0,82,0.0,0,0.529411765,0.444444444,0,0,8.111111111,1,0.8889
9,3,0,0,16,34,0,0,8,0.0,60,1.0,0,0.8,0.666666667,1,1,5.555555556,2,1.0
6,3,0,2,19,15,2,0,4,1.12,184,0.0,0,0.8125,0.5,1,1,28.83333333,14,2.8333
3,2,0,4,5,3,1,3,0,2.0,20,0.0,0,0.777777778,0.466666667,1,2,5.666666667,1,0.6667
4,3,0,6,5,0,6,0,2,1.095238095,54,0.0,0,0.944444444,0.666666667,0,0,10.75,1,0.25
16,5,0,16,44,8,4,13,14,0.813333333,261,0.8,2,0.899280576,0.18125,3,10,15.0,4,1.4375
12,2,0,7,29,30,2,5,11,0.757575758,171,1.0,1,0.388888889,0.25,1,1,12.75,2,1.1667
18,1,0,17,48,85,3,16,13,0.838235294,268,1.0,3,0.0,0.165775401,0,0,13.44444444,7,1.5556
8,2,1,4,21,0,2,3,8,0.333333333,158,1.0,2,0.65,0.34375,1,5,18.375,3,1.5
6,2,0,4,10,13,0,4,5,0.8,41,1.0,1,0.5,0.4,0,0,5.666666667,1,0.6667
31,3,0,20,103,209,0,20,25,0.82,673,1.0,2,0.552238806,0.161290323,1,3,20.38709677,2,1.0323
4,2,0,2,8,4,0,2,2,0.666666667,31,1.0,1,0.666666667,0.5,0,0,6.5,1,0.5
3,4,0,2,6,3,0,2,3,2.0,17,0.0,0,0.979166667,0.5,0,0,4.666666667,1,0.6667
7,2,0,3,18,0,1,2,4,0.619047619,366,1.0,0,0.142857143,0.428571429,0,0,50.28571429,11,4.2857
4,2,0,2,6,0,2,0,3,2.0,83,0.0,0,0.842105263,0.5625,1,11,19.75,3,1.25
15,1,0,12,50,105,8,5,14,1.071428571,913,0.428571429,0,0.0,0.237037037,0,0,59.4,29,7.2667
3,1,0,10,47,3,0,10,3,2.0,271,0.0,0,0.0,0.466666667,0,0,89.33333333,1,0.6667
4,3,0,6,15,6,1,5,4,2.0,39,0.0,0,0.959459459,0.5,2,12,8.75,1,0.75
6,5,0,10,29,5,5,9,1,0.7,140,1.0,3,0.992401216,0.388888889,0,0,21.66666667,2,1.0
7,1,0,30,17,0,27,3,7,0.0,155,1.0,0,0.0,0.464285714,0,0,21.0,4,1.8571
10,1,0,12,65,0,7,5,7,0.305555556,623,0.75,1,0.0,0.44,0,0,60.9,1,0.7
14,1,0,0,14,91,0,0,14,2.0,14,0.0,0,0.0,0.206349206,0,0,0.0,1,1.0
30,1,0,4,68,207,2,2,28,0.620689655,494,0.6,0,0.0,0.2,0,0,15.3,5,1.0667
17,2,0,6,38,104,2,4,15,0.883928571,293,0.0,1,0.44,0.485294118,1,6,15.82352941,2,1.1765
52,1,0,78,52,1326,72,10,52,2.0,52,0.0,0,0.0,0.126602564,0,0,0.0,1,1.0
5,2,0,2,18,10,2,0,5,2.0,107,0.0,0,0.888888889,0.6,1,2,20.4,4,1.8
2,4,0,5,7,1,0,5,2,2.0,600,0.0,0,0.976190476,1.0,0,0,299.0,1,0.5
0,1,0,0,0,0,0,0,0,2.0,0,0.0,0,0.0,0.0,0,0,0.0,0,0.0
14,1,0,10,42,73,0,10,10,0.461538462,192,1.0,0,0.0,0.306122449,0,0,12.57142857,2,1.0714
26,2,1,214,54,111,212,3,25,0.552,595,0.8,0,0.264705882,0.288461538,1,1,21.5,7,1.6923
5,1,0,3,6,6,0,3,5,0.75,24,1.0,2,0.0,0.466666667,0,0,3.4,1,0.8
3,4,0,5,5,0,5,0,3,0.75,23,0.5,0,0.944444444,0.666666667,0,0,6.0,1,0.3333
4,1,0,6,4,6,5,2,4,2.0,4,0.0,0,0.0,0.666666667,0,0,0.0,1,1.0
7,2,0,13,94,0,1,0,5,0.729166667,1203,1.0,2,0.739130435,0.357142857,1,2,169.7142857,1,0.8571
8,3,0,9,29,10,2,8,8,2.0,216,0.0,0,0.875,0.25,3,12,26.0,23,3.625
11,1,0,4,15,21,1,3,11,0.533333333,90,1.0,0,0.0,0.454545455,0,0,6.909090909,1,0.6364
15,1,32,37,34,63,34,3,7,0.846938776,239,1.0,0,0.0,0.377777778,0,0,14.46666667,5,1.4667
8,3,0,19,43,0,2,19,7,0.847619048,734,1.0,0,0.895522388,0.270833333,3,7,88.875,29,5.875
7,4,0,2,12,21,0,2,7,2.0,39,0.0,0,0.94,0.428571429,0,0,4.571428571,1,0.8571
3,2,0,3,12,1,1,2,3,0.0,159,0.0,1,0.75,0.888888889,0,0,51.0,9,3.0
0,1,0,5,0,0,5,0,0,2.0,53,0.0,0,0.0,0.0,0,0,0.0,0,0.0
3,2,0,1,5,3,0,1,3,2.0,12,0.0,0,0.923076923,0.666666667,1,2,3.0,1,0.3333
0,1,0,0,0,0,0,0,0,2.0,0,0.0,0,0.0,0.0,0,0,0.0,0,0.0
3,5,0,2,6,3,1,1,3,1.5,17,1.0,0,1.0,0.777777778,0,0,4.333333333,0,0.0
6,2,0,4,17,0,0,4,4,0.0,80,1.0,0,0.722222222,0.444444444,1,1,12.16666667,3,1.1667
9,6,0,7,33,28,0,7,6,0.8125,163,1.0,0,0.950617284,0.4,4,6,16.88888889,2,1.0
3,5,0,9,11,3,0,9,3,2.0,37,0.0,0,0.99,0.533333333,3,5,11.33333333,1,0.3333
1,1,0,4,1,0,3,1,1,2.0,1,0.0,0,0.0,1.0,0,0,0.0,1,1.0
12,2,0,5,22,54,2,3,10,0.818181818,117,0.5,0,0.55,0.5,1,6,8.583333333,2,0.8333
3,2,0,3,10,3,0,3,2,2.0,32,0.0,0,0.6,0.666666667,0,0,9.666666667,1,0.6667
33,2,0,6,43,322,3,4,6,0.859375,4244,0.761904762,1,0.138888889,0.257575758,1,1,126.3333333,32,5.6061
12,1,0,5,44,64,3,2,0,0.981818182,586,1.0,0,0.0,0.318181818,0,0,47.41666667,8,1.8333
28,1,11,23,50,346,16,7,22,0.888888889,258,1.0,5,0.0,0.155555556,0,0,7.928571429,3,1.25
5,0,0,12,18,0,2,10,2,0.55,87,1.0,3,0.0,0.5,0,0,15.4,1,0.4
42,4,1,19,74,741,7,13,40,0.948350072,550,1.0,4,0.655462185,0.210884354,3,3,11.69047619,2,1.2143
12,1,0,9,46,34,0,9,11,0.715909091,386,1.0,0,0.0,0.333333333,0,0,30.5,3,1.1667
3,1,0,0,3,3,0,0,3,2.0,3,0.0,0,0.0,0.666666667,0,0,0.0,1,1.0
2,4,0,2,6,0,1,1,2,0.0,20,1.0,0,0.944444444,0.75,0,0,8.5,1,0.5
7,1,0,3,12,9,1,2,7,0.0,59,1.0,1,0.0,0.5,0,0,7.285714286,1,0.8571
0,1,0,0,0,0,0,0,0,2.0,0,0.0,0,0.0,0.0,0,0,0.0,0,0.0
1,1,0,4,1,0,4,0,1,2.0,1,0.0,0,0.0,1.0,0,0,0.0,1,1.0
3,1,0,3,8,0,1,2,3,0.5,29,0.0,0,0.0,0.666666667,0,0,8.0,1,0.6667
8,1,0,11,17,0,9,3,8,0.428571429,54,1.0,1,0.0,0.416666667,0,0,5.5,1,0.875
12,6,0,8,49,40,3,7,3,0.858585859,342,1.0,1,0.983823529,0.5,4,10,26.75,5,1.5
4,1,0,13,22,2,1,12,2,0.583333333,126,1.0,0,0.0,0.333333333,0,0,29.5,6,1.75
8,2,0,5,24,0,0,5,8,0.5,139,1.0,0,0.72,0.4375,1,4,16.125,3,1.25
6,1,0,3,11,9,1,3,5,0.488888889,135,1.0,3,0.0,0.333333333,0,0,20.0,6,1.6667
4,3,0,5,9,4,0,5,3,0.666666667,30,1.0,0,0.666666667,0.666666667,0,0,6.25,1,0.5
11,1,1,2,20,53,2,1,0,0.9,90,1.0,0,0.0,0.4,0,0,7.090909091,2,0.9091
21,4,0,15,76,152,5,14,16,0.833333333,573,0.888888889,2,0.672131148,0.178571429,1,1,25.85714286,23,3.1905
6,1,0,6,7,9,1,5,6,0.6,25,0.0,0,0.0,0.375,0,0,3.0,1,0.8333
3,1,0,5,12,0,4,1,3,0.5,133,0.0,0,0.0,0.555555556,0,0,42.0,1,0.6667
10,3,0,3,23,0,1,2,8,0.75,143,0.5,0,0.538461538,0.288888889,2,2,12.9,2,0.7
9,2,0,9,23,36,9,9,0,2.0,82,0.0,0,0.529411765,0.444444444,0,0,8.111111111,1,0.8889
2,3,0,11,3,0,11,0,2,1.0,13,0.5,0,0.944444444,0.75,0,0,4.5,1,0.5
4,3,0,3,7,6,1,2,4,1.333333333,18,0.0,0,0.96,0.5,1,3,3.25,1,0.25
5,2,0,5,7,6,4,1,5,2.0,46,0.0,0,0.769230769,0.7,1,1,8.2,2,1.0
2,5,0,5,11,1,0,5,2,2.0,65,0.0,0,0.982142857,0.75,3,8,31.5,1,0.5
2,2,0,3,13,1,1,2,2,2.0,48,0.0,0,0.875,0.75,0,0,23.0,5,2.5
1,4,0,1,3,0,1,0,1,2.0,6,0.0,0,1.0,1.0,0,0,5.0,0,0.0
0,1,0,2,0,0,1,1,0,2.0,0,0.0,0,0.0,0.0,0,0,0.0,0,0.0
3,1,0,15,49,3,0,15,3,1.5,329,1.0,0,0.0,0.533333333,0,0,108.3333333,1,0.6667
5,3,0,1,16,8,0,1,3,1.24795082,4275,0.0,0,0.926829268,0.333333333,0,0,805.2,2,0.8
3,1,4,5,14,3,4,1,1,2.0,62,0.0,0,0.0,0.5,0,0,19.66666667,4,1.6667
26,3,0,19,87,105,0,19,21,0.773333333,514,1.0,1,0.596774194,0.176923077,1,3,18.53846154,2,1.0385
9,2,0,19,52,16,4,19,2,0.770833333,404,1.0,4,0.428571429,0.24691358,0,0,43.22222222,11,2.7778
4,4,0,6,6,2,2,4,3,0.666666667,29,1.0,0,0.975903614,0.466666667,0,0,5.75,1,0.5
0,1,0,1,0,0,1,0,0,2.0,179,0.0,0,0.0,0.0,0,0,0.0,0,0.0
3,1,0,4,4,3,4,0,3,1.4375,23,0.0,2,0.0,0.5,0,0,4.0,2,1.0
2,3,0,8,11,0,2,6,0,0.0,106,1.0,0,0.952380952,0.571428571,1,1,51.5,1,0.5
26,1,0,41,73,217,34,16,18,0.872727273,370,1.0,3,0.0,0.108571429,0,0,12.80769231,8,1.5
3,1,0,7,14,3,1,6,1,2.0,88,0.0,0,0.0,0.444444444,0,0,28.33333333,1,0.6667
0,1,0,4,0,0,2,2,0,2.0,0,0.0,0,0.0,0.0,0,0,0.0,0,0.0
8,3,0,2,39,10,0,2,8,0.714285714,308,1.0,0,0.840909091,0.325,1,1,37.0,4,1.25
46,1,0,3,53,1009,2,1,45,0.966666667,245,0.0,0,0.0,0.190217391,0,0,4.195652174,1,0.9783
4,4,11,14,7,4,11,3,3,0.666666667,22,1.0,1,0.928571429,0.5,0,0,4.25,1,0.5
8,2,27,32,16,0,27,5,6,0.285714286,47,1.0,1,0.666666667,0.34375,1,1,4.75,1,0.875
3,2,0,5,5,3,2,3,1,1.0,18,0.0,1,0.8,0.75,1,1,4.666666667,1,0.3333
7,3,0,8,13,0,3,5,5,0.166666667,41,1.0,1,0.814814815,0.476190476,1,1,4.714285714,1,0.7143
25,3,0,23,103,210,12,13,20,0.916666667,979,0.357142857,0,0.465116279,0.199074074,1,2,37.6,17,1.76
4,1,3,3,11,0,3,0,4,0.333333333,31,1.0,0,0.0,0.625,0,0,6.5,1,0.75
3,1,1,14,4,0,13,1,2,0.666666667,25,0.333333333,1,0.0,0.583333333,0,0,6.333333333,1,0.6667
12,1,1,17,49,18,10,7,8,0.484848485,595,1.0,0,0.0,0.366666667,1,1,48.33333333,12,2.3333
3,5,0,6,10,3,1,5,1,1.5,31,0.0,0,0.990697674,0.583333333,1,2,9.0,1,0.6667
5,3,0,4,6,0,3,1,5,2.0,35,0.0,0,0.777777778,0.466666667,0,0,6.0,1,0.8
3,1,0,5,8,0,1,4,0,0.833333333,84,0.0,2,0.0,0.466666667,0,0,25.0,4,2.0
3,6,0,6,11,3,4,3,3,2.0,37,0.0,0,0.96969697,1.0,2,3,11.33333333,2,1.3333
2,4,0,18,13,1,0,18,2,2.0,61,0.0,0,0.989690722,0.6,2,4,29.5,1,0.5
12,1,0,9,31,54,1,8,10,0.840909091,170,1.0,0,0.0,0.5,0,0,12.83333333,3,1.4167
1,1,0,5,1,0,5,0,1,2.0,1,0.0,0,0.0,1.0,0,0,0.0,1,1.0
1,1,0,7,1,0,7,1,1,2.0,1,0.0,0,0.0,1.0,0,0,0.0,1,1.0
4,2,0,4,15,0,1,3,4,0.333333333,109,1.0,0,0.75,0.5,0,0,25.75,1,0.75
2,1,0,12,7,1,8,4,1,2.0,23,0.0,0,0.0,0.5,0,0,10.5,1,0.5
29,3,1,18,96,294,2,17,16,0.897619048,796,0.933333333,4,0.578125,0.162698413,2,2,25.93103448,5,1.3793
2,3,0,3,4,1,1,2,1,2.0,19,0.0,0,0.9375,1.0,2,2,8.0,1,0.5
8,3,0,1,14,16,1,1,8,0.714285714,49,1.0,0,0.911392405,1.0,0,0,4.875,1,0.875
42,3,0,33,145,619,5,31,27,0.87398374,2405,0.916666667,10,0.830508475,0.136298422,2,7,55.97619048,26,2.0952
36,3,11,35,84,0,11,24,35,0.485714286,302,1.0,1,0.513888889,0.0875,2,2,7.333333333,6,1.1944
5,3,0,8,12,8,1,7,5,0.875,60,0.5,0,0.904761905,0.4,1,6,10.6,2,1.0
1,3,0,2,2,0,1,1,1,2.0,5,0.0,0,1.0,1.0,0,0,4.0,0,0.0
24,1,0,4,30,0,4,0,21,0.543478261,481,1.0,0,0.0,0.316666667,0,0,18.875,8,1.6667
16,4,0,30,69,10,5,28,13,0.566666667,787,1.0,0,0.829545455,0.232142857,2,9,47.9375,16,3.3125
4,1,0,2,5,0,1,1,3,0.0,59,1.0,0,0.0,0.666666667,0,0,13.25,3,1.75
3,3,0,6,10,0,1,6,3,0.25,43,1.0,1,0.857142857,0.555555556,0,0,12.66666667,1,0.6667
5,2,2,7,8,4,3,4,3,0.25,37,1.0,0,0.777777778,0.4,0,0,6.2,2,1.2
14,5,0,20,105,73,0,0,7,0.807692308,623,1.0,0,0.888888889,0.207792208,3,6,43.35714286,7,1.5714
4,1,0,1,4,6,1,0,4,2.0,4,0.0,0,0.0,0.5,0,0,0.0,1,1.0
3,3,0,5,22,0,1,5,3,0.0,149,1.0,0,0.948717949,0.666666667,0,0,48.33333333,1,0.6667
7,5,0,4,23,0,1,3,5,0.555555556,150,1.0,0,0.848484848,0.476190476,2,5,20.0,4,1.1429
8,5,0,11,15,14,1,10,7,0.839285714,100,1.0,0,0.958333333,0.476190476,1,2,10.5,1,0.75
9,4,0,10,64,22,1,9,1,2.0,791,0.0,0,0.909090909,0.703703704,4,9,86.88888889,23,4.8889
42,4,0,15,92,753,3,13,36,0.948350072,707,0.941176471,4,0.655462185,0.140692641,3,3,15.42857143,5,1.4048
3,1,1,10,9,1,9,1,3,1.347826087,138,0.0,2,0.0,0.4,0,0,37.33333333,15,5.3333
11,3,0,11,38,11,3,8,10,0.683333333,287,1.0,3,0.75,0.287878788,1,1,24.54545455,3,1.9091
4,2,0,5,21,0,1,4,2,0.333333333,118,1.0,1,0.571428571,0.541666667,0,0,28.25,2,1.0
4,3,0,1,15,6,0,1,3,1.333333333,4270,0.0,0,0.926829268,0.333333333,0,0,1005.75,2,1.0
1,1,0,3,1,0,3,0,1,2.0,1,0.0,0,0.0,1.0,0,0,0.0,1,1.0
10,1,0,9,27,43,1,9,9,0.0,103,1.0,2,0.0,0.257142857,0,0,9.1,4,1.2
6,4,0,6,12,15,0,6,5,2.0,45,0.0,0,0.978494624,0.3,0,0,6.5,1,0.3333
2,2,0,7,13,1,1,6,2,2.0,66,1.0,0,0.958333333,1.0,0,0,31.5,1,0.5
2,4,1,2,4,1,1,1,1,2.0,9,0.0,0,0.875,0.666666667,1,1,3.5,1,0.5
2,1,0,2,2,1,1,1,2,2.0,2,0.0,0,0.0,0.666666667,0,0,0.0,1,1.0
14,1,0,14,46,0,5,9,9,0.730769231,544,1.0,0,0.0,0.285714286,0,0,37.28571429,8,3.2857
3,1,0,3,16,1,1,2,1,0.5,60,1.0,0,0.0,0.5,0,0,18.66666667,3,1.0
4,3,0,9,13,0,9,1,3,1.222222222,71,0.133333333,0,0.85,0.5,1,1,13.0,1,0.75
2,5,0,2,6,0,1,1,2,1.0,22,1.0,0,0.944444444,0.666666667,0,0,9.0,1,0.5
3,2,0,4,7,3,1,3,1,2.0,308,0.0,0,0.666666667,1.0,1,1,101.6666667,1,0.6667
1,1,0,8,1,0,8,0,1,2.0,1,0.0,0,0.0,1.0,0,0,0.0,1,1.0
28,1,0,15,48,330,2,14,28,0.771604938,235,1.0,5,0.0,0.117346939,0,0,7.178571429,2,1.0
23,2,0,15,59,203,3,12,21,0.924242424,350,0.916666667,2,0.16,0.210227273,1,1,13.69565217,13,1.6957
3,4,0,8,15,3,0,8,1,2.0,49,0.0,0,0.95,0.666666667,2,2,15.33333333,1,0.6667
5,1,0,5,56,0,1,4,5,0.75,334,1.0,0,0.0,0.342857143,0,0,65.0,11,3.0
9,3,0,13,26,34,0,13,5,0.875,95,1.0,1,0.833333333,0.333333333,1,2,9.333333333,2,0.8889
30,4,0,19,93,317,1,19,23,0.912972085,949,1.0,5,0.728971963,0.238095238,3,4,29.93333333,3,1.1
5,7,0,6,39,6,3,4,3,0.75,214,1.0,0,0.99391172,0.3,3,6,41.4,1,0.8
15,4,0,9,44,63,0,9,15,0.833333333,230,1.0,0,0.777777778,0.366666667,2,4,13.93333333,1,0.9333
5,1,0,15,38,2,1,14,3,0.625,374,1.0,0,0.0,0.35,0,0,73.4,19,5.6
5,7,0,6,47,2,1,5,4,0.611111111,461,1.0,2,0.993939394,0.4,0,0,89.4,6,2.6
4,2,0,10,30,4,0,10,3,0.666666667,141,1.0,0,0.6,0.666666667,0,0,34.0,6,1.75
2,2,0,2,6,1,1,2,2,2.0,65,0.0,0,0.888888889,0.625,0,0,31.5,7,3.5
21,1,2,74,28,208,72,2,17,0.0,145,1.0,1,0.0,0.40952381,0,0,5.857142857,2,0.9524
10,1,0,1,10,45,1,0,10,1.111111111,11,0.0,0,0.0,0.4,0,0,0.0,1,1.0
5,5,0,5,16,8,0,5,3,1.25,86,0.0,0,0.983539095,0.7,2,3,16.0,3,1.2
5,4,3,17,21,0,3,14,5,0.25,149,1.0,2,0.96969697,0.366666667,3,14,28.4,4,1.2
26,1,0,5,38,251,5,0,25,0.84,241,1.0,0,0.0,0.292307692,0,0,8.0,6,1.2308
4,5,0,6,9,2,4,2,4,0.333333333,40,1.0,1,0.894736842,0.5625,0,0,8.5,1,0.5
14,3,0,6,25,51,3,4,14,0.564102564,129,1.0,0,0.936170213,0.3,1,3,8.0,1,0.8571
12,1,0,5,23,54,0,5,12,0.454545455,139,1.0,1,0.0,0.533333333,0,0,10.5,1,0.8333
29,1,0,14,75,114,2,13,29,0.854166667,490,1.0,3,0.0,0.237068966,0,0,15.48275862,2,1.0
3,1,0,13,19,3,1,13,3,2.0,207,0.0,0,0.0,0.444444444,0,0,68.0,11,5.3333
24,2,0,10,39,252,6,4,22,0.782608696,365,0.8,0,0.34375,0.261904762,1,6,14.0,7,1.7917
3,5,0,2,6,3,1,1,3,2.0,16,0.0,0,1.0,0.777777778,0,0,4.333333333,0,0.0
3,1,0,0,3,3,0,0,3,2.0,3,0.0,0,0.0,1.0,0,0,0.0,1,1.0
14,4,0,9,37,73,1,9,13,0.634615385,236,1.0,1,0.921686747,0.257142857,1,15,15.57142857,6,1.5
11,3,0,9,33,0,3,6,11,0.916666667,241,0.5,0,0.833333333,0.303030303,1,4,20.36363636,1,0.9091
1,4,0,3,2,0,2,1,1,2.0,5,0.0,0,1.0,1.0,0,0,4.0,0,0.0
13,1,0,4,23,0,1,3,13,0.0,70,1.0,1,0.0,0.326923077,0,0,4.307692308,1,0.9231
10,1,0,0,10,45,0,0,10,2.0,10,0.0,0,0.0,0.75,0,0,0.0,1,1.0
4,5,0,7,15,0,6,2,4,0.333333333,77,1.0,0,0.953846154,0.4375,1,1,18.0,5,2.0
2,1,0,3,2,1,3,0,2,2.0,2,0.0,0,0.0,1.0,0,0,0.0,1,1.0
18,1,2,23,68,151,16,9,17,1.039215686,413,0.166666667,0,0.0,0.152777778,0,0,21.61111111,4,1.5
5,6,0,6,34,4,2,5,1,0.464285714,239,1.0,2,0.993993994,0.5,2,4,45.4,4,1.8
3,4,0,1,4,1,0,1,2,0.5,499,0.0,0,0.976190476,1.0,0,0,165.0,1,0.3333
1,1,1,1,2,0,1,0,1,2.0,26,0.0,0,0.0,1.0,0,0,3.0,0,0.0
0,1,0,0,0,0,0,0,0,2.0,7,0.0,0,0.0,0.0,0,0,0.0,0,0.0
6,1,0,6,22,0,4,3,5,0.0,154,1.0,0,0.0,0.5,0,0,24.5,7,3.0
0,1,0,1,0,0,1,0,0,2.0,24,0.0,0,0.0,0.0,0,0,0.0,0,0.0
2,1,0,17,7,1,17,0,2,2.0,21,0.0,0,0.0,0.5,0,0,9.5,2,1.0
15,2,0,6,26,57,1,5,13,0.928571429,225,0.333333333,0,0.458333333,0.306666667,1,4,13.4,2,0.9333
7,3,0,19,28,0,1,18,7,0.0,143,1.0,1,0.934210526,0.285714286,2,7,19.28571429,2,1.1429
4,4,0,4,13,0,0,4,4,0.333333333,81,1.0,0,0.944444444,0.5,1,1,18.75,1,0.75
6,5,0,2,11,15,1,1,6,2.0,34,0.0,0,1.0,0.625,0,0,4.666666667,0,0.0
121,3,0,16,345,0,2,15,118,0.808333333,1630,1.0,3,0.633846154,0.134444444,1,18,12.41322314,2,1.7603
11,2,0,5,28,31,1,5,7,0.811111111,240,1.0,1,0.565217391,0.333333333,1,3,20.0,10,2.4545
5,1,0,3,12,0,2,1,3,0.46875,272,1.0,0,0.0,0.6,0,0,51.8,10,3.8
1,1,0,1,1,0,0,1,1,2.0,1,0.0,0,0.0,1.0,0,0,0.0,1,1.0
11,3,0,8,42,0,3,6,10,0.45,285,1.0,0,0.615384615,0.220779221,2,2,24.72727273,7,1.7273
2,3,0,4,4,1,1,3,2,2.0,13,0.0,0,0.976190476,0.75,1,1,5.5,1,0.5
3,1,0,0,14,3,0,0,2,2.0,102,0.0,0,0.0,0.333333333,0,0,33.0,1,0.6667
0,1,0,1,0,0,1,0,0,2.0,0,0.0,0,0.0,0.0,0,0,0.0,0,0.0
2,4,0,7,6,1,0,7,2,2.0,13,0.0,0,0.989690722,0.625,2,4,5.5,1,0.5
5,6,0,10,33,4,4,8,2,0.666666667,152,1.0,2,0.99389313,0.4,1,1,28.8,1,0.8
1,5,0,4,2,0,4,0,1,2.0,5,0.0,0,1.0,1.0,0,0,4.0,0,0.0
11,1,0,7,55,35,2,5,7,0.566666667,380,1.0,0,0.0,0.357142857,0,0,33.27272727,5,2.0
11,6,0,7,50,25,3,6,1,0.716666667,333,1.0,0,0.985119048,0.5,3,5,28.72727273,6,1.9091
13,3,0,17,28,52,15,2,13,0.8,135,1.0,1,0.764705882,0.261538462,0,0,9.0,5,1.6923
3,1,0,10,13,0,5,5,2,0.166666667,167,1.0,2,0.0,0.5,0,0,53.66666667,1,0.3333
3,3,0,0,4,1,0,0,2,0.5,247,0.0,0,0.974358974,1.0,0,0,81.0,1,0.3333
13,4,1,6,25,8,4,2,12,0.541666667,257,0.5,0,0.771428571,0.269230769,2,4,18.61538462,5,1.8462
36,4,0,6,58,630,1,6,35,1.0,471,1.0,2,0.728682171,0.214285714,0,0,12.02777778,7,2.0
5,1,0,1,11,6,1,0,5,0.65,153,1.0,0,0.0,0.5,0,0,28.6,5,1.4
23,2,0,9,36,221,5,4,21,0.727272727,350,0.75,0,0.35483871,0.304347826,1,6,14.04347826,7,1.8261
3,5,0,6,6,3,2,5,3,2.0,18,0.0,0,0.991150442,0.5,0,0,5.0,1,0.3333
4,4,0,6,20,0,1,6,1,0.666666667,103,0.5,0,0.962025316,0.5,3,11,24.25,4,1.5
3,2,0,2,6,3,0,2,1,2.0,12,0.0,0,0.714285714,0.666666667,1,2,3.0,1,0.6667
5,2,0,5,10,8,0,5,5,0.75,31,0.0,0,0.692307692,0.44,0,0,5.0,1,0.8
4,2,0,3,8,0,0,3,4,0.916666667,76,0.0,0,0.571428571,0.5,0,0,17.0,6,2.5
4,2,0,4,16,0,0,4,4,0.333333333,59,1.0,0,0.842105263,0.875,1,1,13.5,5,1.75
1,2,0,5,3,0,0,5,1,2.0,7,0.0,0,1.0,1.0,0,0,6.0,0,0.0
11,6,0,6,34,39,0,6,7,0.9,195,1.0,1,0.944785276,0.3,4,10,16.18181818,5,1.2727
30,3,1,26,132,369,1,25,13,0.724137931,1096,1.0,0,0.804054054,0.171111111,1,2,35.43333333,18,2.6333
5,3,0,6,17,10,0,6,5,2.0,69,0.0,0,0.98,0.466666667,2,5,12.8,1,0.8
59,1,0,31,148,0,0,31,57,0.017241379,895,1.0,1,0.0,0.190862196,0,0,14.15254237,4,1.0339
17,2,0,6,34,34,1,6,7,0.722222222,323,0.777777778,1,0.444444444,0.173611111,1,2,17.47058824,3,1.0
4,4,0,4,8,6,3,1,4,2.0,20,0.0,0,1.0,0.666666667,0,0,4.0,0,0.0
18,1,2,14,68,0,2,12,7,0.882352941,1804,1.0,8,0.0,0.227272727,0,0,97.72222222,3,1.0556
3,1,0,2,8,0,2,1,3,0.75,100,0.0,1,0.0,0.666666667,0,0,31.66666667,4,2.3333
21,2,0,42,49,190,16,29,19,2.0,470,0.0,0,0.622641509,0.238095238,2,4,21.38095238,7,1.5714
1,1,0,4,1,0,2,3,1,2.0,1,0.0,0,0.0,1.0,0,0,0.0,1,1.0
3,6,0,5,18,3,4,2,1,2.0,71,0.0,0,0.997382199,0.444444444,0,0,22.66666667,2,1.0
4,3,0,1,15,6,0,1,3,1.333333333,1166,0.0,0,0.926829268,0.333333333,0,0,271.25,2,1.0
8,6,0,31,41,0,1,30,8,0.285714286,253,1.0,2,0.933962264,0.25,4,5,30.375,8,1.75
33,1,0,29,100,420,19,25,22,0.902777778,1585,0.333333333,0,0.0,0.28125,0,0,46.21212121,17,2.1818
2,3,0,0,3,1,0,0,2,2.0,7,0.0,0,0.909090909,0.75,1,1,2.5,1,0.5
3,3,0,0,4,1,0,0,2,0.5,247,0.0,0,0.974358974,1.0,0,0,81.0,1,0.3333
2,3,0,0,3,1,0,0,2,2.0,1243,0.0,0,0.974358974,1.0,0,0,620.5,1,0.5
5,3,0,3,7,4,3,0,5,0.5,29,1.0,0,0.944444444,0.6,0,0,4.6,1,0.2
2,1,0,22,2,1,22,0,2,2.0,2,0.0,0,0.0,0.75,0,0,0.0,1,1.0
2,4,0,2,4,1,0,2,2,2.0,315,0.0,0,0.976190476,1.0,0,0,156.5,1,0.5
17,1,0,4,31,0,2,2,0,0.25,970,1.0,0,0.0,0.441176471,0,0,55.88235294,13,4.3529
3,2,0,1,5,3,0,1,3,2.0,12,0.0,0,0.956521739,0.666666667,1,2,3.0,1,0.3333
2,4,0,5,7,1,0,5,2,2.0,17,0.0,0,0.979591837,0.75,1,6,7.5,1,0.5
5,1,0,5,7,10,1,4,5,2.0,30,0.0,0,0.0,0.25,0,0,5.0,1,0.8
12,1,0,0,28,0,0,0,12,0.5,150,1.0,2,0.0,0.196969697,0,0,11.33333333,1,0.9167
7,4,0,13,26,0,6,7,7,0.458333333,198,1.0,2,0.853658537,0.392857143,1,3,26.71428571,5,2.5714
6,2,3,5,13,0,3,2,6,0.2,76,1.0,0,0.6,0.458333333,1,1,11.5,7,1.6667
6,1,0,8,12,3,6,2,6,1.0,114,0.0,2,0.0,0.5,1,1,13.33333333,1,0.6667
16,2,0,10,41,10,2,9,15,0.133333333,257,0.0,0,0.5,0.375,0,0,15.0,2,0.875
3,6,0,7,11,3,5,3,3,2.0,37,0.0,0,0.96969697,1.0,2,3,11.33333333,2,1.3333
8,1,0,5,21,20,1,4,7,0.942857143,94,1.0,1,0.0,0.476190476,0,0,10.125,4,1.75
8,3,0,26,58,6,3,25,7,0.80952381,314,1.0,3,0.895522388,0.3,2,5,37.5,9,2.5
5,3,0,6,22,10,1,5,3,2.0,68,0.0,0,0.789473684,0.5,0,0,12.6,2,1.0
3,3,0,4,8,3,1,4,2,1.5,29,0.0,0,0.958333333,0.5,1,2,8.333333333,1,0.3333
0,1,0,27,0,0,26,1,0,2.0,0,0.0,0,0.0,0.0,0,0,0.0,0,0.0
1,4,0,99,2,0,99,0,1,2.0,5,0.0,0,1.0,1.0,0,0,4.0,0,0.0
6,3,0,29,58,0,2,28,5,0.65,361,1.0,3,0.918032787,0.305555556,1,5,58.5,13,3.3333
10,1,0,26,10,45,26,0,10,1.111111111,11,0.0,0,0.0,0.55,0,0,0.0,1,1.0
26,3,0,15,108,233,1,15,22,0.902608696,1156,1.0,2,0.596774194,0.16025641,3,3,42.57692308,7,1.2692
5,1,0,3,41,10,1,2,4,2.0,241,0.0,0,0.0,0.36,0,0,47.2,7,4.2
2,1,0,6,6,0,1,5,2,0.0,22,1.0,0,0.0,0.6,0,0,9.5,1,0.5
14,1,0,2,14,91,1,1,14,2.0,14,0.0,0,0.0,0.5,0,0,0.0,1,1.0
8,3,0,13,32,0,1,13,5,0.642857143,115,1.0,1,0.666666667,0.314285714,1,1,12.875,2,0.875
42,1,0,3,67,375,2,1,29,0.780487805,2031,1.0,0,0.0,0.226480836,0,0,47.07142857,33,3.1429
2,2,0,7,6,0,1,6,2,0.0,23,1.0,1,0.923076923,0.625,0,0,10.0,2,1.0
12,1,2,14,47,48,2,12,3,0.886363636,306,1.0,0,0.0,0.218181818,0,0,23.83333333,4,1.6667
3,3,0,0,4,1,0,0,2,0.5,481,0.0,0,0.974358974,1.0,0,0,159.0,1,0.3333
9,1,0,11,26,16,1,10,9,0.875,191,1.0,0,0.0,0.333333333,0,0,19.66666667,2,1.0
24,1,0,0,24,276,0,0,24,1.043478261,28,0.0,0,0.0,0.270833333,0,0,0.0,1,1.0
4,1,0,2,8,4,0,2,4,0.666666667,24,1.0,1,0.0,0.5,0,0,4.75,1,0.75
13,1,0,19,33,40,15,6,13,0.733333333,268,1.0,3,0.0,0.338461538,0,0,19.23076923,5,2.1538
8,2,0,9,18,0,2,8,7,0.5,228,0.5,0,0.714285714,0.357142857,1,2,27.25,1,0.25
5,1,1,17,6,10,15,2,5,2.0,8,0.0,0,0.0,0.4,0,0,0.6,1,0.8
7,4,0,3,10,21,0,3,7,2.0,39,0.0,0,0.931818182,0.571428571,1,6,4.571428571,1,0.8571
5,3,0,4,17,10,0,4,5,2.0,74,0.0,0,0.98,0.466666667,2,5,13.8,16,3.8
8,1,0,7,12,20,1,6,8,0.333333333,464,1.0,2,0.0,0.464285714,0,0,56.25,1,0.625
3,4,0,15,14,0,0,15,3,0.0,63,1.0,1,0.979591837,0.444444444,3,13,19.66666667,1,0.6667
2,1,0,5,2,1,3,2,2,2.0,2,0.0,0,0.0,0.75,0,0,0.0,1,1.0
24,1,0,19,62,0,6,13,24,0.0,392,1.0,1,0.0,0.238636364,0,0,15.29166667,2,1.0
3,3,0,8,14,3,0,8,3,2.0,45,0.0,0,0.777777778,0.555555556,0,0,14.0,3,1.3333
1,1,0,4,1,0,3,1,1,2.0,1,0.0,0,0.0,1.0,0,0,0.0,1,1.0
7,5,0,5,19,1,1,4,5,0.523809524,285,1.0,0,0.848484848,0.476190476,2,5,38.71428571,4,1.1429
8,1,1,4,15,0,3,1,7,0.571428571,133,1.0,0,0.0,0.35,0,0,15.25,4,1.75
7,3,0,7,22,9,2,6,6,0.777777778,122,0.333333333,1,0.705882353,0.333333333,2,3,16.0,6,1.7143
8,1,3,13,17,26,9,4,5,0.942857143,91,0.8,0,0.0,0.339285714,0,0,9.75,1,0.75
22,3,1,15,66,193,4,14,16,0.849206349,318,1.0,1,0.716216216,0.295454545,1,3,13.18181818,4,1.3636
12,2,0,4,21,66,3,2,11,1.090909091,97,0.333333333,0,0.4375,0.333333333,1,2,6.833333333,5,1.0833
22,2,0,7,46,105,1,6,20,0.920634921,422,0.4,2,0.366666667,0.253246753,1,6,17.5,2,0.9091
4,2,1,6,19,0,1,6,4,0.333333333,162,1.0,1,0.823529412,0.5,1,4,39.25,11,3.25
2,1,0,2,3,1,2,0,0,1.0,38,0.0,1,0.0,1.0,0,0,16.0,2,1.0
3,1,0,11,21,3,1,11,1,2.0,117,0.0,0,0.0,0.555555556,0,0,38.0,15,5.6667
13,3,0,10,78,8,1,9,9,0.75,502,0.714285714,1,0.755102041,0.384615385,2,3,37.07692308,8,2.0
6,3,0,12,22,0,2,12,1,0.55,99,1.0,1,0.846153846,0.3,1,1,14.83333333,1,0.6667
3,1,0,1,5,3,1,0,3,2.0,24,0.0,0,0.0,0.666666667,0,0,7.0,4,1.6667
17,0,0,25,46,102,4,23,9,0.890625,229,0.5,4,0.0,0.173611111,0,0,12.0,3,1.2353
30,1,0,10,60,435,0,10,30,2.0,133,0.0,0,0.0,0.133333333,0,0,3.433333333,1,0.9667
7,2,0,11,74,15,0,11,2,0.722222222,487,0.333333333,0,0.727272727,0.367346939,2,4,68.14285714,13,3.1429
3,2,0,1,5,3,0,1,3,2.0,12,0.0,0,0.956521739,0.666666667,1,2,3.0,1,0.3333
3,3,0,7,12,0,1,6,3,0.833333333,64,0.666666667,1,0.875,0.444444444,0,0,19.33333333,1,0.6667
4,1,0,2,24,4,1,1,2,0.333333333,146,1.0,0,0.0,0.466666667,0,0,35.25,3,1.25
5,1,0,9,20,2,3,6,5,0.625,89,1.0,1,0.0,0.533333333,0,0,16.4,2,1.2
10,2,1,2,12,17,1,1,8,0.555555556,185,0.75,0,0.653846154,0.36,1,5,17.1,1,0.9
9,2,1,20,10,36,19,6,1,2.0,28,0.0,0,0.6,0.314814815,0,0,2.111111111,1,0.8889
8,2,0,3,13,0,0,3,8,0.821428571,87,0.0,0,0.363636364,0.375,0,0,9.375,5,1.625
18,2,1,7,82,119,2,5,11,0.529411765,1240,0.5,0,0.823529412,0.20855615,1,8,67.77777778,2,0.7778
4,1,0,11,17,4,8,3,2,0.666666667,77,0.0,1,0.0,0.333333333,0,0,18.0,4,1.75
27,4,0,13,118,265,0,13,12,0.895604396,1542,1.0,3,0.75,0.177777778,1,1,55.59259259,10,2.963
36,1,0,7,70,112,2,5,30,0.869387755,3206,1.0,3,0.0,0.24691358,0,0,87.08333333,9,3.1667
2,1,0,0,2,1,0,0,2,2.0,2,0.0,0,0.0,0.75,0,0,0.0,1,1.0
24,1,6,10,39,234,7,9,0,1.023550725,268,0.0,1,0.0,0.195652174,0,0,9.166666667,2,0.9583
39,2,0,24,76,641,4,24,37,0.904135338,453,1.0,1,0.4,0.155263158,1,1,10.25641026,2,0.9744
10,2,0,6,19,39,2,4,8,0.833333333,91,0.5,0,0.578947368,0.32,1,4,7.9,2,0.9
27,1,0,16,67,283,5,13,14,0.888888889,410,1.0,3,0.0,0.157342657,0,0,13.85185185,7,1.5556
2,2,0,4,3,1,3,1,2,1.0,16,0.0,0,0.0,0.875,0,0,6.5,0,0.0
4,3,0,10,30,2,0,10,3,0.666666667,226,1.0,0,0.666666667,0.666666667,0,0,54.75,16,4.25
3,2,0,4,7,0,1,3,3,0.0,29,1.0,0,0.818181818,0.666666667,0,0,8.333333333,1,0.6667
3,2,0,1,5,3,0,1,3,2.0,12,0.0,0,0.956521739,0.666666667,1,2,3.0,1,0.3333
3,4,0,21,26,0,0,21,3,0.166666667,246,1.0,3,0.979591837,0.444444444,3,14,80.0,4,1.6667
10,3,0,2,20,21,0,2,9,0.6,129,1.0,0,0.804347826,0.4,1,1,11.4,1,0.9
6,1,0,4,6,15,4,1,6,2.0,6,0.0,0,0.0,1.0,0,0,0.0,1,1.0
20,2,0,5,35,114,1,4,18,0.855263158,359,0.625,0,0.392857143,0.45,1,6,16.55,2,0.9
9,1,0,3,9,36,2,1,9,2.0,9,0.0,0,0.0,0.333333333,0,0,0.0,1,1.0
4,2,0,9,36,2,0,9,3,0.866666667,371,1.0,0,0.6,0.666666667,0,0,89.25,23,6.0
2,1,0,2,2,1,1,1,2,2.0,2,0.0,0,0.0,0.75,0,0,0.0,1,1.0
13,3,0,40,36,22,36,5,12,0.75,331,0.0,0,0.865853659,0.182692308,2,22,24.30769231,13,2.4615
12,4,0,7,23,30,0,7,12,0.8,121,1.0,0,0.847222222,0.708333333,0,0,8.666666667,1,0.9167
28,1,0,53,49,268,49,4,28,0.562962963,732,0.8,0,0.0,0.285714286,1,1,24.96428571,9,1.4286
9,2,0,4,13,36,2,2,9,1.125,62,0.0,0,0.3,0.333333333,0,0,5.666666667,1,0.7778
15,1,0,19,66,39,2,18,6,0.827380952,451,1.0,3,0.0,0.20952381,0,0,28.26666667,6,1.9333
38,2,0,21,68,627,3,19,38,0.824324324,326,1.0,7,0.102564103,0.105263158,0,0,7.368421053,2,1.0263
3,2,0,1,5,3,0,1,3,2.0,12,0.0,0,0.923076923,0.666666667,1,2,3.0,1,0.3333
8,5,1,10,24,0,1,9,7,0.666666667,198,1.0,0,0.85,0.3125,0,0,23.0,4,1.125
4,1,3,7,5,0,7,0,4,1.0,32,0.25,0,0.0,0.5,0,0,6.0,1,0.5
6,3,0,9,26,15,0,9,6,2.0,160,0.0,0,0.975124378,0.444444444,2,6,25.66666667,4,1.3333
4,3,0,1,15,6,0,1,3,1.333333333,1166,0.0,0,0.926829268,0.333333333,0,0,271.25,2,1.0
5,2,18,21,6,10,20,1,5,1.25,13,0.0,0,0.636363636,0.6,0,0,1.0,1,0.8
2,1,0,2,3,1,2,0,1,1.0,12,0.0,0,0.0,1.0,0,0,4.0,0,0.0
2,2,0,3,4,1,1,2,2,2.0,10,0.0,0,0.833333333,0.666666667,0,0,4.0,1,0.5
13,4,0,4,35,68,0,0,12,0.833333333,194,1.0,0,0.848101266,0.487179487,0,0,13.53846154,3,1.0769
11,1,0,0,11,55,0,0,11,2.0,11,0.0,0,0.0,0.348484848,0,0,0.0,1,1.0
12,5,0,3,25,66,0,0,12,2.0,67,0.0,0,0.938888889,0.472222222,1,1,4.583333333,1,0.9167
3,4,0,1,4,1,0,1,2,0.5,314,0.0,0,0.976190476,1.0,0,0,103.3333333,1,0.3333
0,1,0,2,0,0,1,1,0,2.0,0,0.0,0,0.0,0.0,0,0,0.0,0,0.0
12,1,3,8,25,46,6,7,8,0.454545455,102,0.0,1,0.0,0.226190476,0,0,7.416666667,2,1.1667
11,2,0,6,20,35,2,4,9,0.8,112,0.5,0,0.55,0.257575758,1,4,9.0,2,1.0909
8,3,0,16,18,4,5,11,5,0.571428571,75,1.0,0,0.922077922,0.325,2,8,8.125,1,0.75
2,5,0,6,8,1,0,6,2,2.0,35,0.0,0,0.98245614,0.75,1,6,16.0,1,0.5
5,1,0,3,12,0,2,1,3,0.53125,254,1.0,0,0.0,0.6,0,0,48.2,10,3.8
5,1,3,6,6,0,5,1,4,0.625,30,1.0,1,0.0,0.466666667,0,0,4.6,2,1.0
6,2,0,8,15,0,2,6,4,0.5,65,1.0,2,0.583333333,0.444444444,1,1,9.5,1,0.8333
1,1,0,1,1,0,0,1,1,2.0,1,0.0,0,0.0,1.0,0,0,0.0,1,1.0
9,1,0,14,39,0,4,10,5,0.5,406,1.0,1,0.0,0.3125,0,0,43.66666667,7,1.7778
12,3,0,13,30,50,1,13,9,0.318181818,145,1.0,1,0.620689655,0.333333333,1,1,10.91666667,2,1.0
1,4,0,0,2,0,0,0,1,2.0,5,0.0,0,1.0,1.0,0,0,4.0,0,0.0
5,1,0,7,14,4,1,6,3,0.75,127,1.0,2,0.0,0.416666667,0,0,22.8,1,0.6
8,6,0,26,43,0,1,25,8,0.285714286,253,1.0,2,0.933962264,0.25,4,5,30.375,8,1.75
4,4,0,8,24,6,0,8,4,2.0,121,0.0,0,0.985365854,0.625,2,4,29.25,1,0.75
14,1,0,179,14,91,174,7,14,2.0,14,0.0,0,0.0,0.238095238,0,0,0.0,1,1.0
4,3,0,6,9,0,1,5,0,0.380952381,583,1.0,0,0.926829268,0.40625,1,3,143.0,1,0.75
5,3,0,20,33,0,0,20,4,0.5,176,1.0,1,0.933333333,0.333333333,2,7,33.8,6,1.8
8,2,0,5,20,4,2,4,7,0.8,148,0.6,0,0.583333333,0.375,1,2,16.875,1,0.625
17,3,0,9,35,100,2,8,11,0.822916667,180,1.0,3,0.567567568,0.227941176,1,1,9.235294118,3,1.2353
5,1,2,6,24,0,5,1,5,0.6,419,0.0,1,0.0,0.35,0,0,81.8,8,3.4
9,4,0,11,60,0,1,11,1,0.708333333,407,0.833333333,1,0.833333333,0.291666667,2,4,43.55555556,1,0.7778
15,2,0,8,34,87,3,5,12,0.871428571,230,0.8,0,0.47826087,0.516666667,1,5,14.0,2,1.0
1,1,0,0,2,0,0,0,1,2.0,68,0.015625,0,0.0,1.0,0,0,3.0,0,0.0
14,2,0,8,34,37,5,4,11,0.760683761,324,1.0,1,0.824324324,0.224489796,0,0,21.5,8,1.7143
2,1,0,2,6,1,1,1,2,0.0,43,0.0,1,0.0,0.833333333,0,0,19.0,0,0.0
5,2,0,5,22,0,1,4,0,0.125,206,1.0,0,0.7,0.35,1,3,39.8,11,4.0
8,1,0,0,8,28,0,0,8,2.0,8,0.0,0,0.0,0.75,0,0,0.0,1,1.0
3,4,0,5,15,3,0,5,2,2.0,51,0.0,0,0.978494624,0.666666667,1,1,16.0,2,1.0
4,3,3,57,36,6,49,31,4,2.0,244,0.0,0,0.978723404,0.642857143,0,0,60.0,2,1.0
5,3,4,11,11,10,4,7,1,2.0,33,0.0,0,0.964285714,0.44,0,0,5.6,1,0.2
2,1,0,9,12,1,1,8,1,2.0,59,0.0,0,0.0,0.5,0,0,28.5,1,0.5
14,1,0,8,19,45,8,0,14,0.576923077,138,1.0,0,0.0,0.371428571,0,0,8.571428571,3,0.9286
4,2,0,10,20,6,4,8,4,2.0,131,0.0,0,0.931034483,0.416666667,1,1,31.75,1,0.5
21,1,0,2,36,38,2,0,17,0.631818182,620,0.818181818,0,0.0,0.293650794,0,0,28.0,3,0.8571
5,3,0,1,6,2,1,0,5,0.75,36,1.0,0,0.80952381,0.466666667,1,1,5.4,1,0.8
13,3,0,6,31,0,1,6,11,0.375,218,1.0,2,0.571428571,0.208791209,2,2,15.61538462,6,1.3077
7,1,0,9,25,0,2,7,7,0.5,199,0.5,1,0.0,0.357142857,0,0,27.14285714,1,0.8571
4,1,0,2,6,6,1,1,3,1.0,23,0.0,1,0.0,0.666666667,0,0,4.5,2,0.75
7,2,0,16,17,19,8,8,6,0.333333333,52,0.0,0,0.75,0.457142857,1,1,6.285714286,1,0.8571
21,2,0,44,49,210,15,32,19,2.0,450,0.0,0,0.622641509,0.238095238,2,4,20.42857143,7,1.4762
6,4,0,6,12,15,0,6,5,2.0,45,0.0,0,0.979166667,0.3,0,0,6.5,1,0.3333
6,2,0,5,17,3,2,3,4,0.2,102,1.0,0,0.571428571,0.611111111,0,0,15.83333333,2,0.6667
0,1,0,2,0,0,1,1,0,2.0,0,0.0,0,0.0,0.0,0,0,0.0,0,0.0
22,1,0,2,49,221,1,1,20,0.964285714,341,1.0,1,0.0,0.143939394,0,0,14.31818182,2,1.0
8,1,13,15,9,12,13,2,0,0.761904762,65,1.0,2,0.0,0.354166667,0,0,6.75,3,1.25
5,3,2,8,14,4,2,6,3,0.625,52,1.0,1,0.884615385,0.5,0,0,9.0,2,0.8
14,1,0,4,33,39,0,4,13,0.692307692,231,1.0,0,0.0,0.261538462,0,0,15.14285714,1,0.8571
5,1,0,2,7,4,0,2,4,0.5,25,1.0,0,0.0,0.6,0,0,3.8,1,0.8
6,1,0,17,45,5,1,17,6,0.55,247,0.0,2,0.0,0.375,0,0,39.5,10,2.6667
11,2,0,9,29,53,6,3,11,0.8,125,1.0,0,0.714285714,0.327272727,1,5,10.27272727,4,1.4545
39,3,0,27,128,669,1,27,8,0.952631579,1730,0.1,2,0.350877193,0.189473684,0,0,43.1025641,12,3.4615
3,1,0,4,3,3,4,0,3,2.0,3,0.0,0,0.0,0.666666667,0,0,0.0,1,1.0
3,2,0,3,6,3,0,3,3,2.0,17,0.0,0,0.964285714,0.533333333,0,0,4.666666667,1,0.3333
21,2,0,16,58,104,5,15,10,0.65625,511,1.0,3,0.32,0.2375,1,3,22.95238095,6,1.6667
27,1,0,1,44,13,1,0,13,0.600961538,1158,1.0,0,0.0,0.25308642,0,0,41.59259259,26,5.6667
14,2,0,5,27,57,1,4,12,0.769230769,195,0.666666667,0,0.5,0.482142857,1,6,12.71428571,2,0.8571
7,1,0,6,7,21,4,3,7,2.0,7,0.0,0,0.0,0.4,0,0,0.0,1,1.0
7,1,0,1,8,21,0,1,7,1.0,30,1.0,1,0.0,0.5,0,0,3.0,1,0.8571
9,1,0,11,19,0,7,4,9,0.5,106,1.0,1,0.0,0.555555556,0,0,10.55555556,3,1.1111
32,3,0,17,154,278,6,16,23,0.894540943,1835,0.615384615,0,0.392156863,0.142857143,1,2,55.53125,17,2.25
4,2,0,8,25,2,0,8,3,0.666666667,218,1.0,0,0.6,0.666666667,0,0,51.5,14,3.75
4,2,0,5,11,4,2,3,4,0.666666667,48,0.0,0,0.727272727,0.625,0,0,10.75,1,0.75
3,2,0,4,6,0,1,3,3,0.0,30,1.0,0,0.818181818,0.666666667,0,0,8.666666667,2,1.0
2,1,0,3,5,0,1,2,1,0.0,49,1.0,1,0.0,0.6,0,0,22.0,5,2.5
12,1,3,13,36,36,3,10,7,0.606060606,223,1.0,1,0.0,0.424242424,0,0,17.33333333,1,0.6667
5,4,0,14,10,4,4,11,4,0.5,38,1.0,0,0.947368421,0.36,2,8,6.4,1,0.8
1,1,0,5,1,0,4,1,1,2.0,1,0.0,0,0.0,1.0,0,0,0.0,1,1.0
2,1,0,5,7,1,1,4,2,2.0,29,0.0,0,0.0,0.5,0,0,13.5,1,0.5
9,4,7,15,23,6,8,8,8,0.375,123,0.0,1,0.857142857,0.355555556,3,9,12.55555556,6,1.7778
40,1,0,73,94,780,69,8,37,1.0,1674,0.0,0,0.0,0.10625,0,0,40.825,17,4.7
8,1,0,1,12,0,1,0,8,0.523809524,217,0.833333333,0,0.0,0.583333333,0,0,25.375,4,1.875
3,1,0,4,11,0,4,0,3,0.0,38,0.0,0,0.0,0.833333333,0,0,11.33333333,1,0.6667
9,1,0,10,55,14,3,9,4,0.675,607,0.2,1,0.0,0.138888889,0,0,65.88888889,12,5.7778
2,1,0,60,2,1,60,0,2,2.0,2,0.0,0,0.0,0.833333333,0,0,0.0,1,1.0
4,4,0,13,45,2,1,13,3,0.916666667,359,1.0,4,0.947368421,0.5,3,6,86.75,1,0.75
2,2,0,8,5,1,2,6,1,1.0,19,0.0,0,0.947368421,0.666666667,0,0,8.0,1,0.5
1,1,0,4,1,0,3,1,1,2.0,1,0.0,0,0.0,1.0,0,0,0.0,1,1.0
2,2,0,5,4,1,1,4,1,2.0,9,0.0,0,0.8,0.75,1,1,3.5,1,0.5
3,4,0,2,7,3,0,2,3,2.0,19,0.0,0,0.979166667,0.666666667,0,0,5.333333333,1,0.6667
3,4,1,3,4,3,2,2,3,1.5,13,0.0,0,0.967741935,0.555555556,1,4,3.0,1,0.6667
15,4,0,2,30,105,0,2,15,2.0,126,0.0,0,0.87037037,0.4,0,0,7.4,3,1.1333
5,2,0,27,43,0,5,25,2,0.25,2423,1.0,0,0.875,0.7,1,1,483.4,2,1.0
10,2,0,7,22,0,2,5,10,0.111111111,78,0.0,1,0.689655172,0.28,1,1,6.7,2,1.0
2,3,0,3,4,1,1,3,1,2.0,12,0.0,0,0.972222222,0.666666667,1,1,5.0,1,0.5
20,1,12,27,31,140,18,9,19,0.879699248,175,1.0,5,0.0,0.2,0,0,7.4,4,1.35
0,1,0,0,0,0,0,0,0,2.0,0,0.0,0,0.0,0.0,0,0,0.0,0,0.0
17,3,0,10,55,76,5,6,11,0.59375,461,1.0,0,0.652173913,0.285714286,1,1,25.88235294,6,2.6471
4,1,0,2,7,6,1,1,4,2.0,20,0.0,0,0.0,0.875,0,0,4.0,1,0.75
2,2,0,5,4,1,2,3,1,2.0,8,0.0,0,0.666666667,0.75,1,1,3.0,1,0.5
6,1,0,4,8,0,4,0,6,0.5,66,1.0,0,0.0,0.75,0,0,9.666666667,2,1.0
6,3,0,7,34,15,1,7,2,2.0,137,0.0,0,0.8,0.416666667,0,0,21.83333333,2,1.0
11,1,0,11,51,37,4,8,5,0.566666667,349,1.0,1,0.0,0.383333333,0,0,30.45454545,8,1.8182
13,1,0,13,52,30,1,12,7,0.757575758,1444,1.0,7,0.0,0.307692308,0,0,108.3846154,3,1.0769
6,1,0,47,6,15,44,4,6,2.0,6,0.0,0,0.0,0.416666667,0,0,0.0,1,1.0
38,2,0,9,56,511,4,5,35,0.938063063,604,0.625,4,0.244444444,0.239382239,1,6,14.26315789,3,1.0
13,3,2,9,34,0,2,7,6,0.666666667,345,1.0,4,0.4,0.21978022,1,3,24.84615385,3,1.1538
27,1,0,7,39,87,3,6,19,0.873931624,1342,1.0,3,0.0,0.230452675,0,0,48.03703704,15,3.9259
2,1,0,0,2,1,0,0,2,2.0,2,0.0,0,0.0,0.75,0,0,0.0,1,1.0
16,2,0,3,24,106,1,2,11,0.333333333,151,1.0,1,0.605263158,0.5,1,6,8.25,2,1.0625
35,1,0,32,120,417,20,28,24,0.927893738,2098,0.387096774,0,0.0,0.290441176,0,0,58.05714286,19,2.5143
10,7,0,19,90,15,6,18,5,0.793650794,606,1.0,2,0.986466165,0.25,3,6,58.9,17,3.4
9,3,0,20,45,6,0,20,8,0.375,217,0.0,1,0.960784314,0.238095238,2,5,23.0,2,1.0
9,4,0,4,14,36,0,4,8,2.0,50,0.0,0,0.911764706,0.305555556,1,2,4.555555556,1,0.6667
17,2,1,26,81,86,7,22,17,0.791666667,736,0.833333333,3,0.542857143,0.196078431,1,1,41.94117647,25,3.9412
3,5,0,3,4,3,1,2,3,2.0,8,0.0,0,0.990697674,0.666666667,1,2,1.666666667,1,0.6667
3,2,0,8,7,3,1,7,1,1.0,17,1.0,0,0.875,0.75,1,1,4.333333333,1,0.3333
1,1,0,0,1,0,0,0,1,2.0,1,0.0,0,0.0,1.0,0,0,0.0,1,1.0
9,1,0,1,14,4,1,0,9,0.625,59,1.0,0,0.0,0.288888889,0,0,5.222222222,1,0.7778
1,1,0,0,1,0,0,0,1,2.0,1,0.0,0,0.0,1.0,0,0,0.0,1,1.0
9,5,0,11,32,8,2,9,8,0.821428571,443,0.142857143,6,0.954285714,0.26984127,2,20,46.66666667,10,2.8889
59,3,0,24,97,1527,7,21,53,0.944357367,617,0.954545455,3,0.341463415,0.13362069,1,2,9.084745763,11,1.2034
13,4,1,16,49,40,1,15,13,0.638888889,352,0.666666667,3,0.946902655,0.188034188,4,11,25.84615385,2,1.1538
17,1,0,4,24,0,4,0,16,0.653409091,621,0.818181818,0,0.0,0.291666667,0,0,34.88235294,10,2.2353
3,7,0,2,5,3,1,1,3,2.0,21,0.0,0,0.997122302,0.466666667,1,1,6.0,1,0.6667
12,3,10,19,24,30,12,8,10,0.5,114,1.0,1,0.949367089,0.226190476,1,3,8.333333333,2,0.8333
1,1,0,0,2,0,0,0,1,2.0,8,0.0,0,0.0,1.0,0,0,3.0,0,0.0
1,1,0,0,2,0,0,0,1,2.0,4,0.0,0,0.0,1.0,0,0,3.0,0,0.0
10,1,0,17,62,11,1,0,5,0.766666667,491,1.0,1,0.0,0.233333333,0,0,47.1,2,1.1
19,2,0,6,35,0,1,5,17,0.712962963,297,0.833333333,4,0.407407407,0.368421053,1,6,14.31578947,2,0.8947
2,3,0,3,6,0,0,3,2,0.0,28,1.0,1,0.952380952,0.666666667,1,2,12.5,3,1.5
11,1,1,3,20,53,3,1,0,0.9,90,1.0,0,0.0,0.4,0,0,7.090909091,2,0.9091
1,1,0,5,1,0,4,1,1,2.0,1,0.0,0,0.0,1.0,0,0,0.0,1,1.0
4,3,0,1,15,6,0,1,3,1.333333333,2120,0.0,0,0.926829268,0.333333333,0,0,495.5,2,1.0
40,7,0,28,162,542,8,26,9,0.831501832,1807,0.892857143,5,0.946608947,0.186813187,2,3,43.475,15,2.175
4,1,0,21,21,0,15,7,1,0.757575758,171,1.0,4,0.0,0.4375,0,0,39.0,2,1.0
13,1,5,26,20,48,24,3,13,0.583333333,71,1.0,0,0.0,0.307692308,0,0,4.384615385,1,0.9231
11,2,0,5,21,49,2,3,9,0.85,112,0.5,0,0.578947368,0.418181818,1,6,9.0,2,0.9091
3,3,2,5,9,3,3,3,2,2.0,28,0.0,0,0.944444444,0.777777778,1,1,8.333333333,1,0.6667
12,1,0,10,42,66,7,4,12,1.090909091,957,0.428571429,0,0.0,0.239583333,0,0,78.16666667,27,8.4167
30,1,0,41,61,435,18,29,29,2.0,193,0.0,0,0.0,0.133333333,0,0,5.433333333,1,0.9667
5,1,0,1,9,0,1,0,5,0.5,41,1.0,0,0.0,0.466666667,0,0,6.8,1,0.8
10,2,0,4,27,21,1,4,6,0.765432099,220,1.0,2,0.653846154,0.316666667,1,2,20.1,5,1.6
2,1,0,2,2,1,1,1,2,2.0,2,0.0,0,0.0,0.75,0,0,0.0,1,1.0
40,1,0,19,78,0,3,16,39,0.025641026,208,1.0,1,0.0,0.105128205,0,0,4.175,1,0.95
1,1,0,3,4,0,3,0,0,2.0,15,0.0,0,0.0,1.0,0,0,11.0,0,0.0
3,4,0,1,4,1,0,1,2,0.5,583,0.0,0,0.976190476,1.0,0,0,193.0,1,0.3333
0,1,0,2,0,0,1,1,0,2.0,0,0.0,0,0.0,0.0,0,0,0.0,0,0.0
13,3,0,9,60,38,1,9,8,0.611111111,260,1.0,2,0.71875,0.305555556,2,3,18.76923077,3,0.8462
15,2,0,16,21,89,3,16,15,0.785714286,105,1.0,2,0.5,0.183333333,1,2,5.733333333,2,1.0
3,4,0,88,6,3,88,0,3,1.5,17,1.0,0,1.0,0.777777778,0,0,4.333333333,0,0.0
6,1,0,1,11,0,1,0,6,0.65,57,1.0,0,0.0,0.444444444,0,0,7.833333333,1,0.8333
12,1,16,46,56,60,25,35,12,1.0,415,0.25,0,0.0,0.283333333,0,0,33.25,4,1.1667
7,0,2,11,31,21,2,9,1,1.166666667,163,1.0,0,0.0,0.6,0,0,22.14285714,5,2.4286
2,3,0,8,4,1,6,2,2,2.0,9,0.0,0,0.956521739,0.75,0,0,3.5,1,0.5
12,1,0,5,44,64,3,2,0,0.981818182,586,1.0,0,0.0,0.318181818,0,0,47.41666667,8,1.8333
59,1,0,14,101,0,3,12,5,0.706896552,3358,0.5,3,0.0,0.166101695,0,0,55.71186441,6,1.4915
14,2,0,10,38,71,3,7,10,0.717948718,219,1.0,2,0.2,0.214285714,0,0,14.21428571,6,1.2857
7,4,0,3,10,21,0,3,7,2.0,39,0.0,0,0.931818182,0.571428571,1,6,4.571428571,1,0.8571
0,1,0,0,0,0,0,0,0,2.0,0,0.0,0,0.0,0.0,0,0,0.0,0,0.0
2,1,0,0,2,1,0,0,2,2.0,2,0.0,0,0.0,0.75,0,0,0.0,1,1.0
8,3,0,3,19,12,2,2,4,0.666666667,125,0.666666667,1,0.75,0.3,2,8,14.25,1,0.875
0,1,0,1,0,0,1,0,0,2.0,0,0.0,0,0.0,0.0,0,0,0.0,0,0.0
2,3,0,8,8,1,2,7,2,2.0,31,0.0,0,0.952380952,0.625,0,0,14.5,2,1.0
25,1,0,6,76,194,2,4,17,0.878787879,508,0.727272727,3,0.0,0.261904762,0,0,18.88,5,1.16
1,4,0,1,2,0,0,1,1,2.0,4,0.0,0,1.0,1.0,0,0,3.0,0,0.0
3,4,0,5,11,1,1,4,1,0.5,41,1.0,1,0.971428571,0.75,1,2,12.33333333,3,1.0
2,7,0,2,8,1,0,2,1,1.0,37,0.0,0,0.987179487,0.5,0,0,16.5,1,0.5
1,1,0,0,1,0,0,0,1,2.0,1,0.0,0,0.0,1.0,0,0,0.0,1,1.0
11,1,0,4,22,55,1,3,10,2.0,86,0.0,0,0.0,0.181818182,0,0,6.818181818,1,0.9091
5,3,0,5,15,4,0,5,5,0.75,90,1.0,0,0.902439024,0.533333333,0,0,16.4,1,0.8
7,1,0,2,8,0,2,0,7,0.0,147,1.0,0,0.0,0.342857143,1,1,19.85714286,4,1.0
45,1,0,3,86,990,0,3,37,1.022727273,1528,0.0,0,0.0,0.172222222,0,0,32.75555556,10,1.6
18,2,0,6,35,1,1,5,16,0.670588235,276,0.8,3,0.423076923,0.366666667,1,6,14.05555556,2,0.8889
7,2,0,6,17,9,1,5,4,0.75,75,1.0,3,0.923076923,0.333333333,0,0,9.142857143,2,0.8571
1,2,0,14,2,0,11,3,0,2.0,11,0.0,1,1.0,1.0,0,0,9.0,0,0.0
6,4,0,4,51,15,0,4,3,1.2,304,1.0,0,0.915254237,0.366666667,2,4,49.16666667,1,0.8333
8,3,0,14,38,0,0,14,7,0.80952381,255,0.444444444,2,0.922077922,0.265306122,2,8,29.75,3,1.375
2,1,0,6,8,1,0,6,2,2.0,28,0.0,0,0.0,0.5,0,0,13.0,1,0.5
14,2,0,9,30,55,4,5,12,0.753846154,259,0.8,0,0.47826087,0.214285714,1,4,17.14285714,5,1.6429
6,7,0,8,47,9,3,8,3,0.8,299,1.0,0,0.992435703,0.388888889,0,0,48.33333333,1,0.8333
12,2,0,7,37,44,0,7,9,0.803030303,231,1.0,2,0.45,0.291666667,0,0,17.75,5,1.6667
17,2,0,9,32,74,5,4,13,0.75,224,0.75,0,0.44,0.294117647,1,6,11.94117647,2,1.1176
4,1,0,3,20,6,3,0,3,2.0,133,0.0,0,0.0,0.3,0,0,32.25,7,3.25
4,2,0,6,16,0,1,5,3,0.166666667,86,1.0,1,0.666666667,0.5,0,0,20.0,1,0.5
150,1,0,117,337,10339,93,46,116,0.936533411,4593,0.760869565,13,0.0,0.080909091,0,0,29.31333333,30,3.44
10,4,0,14,35,11,1,13,8,0.711111111,216,1.0,1,0.896551724,0.32,1,1,20.1,10,2.1
34,2,0,14,74,0,1,14,21,0.672727273,2890,1.0,2,0.179487179,0.160839161,1,3,83.55882353,2,1.0588
5,2,0,5,10,10,1,4,5,2.0,32,0.0,0,0.862068966,0.666666667,0,0,5.4,1,0.8
2,3,0,4,4,1,1,3,2,2.0,13,0.0,0,0.976190476,0.75,1,1,5.5,1,0.5
1,4,0,1,2,0,0,1,1,2.0,4,0.0,0,1.0,1.0,0,0,3.0,0,0.0
9,1,0,7,12,0,1,6,9,0.25,87,1.0,1,0.0,0.416666667,0,0,8.444444444,1,0.6667
6,3,0,6,19,9,2,6,4,0.6,68,1.0,0,0.807692308,0.375,2,4,10.16666667,2,1.0
4,3,0,6,18,0,1,6,1,0.666666667,156,0.5,0,0.96,0.5,2,16,37.5,4,2.25
6,1,49,51,56,15,51,46,6,1.2,923,1.0,0,0.0,0.666666667,0,0,152.5,1,0.8333
4,1,0,15,4,6,14,1,4,1.333333333,14,0.0,0,0.0,0.55,0,0,0.0,1,1.0
8,1,0,0,8,28,0,0,8,2.0,8,0.0,0,0.0,0.354166667,0,0,0.0,1,1.0
3,2,0,2,14,0,1,1,3,0.0,42,1.0,0,0.666666667,0.555555556,0,0,12.66666667,1,0.6667
9,5,0,12,36,0,0,12,4,0.525,375,1.0,3,0.930434783,0.4,2,4,40.11111111,11,2.4444
7,1,0,5,7,21,4,1,7,2.0,7,0.0,0,0.0,0.571428571,0,0,0.0,1,1.0
15,3,0,14,35,57,4,11,10,0.8,195,0.8,3,0.6875,0.241071429,0,0,11.66666667,6,1.0667
18,1,0,13,33,131,9,6,16,0.882352941,144,1.0,1,0.0,0.235294118,0,0,6.666666667,2,1.1111
5,3,0,14,29,0,1,14,2,0.5,129,1.0,2,0.88,0.4375,1,1,24.4,5,1.4
15,1,0,0,16,105,0,0,15,2.0,34,0.0,0,0.0,0.285714286,0,0,1.266666667,1,0.9333
4,4,0,3,12,6,2,1,4,2.0,99,0.0,0,0.953488372,0.357142857,1,3,23.75,3,1.0
3,3,0,6,7,1,1,5,3,1.5,43,0.0,0,0.953488372,0.833333333,1,6,13.0,1,0.6667
23,2,0,19,33,217,4,18,23,0.636363636,247,1.0,3,0.52173913,0.241545894,1,2,9.608695652,2,1.0
14,1,7,9,16,91,7,2,14,2.0,38,0.0,0,0.0,0.414285714,0,0,1.714285714,1,0.9286
5,3,0,16,28,0,2,15,4,0.25,129,1.0,1,0.933333333,0.333333333,1,5,24.4,5,1.8
12,2,0,9,33,34,0,9,5,0.590909091,453,1.0,0,0.885057471,0.283333333,1,5,36.58333333,3,1.0
17,1,2,26,20,96,23,4,17,0.902777778,120,1.0,2,0.0,0.235294118,0,0,5.529411765,3,1.0588
6,1,0,7,27,5,4,4,3,1.076923077,151,0.307692308,2,0.0,0.333333333,0,0,22.0,5,2.1667
4,1,0,3,11,4,1,3,0,1.095238095,357,0.428571429,3,0.0,0.428571429,0,0,86.5,7,3.5
2,6,0,5,10,0,1,4,1,0.0,42,1.0,0,0.954545455,0.6,1,1,19.5,3,1.5
10,3,0,6,12,37,6,2,10,0.888888889,52,1.0,0,0.956097561,0.4,1,1,3.8,1,0.9
47,2,0,7,63,193,3,4,45,0.879347826,856,0.95,12,0.2,0.327659574,1,6,16.78723404,3,1.0
3,5,1,7,14,3,6,2,3,2.0,52,0.0,0,0.96875,0.555555556,1,1,16.33333333,3,1.6667
7,4,0,2,13,0,1,1,7,0.583333333,108,1.0,1,0.85,0.571428571,0,0,14.14285714,3,2.0
5,5,0,9,8,10,3,6,4,2.0,52,0.0,0,0.9765625,0.45,1,4,9.4,3,1.0
10,5,0,20,41,25,16,5,8,0.930555556,311,1.0,2,0.989130435,0.28,3,3,28.5,3,1.5
10,3,0,22,20,3,20,2,10,0.0,85,1.0,0,0.777777778,0.38,1,4,7.4,1,0.6
22,4,0,9,90,129,2,9,16,0.84981685,826,1.0,3,0.787878788,0.318181818,2,2,35.95454545,6,1.2727
3,1,0,3,5,1,1,2,1,0.5,14,1.0,0,0.8,1.0,0,0,3.333333333,1,0.3333
5,1,0,0,5,10,0,0,5,2.0,5,0.0,0,0.0,0.6,0,0,0.0,1,1.0
10,2,0,5,19,5,2,3,8,0.740740741,223,1.0,0,0.3,0.228571429,1,2,21.0,3,1.2
4,2,0,12,24,6,3,9,2,2.0,190,0.0,0,0.85,0.625,1,1,46.5,1,0.75
9,2,0,12,29,30,3,10,5,0.90625,242,0.75,3,0.125,0.21875,1,1,25.44444444,4,1.1111
26,1,1,10,47,0,5,5,24,0.08,236,1.0,1,0.0,0.258241758,0,0,8.038461538,2,1.0
15,3,0,7,26,53,2,5,15,0.785714286,164,1.0,5,0.933333333,0.293333333,2,6,9.6,2,1.0
14,3,0,8,79,57,2,6,11,0.961538462,648,1.0,1,0.933701657,0.538461538,3,29,45.14285714,9,1.4286
11,2,0,7,39,7,1,6,9,0.666666667,245,0.0,1,0.72972973,0.333333333,0,0,21.0,5,1.9091
22,1,0,29,94,139,10,21,17,0.785714286,853,1.0,3,0.0,0.227272727,0,0,37.5,14,2.0909
5,3,0,1,16,8,0,1,3,1.243589744,1171,0.0,0,0.926829268,0.333333333,0,0,217.6,2,0.8
4,5,0,9,9,6,2,7,4,1.333333333,41,1.0,0,0.978723404,0.4375,2,3,8.75,2,1.0
3,4,0,4,5,0,1,4,1,0.75,33,0.5,0,0.966101695,0.555555556,2,16,9.333333333,1,0.6667
6,2,0,3,11,13,2,1,6,0.8,68,1.0,0,0.924242424,0.444444444,1,5,10.16666667,3,1.5
5,3,0,6,13,10,3,3,5,1.25,47,0.0,0,0.98,0.7,2,4,8.2,1,0.8
6,1,0,4,11,7,2,2,5,0.866666667,46,0.666666667,1,0.0,0.583333333,0,0,6.166666667,2,1.0
7,7,1,7,41,21,3,5,6,2.0,220,0.0,0,0.995447648,0.5,2,2,30.42857143,1,0.4286
10,5,0,8,44,43,4,5,9,0.666666667,218,1.0,0,0.990654206,0.375,1,1,20.7,4,1.6
11,1,0,2,18,19,0,2,9,0.75,138,1.0,0,0.0,0.424242424,0,0,11.0,3,1.2727
11,2,0,12,34,21,3,11,4,0.8625,180,1.0,1,0.590909091,0.2,1,1,14.63636364,3,1.0909
7,1,0,32,61,0,3,32,3,0.633333333,204,1.0,2,0.0,0.416666667,0,0,27.42857143,1,0.7143
10,2,0,4,14,45,2,2,10,1.111111111,59,0.333333333,0,0.272727273,0.32,0,0,4.6,1,0.8
9,1,0,5,19,10,3,2,7,0.375,120,0.0,1,0.0,0.4375,0,0,12.11111111,4,1.6667
9,2,0,10,27,6,5,5,9,0.875,180,0.333333333,0,0.703703704,0.355555556,1,5,18.66666667,2,1.1111
20,2,0,10,24,178,4,8,16,0.789473684,114,1.0,1,0.690909091,0.221428571,1,3,4.65,1,0.85
4,4,0,3,8,6,0,3,4,1.0,32,1.0,1,0.969072165,0.583333333,0,0,6.75,2,1.0
9,3,0,9,29,0,0,9,9,0.583333333,168,1.0,1,0.822222222,0.444444444,0,0,17.33333333,2,1.4444
2,5,0,5,8,1,0,5,2,2.0,35,0.0,0,0.98245614,0.75,1,6,16.0,1,0.5
0,1,0,6,0,0,5,1,0,2.0,188,0.0,0,0.0,0.0,0,0,0.0,0,0.0
8,4,0,4,15,6,1,3,8,0.5,89,1.0,1,0.962264151,0.34375,1,1,9.875,3,1.25
1,2,0,1,2,0,0,1,1,2.0,6,1.0,0,1.0,1.0,0,0,3.0,0,0.0
5,0,0,9,17,10,2,8,2,2.0,97,0.0,0,0.0,0.45,0,0,18.4,2,1.0
11,2,0,7,20,35,3,4,9,0.8,113,0.5,0,0.55,0.257575758,1,4,9.090909091,2,1.0909
3,4,0,10,34,3,1,9,1,2.0,169,0.0,0,0.990566038,0.666666667,1,1,55.33333333,1,0.6667
15,3,2,10,47,73,2,8,12,0.865079365,452,1.0,1,0.725490196,0.225,1,1,28.53333333,12,1.8
8,3,0,4,21,8,0,4,7,0.285714286,116,1.0,1,0.3,0.4375,2,2,13.25,2,1.0
5,2,0,5,12,0,1,4,4,0.4375,119,1.0,3,0.4,0.4,0,0,22.0,7,2.2
4,1,0,2,9,6,1,2,4,1.333333333,167,0.0,0,0.0,0.875,0,0,37.25,12,6.0
12,6,0,12,62,38,4,12,1,0.8,334,1.0,1,0.983823529,0.25,4,12,26.41666667,4,1.6667
6,2,0,4,12,0,1,3,3,0.6,343,1.0,0,0.166666667,0.466666667,0,0,55.0,11,4.8333
4,2,0,4,8,4,0,4,3,0.666666667,27,1.0,0,0.333333333,0.666666667,0,0,5.5,1,0.5
4,2,0,6,16,2,0,6,3,1.047619048,97,1.0,0,0.6,0.666666667,0,0,21.5,7,2.0
65,4,3,51,167,1798,47,24,49,0.931490385,1475,0.923076923,2,0.568345324,0.1375,2,19,21.49230769,23,2.0
27,1,0,12,71,349,9,3,24,0.807692308,292,1.0,0,0.0,0.082840237,0,0,9.777777778,1,0.9259
3,4,0,8,9,1,1,7,3,0.5,26,0.0,1,0.99086758,0.555555556,0,0,7.333333333,1,0.6667
3,3,0,6,7,1,1,5,3,2.0,42,0.0,0,0.953488372,0.833333333,1,6,13.0,1,0.6667
8,2,1,6,11,0,4,2,8,0.214285714,105,1.0,0,0.666666667,0.5,1,6,11.875,4,1.125
18,1,0,17,61,69,2,16,0,0.806722689,745,1.0,4,0.0,0.237373737,0,0,40.0,5,1.3333
6,1,0,5,6,15,4,1,6,2.0,6,0.0,0,0.0,1.0,0,0,0.0,1,1.0
13,5,0,12,20,54,3,9,12,0.9,119,1.0,0,0.926174497,0.21875,2,5,7.384615385,2,0.9231
4,3,0,5,9,4,0,5,3,0.666666667,30,1.0,0,0.6,0.666666667,0,0,6.25,1,0.5
5,2,0,3,16,4,1,2,5,0.0,129,1.0,0,0.851851852,0.4,0,0,24.4,5,1.6
22,3,0,12,84,177,0,12,20,0.928571429,565,1.0,0,0.637931034,0.309090909,1,1,24.13636364,5,1.1364
6,2,0,2,11,9,1,1,6,0.2,45,1.0,0,0.5,0.416666667,0,0,6.333333333,2,0.8333
6,2,1,3,10,9,2,2,6,1.2,48,0.0,0,0.897959184,0.416666667,1,4,6.833333333,2,1.3333
9,6,1,9,24,6,2,8,8,0.75,219,0.0,1,0.888888889,0.355555556,5,22,23.11111111,7,2.3333
8,2,0,11,11,22,4,10,8,0.666666667,58,1.0,3,0.825,0.3,1,20,5.875,1,0.875
12,1,0,3,12,66,3,0,12,2.0,12,0.0,0,0.0,0.583333333,0,0,0.0,1,1.0
1,1,0,0,2,0,0,0,0,2.0,9,0.0,0,0.0,1.0,0,0,3.0,0,0.0
4,5,0,5,6,0,2,3,3,0.333333333,23,1.0,0,0.986486486,0.5,0,0,4.5,1,0.75
14,1,1,32,47,55,16,19,9,0.638461538,535,0.7,3,0.0,0.191964286,0,0,36.5,3,0.9286
4,4,0,4,8,6,3,1,4,2.0,20,0.0,0,1.0,0.666666667,0,0,4.0,0,0.0
5,1,0,12,10,4,8,0,4,0.5,35,1.0,1,0.0,0.25,0,0,5.8,1,0.6
8,2,0,7,9,14,5,2,6,0.785714286,73,0.0,0,0.695652174,0.325,0,0,7.625,2,1.0
8,2,1,21,59,20,3,19,4,0.821428571,267,1.0,4,0.416666667,0.666666667,1,1,31.875,1,0.875
29,4,6,137,54,360,122,16,29,0.978316327,453,1.0,1,0.776,0.150470219,1,2,13.65517241,4,1.2759
12,1,0,8,25,24,6,2,8,0.863636364,319,1.0,0,0.0,0.214285714,0,0,25.25,3,1.25
39,1,11,23,67,687,13,10,31,0.897368421,405,1.0,7,0.0,0.13377193,0,0,9.128205128,4,1.3846
16,2,0,5,35,112,1,4,10,2.0,261,0.0,0,0.788732394,0.21875,1,10,15.3125,6,1.9375
26,1,0,60,81,217,52,16,20,0.876363636,412,0.909090909,3,0.0,0.105,0,0,14.42307692,8,1.6154
4,2,0,3,17,6,1,3,4,2.0,86,0.0,0,0.928571429,0.6,1,1,20.5,2,1.0
11,1,0,40,16,25,40,0,11,0.05,191,0.0,0,0.0,0.409090909,1,1,16.0,7,1.1818
1,5,0,2,6,0,1,1,1,2.0,14,1.0,0,1.0,1.0,0,0,12.0,0,0.0
5,1,0,5,14,0,4,1,4,1.159090909,205,0.136363636,0,0.0,0.5,0,0,35.6,9,2.2
9,2,0,3,22,0,0,3,9,0.5,67,0.0,2,0.714285714,0.407407407,1,1,6.222222222,1,0.8889
11,3,0,5,16,51,2,4,11,0.85,77,0.5,0,0.956521739,0.484848485,1,3,5.636363636,1,0.7273
9,1,0,9,12,26,6,3,8,0.928571429,70,0.428571429,0,0.0,0.375,0,0,6.0,1,0.7778
53,1,0,37,144,1172,9,30,47,0.941568047,1164,0.961538462,4,0.0,0.134615385,0,0,20.47169811,39,1.8302
10,2,7,14,35,0,7,7,10,0.0,176,1.0,0,0.590909091,0.283333333,0,0,16.5,3,1.5
1,4,0,2,2,0,1,1,1,2.0,5,0.0,0,1.0,1.0,0,0,4.0,0,0.0
3,1,0,0,3,3,0,0,3,2.0,3,0.0,0,0.0,0.777777778,0,0,0.0,1,1.0
16,5,0,22,55,36,4,21,13,0.733333333,592,0.666666667,2,0.899280576,0.2,2,13,35.8125,9,2.5
3,1,0,5,4,3,4,2,3,2.0,8,0.0,0,0.0,0.75,0,0,1.666666667,1,0.6667
8,1,0,2,9,0,2,0,0,0.428571429,1107,0.0,0,0.0,0.714285714,0,0,137.125,3,1.125
9,1,0,5,18,0,2,3,8,0.5,1224,1.0,0,0.0,0.5,0,0,134.5555556,3,1.0
4,2,0,10,10,6,4,8,4,2.0,37,0.0,0,0.933333333,0.392857143,1,1,8.25,1,0.5
5,2,0,14,27,10,2,12,1,1.071428571,182,0.0,0,0.818181818,0.72,0,0,34.0,1,0.8
30,2,0,6,50,327,2,4,28,0.775862069,505,0.833333333,0,0.289473684,0.216666667,1,6,15.63333333,8,2.0667
21,2,0,6,32,120,1,5,19,0.955263158,379,0.315789474,0,0.366666667,0.304761905,1,4,16.14285714,2,0.9524
2,1,0,2,4,1,2,0,1,2.0,39,0.0,0,0.0,0.5,0,0,18.5,3,1.5
1,1,0,1,2,0,1,0,1,2.0,12,0.0,0,0.0,1.0,0,0,9.0,0,0.0
1,1,0,1,2,0,1,0,0,2.0,6,0.0,0,0.0,1.0,0,0,3.0,0,0.0
6,2,0,17,38,15,3,14,1,1.114285714,283,0.0,0,0.782608696,0.611111111,0,0,45.0,1,0.8333
8,1,0,13,17,22,13,0,4,1.0,160,0.0,0,0.0,0.5,0,0,18.5,8,2.125
25,1,0,90,48,214,88,9,24,0.891666667,494,1.0,1,0.0,0.185454545,0,0,18.36,5,2.2
4,6,0,8,16,6,0,8,3,2.0,113,0.0,0,0.955223881,0.5,2,8,27.25,1,0.75
1,1,0,0,1,0,0,0,1,2.0,1,0.0,0,0.0,1.0,0,0,0.0,1,1.0
1,1,0,2,1,0,1,1,1,2.0,1,0.0,0,0.0,1.0,0,0,0.0,1,1.0
9,2,0,4,13,36,2,2,9,1.125,58,0.0,0,0.3,0.333333333,0,0,5.333333333,1,0.7778
45,3,0,22,81,814,7,19,39,0.909090909,555,1.0,1,0.402985075,0.146694215,1,2,11.0,7,1.1778
15,7,0,14,71,77,8,11,3,0.849206349,584,1.0,1,0.979104478,0.355555556,0,0,37.33333333,9,1.5333
1,4,0,2,2,0,1,1,1,2.0,5,0.0,0,1.0,1.0,0,0,4.0,0,0.0
6,1,0,15,39,7,1,14,3,0.8,335,0.666666667,0,0.0,0.32,0,0,54.33333333,15,4.1667
4,2,0,2,6,6,2,0,3,2.0,83,0.0,0,0.842105263,0.5625,1,11,19.75,3,1.25
9,1,0,12,45,8,10,3,8,0.6875,294,0.833333333,0,0.0,0.333333333,0,0,31.0,10,3.0
17,2,0,11,42,0,2,10,15,0.5625,393,0.333333333,0,0.586206897,0.352941176,1,5,21.94117647,2,0.8824
5,1,0,15,5,10,11,4,5,2.0,5,0.0,0,0.0,0.68,0,0,0.0,1,1.0
2,1,0,4,4,1,1,3,2,2.0,9,0.0,0,0.0,1.0,0,0,3.5,1,0.5
2,2,0,7,9,1,0,7,2,2.0,48,0.0,0,0.666666667,0.6,1,1,23.0,4,2.0
3,2,0,14,10,3,5,9,2,2.0,63,0.0,0,0.9,0.6,1,1,20.0,1,0.6667
20,6,0,20,107,142,12,16,8,0.822966507,569,1.0,1,0.974320242,0.216666667,1,1,26.9,8,1.45
21,1,1,14,53,176,4,10,16,0.725,353,0.75,4,0.0,0.3625,0,0,15.42857143,4,1.0
24,4,0,13,103,176,1,12,18,0.808184143,1046,1.0,1,0.772277228,0.175,0,0,41.875,6,1.4167
4,1,0,5,4,6,4,1,4,2.0,4,0.0,0,0.0,0.875,0,0,0.0,1,1.0
14,1,0,23,35,0,22,1,14,0.5,341,0.5,0,0.0,0.428571429,0,0,23.21428571,5,2.5714
27,2,0,16,84,193,3,16,21,0.824175824,558,1.0,0,0.697674419,0.168350168,1,9,19.40740741,2,1.037
3,1,0,2,24,1,1,1,1,0.75,121,1.0,0,0.0,0.5,0,0,38.66666667,8,2.6667
1,4,0,1,2,0,0,1,1,2.0,4,0.0,0,1.0,1.0,0,0,3.0,0,0.0
8,2,0,12,32,0,2,10,7,0.5,157,1.0,0,0.65,0.291666667,0,0,18.375,10,2.0
13,1,0,11,70,66,2,9,6,0.952898551,2002,0.347826087,7,0.0,0.266666667,0,0,151.2307692,14,3.2308
13,2,0,6,25,44,1,5,11,0.75,171,0.666666667,0,0.5,0.307692308,1,4,11.92307692,2,0.9231
166,2,14,118,322,13617,67,76,157,0.893602694,2077,0.888888889,3,0.068181818,0.056277056,0,0,11.45783133,6,1.1506
8,2,0,10,27,14,2,10,4,0.714285714,120,1.0,0,0.8,0.291666667,0,0,13.625,1,0.75
12,4,1,16,47,18,2,14,9,0.545454545,331,1.0,2,0.948356808,0.229166667,2,6,26.41666667,4,1.1667
2,1,0,4,5,1,4,0,1,1.689655172,88,0.0,0,0.0,1.0,0,0,28.5,0,0.0
1,1,0,13,1,0,13,0,1,2.0,1,0.0,0,0.0,1.0,0,0,0.0,1,1.0
11,2,0,7,28,25,3,6,9,0.75,161,0.5,0,0.615384615,0.386363636,1,2,13.45454545,5,2.2727
5,2,0,2,16,0,0,2,5,0.5,102,1.0,1,0.2,0.4,1,1,19.0,2,1.0
4,3,0,1,15,6,0,1,3,1.333333333,1166,0.0,0,0.926829268,0.333333333,0,0,271.25,2,1.0
18,3,0,10,59,103,6,5,14,0.774509804,466,0.5,0,0.652173913,0.3,0,0,24.55555556,5,1.8333
3,1,0,4,8,1,3,1,0,0.5,45,1.0,0,0.0,0.5,0,0,13.66666667,2,0.6667
3,5,0,2,6,3,1,1,3,1.5,17,1.0,0,1.0,0.777777778,0,0,4.333333333,0,0.0
5,3,0,6,18,4,0,6,5,0.375,105,1.0,1,0.924528302,0.35,3,3,19.6,3,1.4
21,1,1,12,29,76,11,1,20,0.858333333,409,0.166666667,0,0.0,0.404761905,0,0,18.19047619,8,1.6667
2,2,0,2,4,1,0,2,2,2.0,10,0.0,0,0.888888889,0.666666667,0,0,4.0,1,0.5
18,2,0,7,32,85,4,3,16,0.776470588,398,0.0,0,0.384615385,0.355555556,1,1,20.83333333,4,1.5
17,1,0,8,54,134,7,3,5,0.9375,867,0.0,1,0.0,0.2125,0,0,49.88235294,19,4.7059
8,1,0,7,14,26,5,3,3,0.952380952,150,0.333333333,1,0.0,0.5,0,0,17.375,6,1.875
6,2,0,5,15,15,1,4,6,2.0,53,0.0,0,0.615384615,0.541666667,2,2,7.833333333,2,1.3333
11,1,0,1,15,0,1,0,11,0.45,286,1.0,0,0.0,0.606060606,0,0,24.63636364,4,2.1818
1,3,0,8,2,0,6,2,1,2.0,5,0.0,0,1.0,1.0,0,0,4.0,0,0.0
15,3,4,10,30,79,4,6,11,0.816326531,146,1.0,1,0.647058824,0.205357143,1,1,8.266666667,1,0.8
4,4,0,5,19,0,1,5,1,0.666666667,117,0.5,0,0.955223881,0.5,4,9,27.75,7,2.25
10,2,0,6,14,45,3,3,10,1.111111111,59,0.333333333,0,0.272727273,0.25,0,0,4.6,1,0.8
4,1,0,5,4,6,4,1,4,2.0,4,0.0,0,0.0,0.5,0,0,0.0,1,1.0
30,1,0,37,68,345,30,9,27,0.773399015,513,1.0,3,0.0,0.18226601,0,0,15.86666667,5,1.6
3,1,0,2,4,0,2,0,3,0.0,20,1.0,0,0.0,1.0,0,0,5.333333333,1,0.6667
6,1,0,6,22,0,4,3,5,0.0,154,1.0,0,0.0,0.5,0,0,24.5,7,3.0
3,3,0,4,6,0,1,4,1,0.75,40,0.5,0,0.960784314,0.555555556,2,13,11.66666667,1,0.6667
5,1,0,5,6,2,3,2,4,0.75,36,1.0,2,0.0,0.36,0,0,5.4,1,0.8
2,3,0,0,3,1,0,0,2,2.0,374,0.0,0,0.974358974,1.0,0,0,186.0,1,0.5
3,2,1,12,22,3,2,10,2,1.5,72,0.0,0,0.866666667,1.0,0,0,22.66666667,1,0.6667
3,4,0,7,19,3,1,6,2,2.0,54,0.0,0,0.990566038,0.666666667,2,3,17.0,1,0.6667
5,2,0,10,11,10,6,6,5,2.0,31,0.0,0,0.909090909,0.4,1,2,5.2,1,0.6
2,1,0,0,2,1,0,0,2,2.0,2,0.0,0,0.0,0.75,0,0,0.0,1,1.0
4,3,0,21,26,0,0,21,3,0.333333333,123,1.0,1,0.949152542,0.4,2,5,29.5,2,1.0
1,3,2,3,2,0,3,0,1,2.0,5,0.0,0,1.0,1.0,0,0,4.0,0,0.0
10,1,0,6,17,31,6,0,10,0.611111111,107,1.0,0,0.0,0.4,1,1,9.3,3,1.3
3,4,0,4,13,0,1,4,1,0.75,109,0.5,0,0.967741935,0.555555556,3,22,34.66666667,9,3.3333
24,2,0,16,56,218,3,15,20,0.753623188,275,1.0,2,0.808695652,0.284722222,1,4,10.20833333,4,1.0417
3,4,0,2,6,3,0,2,3,2.0,17,0.0,0,0.979166667,0.5,0,0,4.666666667,1,0.6667
3,1,0,0,3,3,0,0,3,2.0,3,0.0,0,0.0,0.611111111,0,0,0.0,1,1.0
9,1,0,1,14,4,1,0,9,0.625,59,1.0,0,0.0,0.288888889,0,0,5.222222222,1,0.7778
7,1,0,12,36,3,1,12,5,0.666666667,275,0.666666667,1,0.0,0.261904762,0,0,37.85714286,22,3.7143
6,4,0,13,16,13,2,11,4,0.9,82,1.0,1,0.954545455,0.5,2,2,12.33333333,2,0.5
3,3,0,7,16,3,2,5,3,2.0,74,0.0,0,0.916666667,0.833333333,1,2,23.66666667,8,3.3333
7,1,0,8,20,11,0,8,6,0.5,91,0.333333333,0,0.0,0.5,0,0,11.57142857,2,1.1429
5,1,0,51,10,8,51,0,3,0.3125,69,0.75,1,0.0,0.583333333,0,0,12.0,3,0.6
14,7,0,12,41,7,3,10,10,0.346153846,330,1.0,1,0.917241379,0.273809524,4,18,22.42857143,9,2.2857
9,3,1,11,23,8,5,8,7,0.458333333,127,1.0,1,0.931034483,0.375,0,0,12.77777778,2,0.6667
9,1,0,8,39,36,5,4,9,2.0,904,0.0,0,0.0,0.301587302,0,0,99.44444444,20,6.0
14,2,0,5,23,73,2,3,12,0.788461538,122,0.75,0,0.47826087,0.314285714,1,4,7.428571429,1,0.8571
9,2,0,17,28,22,9,8,7,0.5,127,1.0,1,0.3,0.25,1,1,12.88888889,2,1.0
1,1,0,2,1,0,2,0,1,2.0,1,0.0,0,0.0,1.0,0,0,0.0,1,1.0
2,1,0,4,2,1,2,2,2,2.0,2,0.0,0,0.0,1.0,0,0,0.0,1,1.0
3,3,0,7,7,3,2,5,3,1.5,26,0.0,0,0.953488372,0.555555556,1,1,7.333333333,1,0.6667
7,1,2,3,8,11,2,1,7,0.777777778,37,1.0,1,0.0,0.357142857,0,0,3.857142857,1,0.8571
13,2,0,9,38,0,3,6,4,0.75,354,0.571428571,6,0.294117647,0.211538462,1,2,25.15384615,1,0.9231
5,1,0,10,5,10,6,4,5,2.0,5,0.0,0,0.0,0.4,0,0,0.0,1,1.0
3,1,2,5,6,1,2,3,1,1.166666667,35,1.0,1,0.0,0.555555556,0,0,9.666666667,1,0.6667
4,1,0,3,8,0,2,1,3,0.333333333,23,1.0,1,0.0,0.416666667,0,0,4.5,1,0.5
8,1,0,11,56,20,1,10,4,0.714285714,468,1.0,1,0.0,0.261904762,0,0,57.0,31,5.125
9,1,0,83,9,36,80,3,9,2.0,9,0.0,0,0.0,1.0,0,0,0.0,1,1.0
6,4,5,64,17,15,59,5,5,2.0,67,0.0,0,0.956043956,0.583333333,3,4,10.16666667,2,1.1667
6,6,0,3,16,7,1,2,5,0.8,80,1.0,0,0.782608696,0.416666667,0,0,11.66666667,3,1.1667
5,3,0,4,18,0,0,4,5,0.5,148,1.0,0,0.888888889,0.8,0,0,28.0,1,0.8
14,3,12,20,41,0,13,7,13,0.461538462,174,1.0,1,0.74,0.392857143,0,0,11.28571429,6,1.5
11,2,0,5,21,43,2,3,9,0.85,116,0.5,0,0.578947368,0.418181818,1,6,9.363636364,2,1.0
9,2,0,7,23,0,2,5,2,0.375,147,1.0,1,0.533333333,0.355555556,1,2,15.11111111,2,0.8889
2,1,0,12,14,0,1,12,2,0.0,77,1.0,0,0.0,0.75,0,0,37.0,4,2.0
3,4,0,2,6,3,1,2,3,2.0,17,0.0,0,0.979166667,0.666666667,0,0,4.666666667,1,0.6667
6,2,0,7,14,15,3,5,5,2.0,57,0.0,0,0.705882353,0.333333333,2,3,8.5,3,1.1667
4,2,0,13,29,2,0,13,3,0.696969697,222,1.0,0,0.6,0.666666667,0,0,51.75,12,3.25
2,2,0,3,4,1,0,3,2,2.0,10,0.0,0,0.666666667,0.666666667,0,0,4.0,1,0.5
10,3,0,2,20,21,0,2,9,0.6,132,1.0,0,0.804347826,0.4,1,1,11.7,1,0.9
31,5,0,7,51,381,0,7,20,0.919047619,376,1.0,0,0.743589744,0.241935484,2,4,10.67741935,4,1.5161
5,1,0,6,10,2,0,6,4,0.5,44,1.0,1,0.0,0.583333333,0,0,7.4,2,0.8
9,1,0,4,19,14,3,1,9,0.65625,88,1.0,0,0.0,0.518518519,0,0,8.333333333,1,0.8889
5,3,4,11,11,10,4,7,1,2.0,33,0.0,0,0.965517241,0.44,0,0,5.6,1,0.2
1,1,0,0,1,0,0,0,1,2.0,1,0.0,0,0.0,1.0,0,0,0.0,1,1.0
1,1,0,1,1,0,1,0,1,2.0,1,0.0,0,0.0,1.0,0,0,0.0,1,1.0
14,1,0,0,15,81,0,0,14,0.876923077,75,1.0,0,0.0,0.392857143,0,0,4.0,1,0.7143
5,2,0,1,18,10,1,0,5,2.0,107,0.0,0,0.888888889,0.6,1,2,20.4,4,1.8
14,2,0,6,25,77,3,3,11,0.861538462,212,0.8,0,0.5,0.517857143,1,5,13.78571429,2,1.0
4,2,0,5,7,4,4,1,2,0.888888889,45,0.333333333,3,0.857142857,0.444444444,1,1,9.5,1,0.5
2,3,0,8,8,1,2,6,0,2.0,61,0.0,0,0.952380952,0.583333333,1,1,29.5,1,0.5
15,1,0,9,22,0,8,1,14,0.852040816,297,0.285714286,3,0.0,0.380952381,0,0,17.86666667,7,0.8
10,5,0,5,25,0,1,4,6,0.703703704,251,1.0,1,0.777777778,0.375,2,4,23.2,5,1.6
1,1,0,0,1,0,0,0,1,2.0,1,0.0,0,0.0,1.0,0,0,0.0,1,1.0
2,2,0,7,9,1,0,7,2,2.0,48,0.0,0,0.666666667,0.6,1,1,23.0,4,2.0
7,1,0,29,17,0,26,3,7,0.0,155,1.0,0,0.0,0.464285714,0,0,21.0,4,1.8571
5,1,0,11,27,6,1,10,2,0.75,120,0.8,0,0.0,0.3125,0,0,22.0,4,1.2
9,1,0,3,18,30,1,2,8,0.375,82,1.0,0,0.0,0.355555556,0,0,8.0,1,0.7778
4,1,0,6,13,6,2,4,3,2.0,77,0.0,0,0.0,0.5,0,0,18.25,4,2.75
9,1,0,38,102,30,1,37,3,0.625,620,1.0,0,0.0,0.196428571,0,0,67.77777778,6,2.2222
4,4,15,49,8,6,49,0,4,1.333333333,21,1.0,0,1.0,0.666666667,0,0,4.0,0,0.0
22,2,0,25,64,135,2,23,20,0.865800866,544,0.818181818,2,0.393939394,0.304761905,0,0,23.22727273,22,1.9545
1,1,0,10,2,0,9,1,1,2.0,12,0.0,0,0.0,1.0,0,0,9.0,0,0.0
19,1,1,20,58,93,11,13,17,0.75,451,1.0,2,0.0,0.240601504,0,0,22.42105263,13,2.3158
4,1,0,6,4,6,6,0,4,2.0,4,0.0,0,0.0,1.0,0,0,0.0,1,1.0
5,3,0,4,17,8,0,4,5,0.25,98,1.0,0,0.902439024,0.45,0,0,18.4,4,1.8
22,2,0,42,54,199,13,32,20,0.571428571,466,1.0,0,0.622641509,0.215909091,2,4,20.13636364,7,1.4091
17,5,0,6,35,130,0,6,12,0.991071429,207,1.0,0,0.869918699,0.352941176,2,3,10.76470588,3,1.1765
8,2,0,5,20,0,2,3,6,0.285714286,174,1.0,0,0.695652174,0.40625,1,2,20.625,2,1.375
9,1,0,11,10,2,11,0,8,0.666666667,83,0.666666667,1,0.0,0.5,1,1,7.888888889,5,1.1111
21,1,1,5,23,0,5,0,21,0.3375,516,1.0,0,0.0,0.5,0,0,23.38095238,4,1.7143
2,2,0,4,3,1,3,1,2,1.0,16,0.0,0,0.0,0.875,0,0,6.5,0,0.0
5,1,0,8,5,10,5,4,5,2.0,5,0.0,0,0.0,0.4,0,0,0.0,1,1.0
3,1,0,9,3,3,5,4,3,2.0,3,0.0,0,0.0,0.666666667,0,0,0.0,1,1.0
1,4,0,1,3,0,1,0,1,2.0,6,0.0,0,1.0,1.0,0,0,5.0,0,0.0
3,1,0,3,4,3,1,2,3,2.0,8,0.0,0,0.0,0.5,0,0,1.666666667,1,0.6667
3,3,0,0,4,1,0,0,2,0.5,247,0.0,0,0.974358974,1.0,0,0,81.0,1,0.3333
5,1,0,8,24,2,0,8,4,0.666666667,117,0.0,1,0.0,0.36,0,0,21.8,7,2.2
6,3,0,2,20,15,2,0,4,1.12,183,0.0,0,0.85,0.5,1,1,28.66666667,14,2.8333
8,1,0,7,17,0,2,5,7,0.571428571,134,1.0,2,0.0,0.458333333,0,0,15.375,3,1.375
3,1,0,12,31,3,2,12,3,2.0,153,0.0,0,0.0,0.666666667,0,0,50.0,10,3.6667
1,1,0,0,1,0,0,0,1,2.0,1,0.0,0,0.0,1.0,0,0,0.0,1,1.0
5,1,0,4,6,0,4,1,5,0.6875,82,0.0,1,0.0,0.666666667,0,0,13.8,0,0.0
8,5,0,11,30,0,5,6,8,0.816326531,299,0.428571429,0,0.844444444,0.35,1,4,35.5,11,3.125
8,6,0,26,43,0,1,25,8,0.285714286,253,1.0,2,0.933962264,0.25,4,5,30.375,8,1.75
15,1,1,7,25,75,1,6,12,0.803571429,139,1.0,1,0.0,0.276190476,0,0,8.0,2,1.0
10,1,6,12,14,37,6,6,10,0.777777778,51,1.0,1,0.0,0.3,0,0,3.9,1,0.8
38,2,0,9,56,511,4,5,35,0.938063063,604,0.625,4,0.244444444,0.239382239,1,6,14.26315789,3,1.0
9,3,0,6,23,0,2,5,7,0.6875,150,0.5,0,0.631578947,0.311111111,1,4,15.44444444,2,1.0
3,3,0,5,17,1,1,4,2,0.5,98,1.0,0,0.8,0.75,0,0,31.0,1,0.3333
4,3,2,4,12,6,4,0,4,1.333333333,111,0.0,0,0.951219512,0.357142857,1,3,26.0,6,1.75
15,4,0,11,72,39,1,10,12,0.714285714,683,1.0,0,0.847826087,0.277777778,0,0,43.73333333,1,0.9333
9,3,0,7,17,24,1,7,6,0.40625,131,1.0,2,0.684210526,0.333333333,0,0,13.11111111,1,0.6667
7,1,0,9,44,5,1,9,4,0.708333333,285,0.75,0,0.0,0.416666667,0,0,39.14285714,20,3.4286
17,2,0,10,48,38,3,8,17,0.822916667,419,0.666666667,1,0.542857143,0.274509804,1,5,23.29411765,3,1.1765
27,4,0,18,60,291,3,17,24,0.820512821,303,1.0,3,0.872928177,0.116049383,2,3,10.0,2,0.8889
4,5,0,0,8,6,0,0,4,2.0,20,0.0,0,0.963855422,0.625,0,0,4.0,1,0.75
10,1,2,9,18,9,4,7,10,0.666666667,86,1.0,3,0.0,0.285714286,0,0,7.3,3,1.2
9,1,0,10,30,6,7,5,5,0.671875,235,0.125,0,0.0,0.34375,0,0,24.22222222,3,1.1111
5,4,0,44,6,0,43,1,5,0.666666667,40,1.0,0,0.764705882,0.533333333,0,0,6.4,1,0.8
3,1,0,7,15,3,4,3,3,1.0,183,0.0,3,0.0,0.388888889,0,0,58.66666667,5,3.3333
23,4,0,2,26,253,0,2,23,2.0,127,0.0,0,0.810344828,0.52173913,0,0,4.52173913,1,0.9565
6,1,0,3,20,0,3,3,4,0.6,120,0.666666667,1,0.0,0.416666667,0,0,18.5,3,1.6667
3,3,0,3,5,3,1,3,1,2.0,25,0.0,0,0.945945946,0.777777778,1,2,7.333333333,1,0.6667
25,1,0,10,53,224,1,9,17,0.720238095,460,1.0,1,0.0,0.2,0,0,17.12,5,1.84
23,1,0,31,57,203,25,6,18,0.934343434,565,0.222222222,0,0.0,0.22173913,0,0,23.17391304,3,1.4783
4,4,0,4,13,0,1,3,4,0.0,87,1.0,0,0.928571429,0.75,2,4,20.5,1,0.5
19,1,0,17,56,157,2,17,7,0.977777778,401,1.0,2,0.0,0.342105263,0,0,19.57894737,12,2.8947
45,1,0,17,85,864,8,14,38,0.907467532,523,1.0,3,0.0,0.138888889,0,0,10.31111111,4,1.2667
3,1,0,4,8,1,3,1,0,0.5,45,1.0,0,0.0,0.5,0,0,13.66666667,2,0.6667
16,1,0,9,39,82,4,5,14,0.766666667,297,1.0,0,0.0,0.2109375,0,0,17.1875,8,2.125
3,1,0,29,3,3,29,0,3,1.5,4,0.0,0,0.0,0.833333333,0,0,0.0,1,1.0
5,2,0,19,18,0,8,15,4,0.785714286,84,0.0,7,0.5,0.4,0,0,14.4,3,1.2
3,5,0,6,11,3,0,6,3,1.5,46,0.0,0,0.964912281,0.666666667,2,7,14.0,1,0.6667
23,1,0,0,23,253,0,0,23,2.0,23,0.0,0,0.0,0.347826087,0,0,0.0,1,1.0
2,1,0,4,5,1,1,3,2,2.0,20,0.0,0,0.0,0.5,0,0,9.0,4,2.0
12,3,0,6,52,8,2,5,10,0.672727273,501,1.0,0,0.666666667,0.303030303,1,4,40.33333333,17,4.3333
15,4,2,18,55,37,2,16,9,0.728571429,730,1.0,4,0.846153846,0.193333333,3,7,47.0,12,2.4667
1,1,0,7,1,0,7,0,1,2.0,1,0.0,0,0.0,1.0,0,0,0.0,1,1.0
9,1,0,4,24,32,0,4,7,0.6875,112,1.0,1,0.0,0.311111111,0,0,11.22222222,2,1.0
13,1,1,13,36,58,10,3,13,0.666666667,260,0.0,0,0.0,0.307692308,0,0,18.92307692,11,2.0
1,1,0,27,1,0,24,3,1,2.0,1,0.0,0,0.0,1.0,0,0,0.0,1,1.0
6,4,0,6,19,3,0,0,6,0.8,94,0.5,0,0.930555556,0.444444444,1,1,14.0,1,0.8333
2,1,0,0,6,1,0,0,2,2.0,63,0.0,0,0.0,0.666666667,0,0,30.5,11,5.5
4,1,0,4,40,0,0,4,3,0.333333333,240,1.0,0,0.0,0.333333333,0,0,58.0,12,3.75
4,1,0,7,17,6,1,6,4,2.0,39,0.0,0,0.0,0.625,0,0,8.75,1,0.75
26,1,0,0,26,325,0,0,26,2.0,26,0.0,0,0.0,0.5,0,0,0.0,1,1.0
0,1,0,0,0,0,0,0,0,2.0,0,0.0,0,0.0,0.0,0,0,0.0,0,0.0
47,1,0,23,111,677,7,17,18,0.944317315,2575,0.070175439,15,0.0,0.150724638,0,0,52.57446809,2,1.0426
10,5,0,9,16,27,1,8,9,0.844444444,79,1.0,0,0.945205479,0.263888889,2,5,6.4,2,0.9
3,2,0,10,21,3,0,10,3,2.0,110,0.0,0,0.75,0.555555556,0,0,35.66666667,9,3.3333
8,5,0,11,15,18,1,10,7,0.961038961,120,1.0,0,0.958333333,0.476190476,1,2,12.625,1,0.75
14,1,0,24,63,63,20,20,9,0.841346154,822,0.4375,0,0.0,0.333333333,0,0,56.57142857,24,2.7857
4,3,0,5,15,4,1,4,2,0.75,133,0.5,0,0.777777778,0.416666667,1,2,31.25,1,0.5
50,1,1,15,105,711,2,13,3,0.850863422,3171,0.076923077,0,0.0,0.194285714,0,0,61.64,55,2.48
13,1,3,13,34,52,10,4,10,0.8125,168,0.5,0,0.0,0.178571429,1,1,11.61538462,4,1.4615
1,4,0,5,2,0,5,0,1,2.0,13,0.0,0,1.0,1.0,0,0,7.0,0,0.0
1,1,0,6,1,0,4,2,1,2.0,1,0.0,0,0.0,1.0,0,0,0.0,1,1.0
12,1,0,3,22,0,3,1,6,0.53030303,332,0.0,0,0.0,0.35,0,0,26.16666667,8,2.75
2,2,0,3,7,1,2,1,1,2.0,29,0.0,0,0.941176471,1.0,0,0,13.5,1,0.5
11,2,0,7,31,45,2,6,6,0.5,166,1.0,1,0.64,0.363636364,0,0,13.90909091,2,0.9091
8,2,0,10,33,26,0,10,6,1.057142857,158,0.0,0,0.647058824,0.357142857,1,1,18.125,3,1.125
1,1,0,0,1,0,0,0,1,2.0,1,0.0,0,0.0,1.0,0,0,0.0,1,1.0
22,3,0,17,77,95,0,17,19,0.742857143,439,1.0,1,0.637931034,0.172727273,1,1,18.72727273,2,1.0
5,1,0,9,5,10,9,1,5,2.0,5,0.0,0,0.0,0.666666667,0,0,0.0,1,1.0
17,3,1,12,64,52,1,11,13,0.793269231,642,1.0,1,0.698113208,0.242647059,1,1,36.0,11,2.0
116,1,0,60,203,4934,44,48,62,0.905590062,2911,1.0,6,0.0,0.103864734,0,0,23.85344828,13,2.0776
7,2,1,2,14,0,1,1,7,0.0,47,1.0,1,0.7,0.428571429,1,2,5.571428571,1,0.8571
9,1,0,4,17,0,1,3,7,0.5,234,1.0,1,0.0,0.511111111,0,0,24.55555556,2,1.1111
9,5,3,12,25,0,3,9,8,0.6875,202,1.0,0,0.833333333,0.296296296,0,0,20.77777778,4,1.1111
26,4,0,7,50,271,0,7,20,0.955789474,392,0.473684211,0,0.657534247,0.384615385,2,3,13.34615385,9,1.5
5,1,0,17,5,10,17,0,5,2.0,5,0.0,0,0.0,0.6,0,0,0.0,1,1.0
22,6,0,23,115,167,10,22,11,0.813852814,561,1.0,4,0.971385542,0.188311688,1,1,24.0,8,1.3636
12,1,0,15,62,66,2,13,9,0.909090909,477,0.0,0,0.0,0.25,0,0,38.58333333,5,2.0
8,1,0,1,25,22,1,0,6,0.428571429,126,1.0,0,0.0,0.178571429,0,0,14.625,5,1.375
21,4,0,19,52,160,5,19,13,0.8625,287,1.0,4,0.648148148,0.166666667,1,2,12.28571429,5,1.6667
12,3,0,16,28,52,6,15,12,0.681818182,136,1.0,2,0.620689655,0.194444444,1,1,10.16666667,2,1.0
4,1,0,14,5,0,14,0,4,0.666666667,28,1.0,0,0.0,0.5,0,0,5.25,1,0.75
3,1,0,3,4,3,1,2,3,2.0,9,0.0,0,0.0,0.666666667,0,0,2.0,1,0.6667
4,2,0,8,29,4,0,8,3,0.666666667,141,1.0,0,0.6,0.666666667,0,0,34.0,6,1.75
7,1,0,12,29,1,7,6,1,0.0,257,1.0,1,0.0,0.514285714,0,0,35.57142857,2,0.7143
75,4,0,27,121,2541,11,18,68,0.96476834,918,1.0,6,0.513157895,0.205714286,1,1,10.86666667,8,1.4667
2,1,0,11,2,1,11,0,2,2.0,2,0.0,0,0.0,0.833333333,0,0,0.0,1,1.0
5,3,0,10,20,0,2,10,1,0.5625,74,1.0,2,0.88,0.375,1,1,13.0,1,0.6
1,4,0,3,2,0,2,1,1,2.0,5,0.0,0,1.0,1.0,0,0,3.0,0,0.0
15,2,0,20,61,41,1,19,8,0.797619048,479,0.833333333,0,0.35,0.246031746,1,2,30.53333333,8,2.3333
2,4,0,11,13,1,0,11,2,2.0,44,0.0,0,0.989690722,0.6,2,4,21.0,2,1.0
7,4,0,6,13,19,1,5,7,0.333333333,46,1.0,0,0.972826087,0.476190476,1,2,5.428571429,1,0.7143
3,7,0,5,10,1,2,4,2,0.5,40,1.0,1,0.99739922,0.4,1,1,12.0,1,0.6667
3,1,0,4,6,0,2,2,2,0.5,33,1.0,1,0.0,0.666666667,0,0,9.0,2,1.0
17,1,0,5,35,0,2,3,17,0.7109375,375,1.0,2,0.0,0.341176471,0,0,20.58823529,6,2.1176
1,1,0,1,2,0,1,0,1,2.0,12,0.0,0,0.0,1.0,0,0,9.0,0,0.0
5,1,0,1,9,0,1,0,5,0.5,41,1.0,0,0.0,0.466666667,0,0,6.8,1,0.8
8,1,0,3,20,0,2,2,3,0.369047619,441,1.0,1,0.0,0.416666667,0,0,52.625,6,2.375
2,5,0,4,10,1,0,4,2,2.0,29,0.0,0,0.982142857,0.75,2,7,13.0,1,0.5
5,1,0,4,11,10,1,3,4,2.0,56,0.0,0,0.0,0.44,0,0,10.2,1,0.8
11,4,0,6,23,23,2,4,10,0.533333333,494,0.333333333,1,0.777777778,0.272727273,2,3,43.36363636,14,3.2727
1,1,0,0,1,0,0,0,1,2.0,1,0.0,0,0.0,1.0,0,0,0.0,1,1.0
48,1,0,16,117,0,3,13,39,0.832446809,617,0.875,3,0.0,0.165957447,0,0,11.6875,5,1.2708
19,1,0,1,32,35,1,0,11,0.583333333,443,0.9,1,0.0,0.280701754,1,1,21.78947368,6,1.7895
3,4,1,9,15,3,1,8,1,2.0,52,0.0,0,0.948717949,0.666666667,2,2,16.33333333,1,0.6667
6,2,0,4,14,0,2,2,2,0.2,154,1.0,2,0.615384615,0.416666667,1,2,24.33333333,7,2.8333
15,1,0,17,16,35,17,0,15,0.773809524,111,1.0,0,0.0,0.433333333,0,0,6.0,1,0.8
3,6,0,3,23,1,0,3,1,0.5,229,1.0,1,0.997019374,1.0,1,3,72.33333333,1,0.6667
9,4,0,7,16,24,4,3,9,0.625,60,1.0,1,0.979166667,0.444444444,2,2,5.555555556,1,0.4444
7,5,0,4,18,0,1,3,5,0.708333333,126,1.0,0,0.848484848,0.476190476,2,5,16.42857143,5,1.2857
25,1,0,0,25,300,0,0,25,1.041666667,37,0.0,0,0.0,0.33,0,0,0.0,1,1.0
4,1,0,13,20,0,5,10,4,0.555555556,301,0.333333333,2,0.0,0.357142857,0,0,73.5,2,1.0
2,1,0,5,22,1,1,4,2,2.0,158,0.0,0,0.0,0.5,0,0,78.0,1,0.5
5,1,2,5,15,0,4,1,4,0.5,137,1.0,0,0.0,0.9,0,0,25.2,4,1.8
1,1,0,0,2,0,0,0,1,2.0,4,0.0,0,0.0,1.0,0,0,3.0,0,0.0
8,1,0,20,60,0,1,19,7,0.357142857,513,1.0,1,0.0,0.457142857,0,0,62.875,8,2.375
8,5,0,13,11,24,1,13,8,0.785714286,49,1.0,1,0.877192982,0.222222222,1,1,4.875,1,0.875
5,6,0,8,28,2,0,8,5,0.625,101,1.0,0,0.956043956,0.7,1,1,18.8,1,0.8
5,4,0,11,17,10,6,5,5,2.0,80,0.0,0,0.909090909,0.314285714,0,0,15.0,1,0.6
6,2,0,15,25,5,2,13,3,0.6,88,1.0,2,0.722222222,0.416666667,1,1,13.33333333,1,0.8333
25,2,0,3,67,22,1,2,22,0.5,961,0.0,0,0.314285714,0.244444444,1,5,37.36,23,3.6
15,2,0,7,33,43,1,6,15,0.833333333,258,0.666666667,0,0.575757576,0.333333333,1,5,15.8,2,1.0
9,1,0,6,34,10,1,5,8,0.5,185,0.666666667,0,0.0,0.333333333,0,0,19.22222222,4,1.8889
2,4,1,9,3,1,5,4,2,2.0,5,0.0,0,0.994444444,0.75,0,0,1.5,1,0.5
2,1,0,6,8,1,0,6,2,2.0,23,0.0,0,0.0,0.75,0,0,10.5,1,0.5
3,1,4,5,14,3,4,1,1,2.0,62,0.0,0,0.0,0.5,0,0,19.66666667,4,1.6667
3,1,2,5,4,3,4,2,1,2.0,6,0.0,0,0.0,0.666666667,0,0,1.0,1,0.6667
9,2,0,9,13,0,1,8,9,0.25,92,1.0,2,0.25,0.416666667,0,0,9.0,1,0.6667
1,3,3,3,2,0,3,0,1,2.0,5,0.0,0,1.0,1.0,0,0,4.0,0,0.0
16,5,0,23,52,46,4,22,13,0.6,561,1.0,2,0.899280576,0.2,2,13,33.9375,9,2.4375
13,2,0,8,32,52,4,4,11,0.933333333,1216,0.4,0,0.55,0.415384615,1,6,92.15384615,4,1.3846
26,1,0,389,26,325,387,4,26,2.0,26,0.0,0,0.0,0.157692308,0,0,0.0,1,1.0
12,2,0,7,36,36,1,7,8,0.865612648,504,1.0,4,0.541666667,0.319444444,1,3,39.08333333,14,3.6667
4,1,0,10,44,6,1,9,3,2.0,432,0.0,0,0.0,0.357142857,0,0,107.0,11,3.5
73,1,3,12,118,2162,3,9,52,0.933888889,1035,0.96,4,0.0,0.141552511,0,0,12.83561644,10,1.5068
6,3,0,8,32,0,2,8,1,0.666666667,161,1.0,2,0.846153846,0.36,1,1,25.33333333,6,1.5
7,2,0,13,20,0,1,12,7,0.0,74,1.0,1,0.5,0.25974026,0,0,9.428571429,1,0.7143
35,1,0,0,35,595,0,0,35,2.0,35,0.0,0,0.0,0.371428571,0,0,0.0,1,1.0
4,1,2,6,24,6,2,4,1,2.0,96,0.0,0,0.0,0.45,0,0,23.0,3,1.5
1,1,0,0,1,0,0,0,1,2.0,1,0.0,0,0.0,1.0,0,0,0.0,1,1.0
15,1,0,8,25,49,2,6,12,0.833333333,139,0.833333333,3,0.0,0.208333333,0,0,7.866666667,6,1.2667
22,4,0,5,39,231,0,5,22,0.952380952,179,1.0,1,0.817391304,0.25,1,1,7.090909091,3,1.2273
3,2,0,3,6,3,1,0,3,2.0,15,0.0,0,0.777777778,0.833333333,2,2,4.0,1,0.6667
24,2,0,9,50,244,3,6,22,0.90821256,402,0.444444444,0,0.34375,0.284722222,1,5,15.375,6,1.4583
2,5,0,4,7,0,2,2,2,0.0,25,1.0,1,0.944444444,0.666666667,0,0,11.0,1,0.5
6,7,0,26,39,5,0,26,6,0.6,289,1.0,0,0.959349593,0.333333333,4,8,46.83333333,4,1.5
5,2,0,12,35,6,1,11,1,0.625,221,0.0,0,0.818181818,0.4,1,1,42.8,1,0.8
8,3,0,19,18,4,6,13,5,0.571428571,75,1.0,0,0.922077922,0.325,2,8,8.125,1,0.75
8,1,1,34,22,18,34,0,6,0.828571429,183,1.0,0,0.0,0.314285714,0,0,21.25,7,1.875
7,1,0,3,12,1,3,0,6,0.277777778,103,1.0,0,0.0,0.619047619,0,0,13.28571429,3,1.0
4,2,1,6,21,4,1,5,2,0.666666667,129,1.0,0,0.85,0.625,1,1,30.75,7,2.25
5,3,0,7,17,10,1,6,5,2.0,69,0.0,0,0.98,0.466666667,2,6,12.8,1,0.8
11,1,1,2,20,53,2,1,0,0.9,90,1.0,0,0.0,0.4,0,0,7.090909091,2,0.9091
4,2,0,2,9,0,1,1,2,1.0,62,0.0,2,0.8,0.555555556,1,1,13.0,4,1.75
14,2,0,10,33,29,6,5,12,0.721153846,400,1.0,1,0.824324324,0.224489796,0,0,27.0,3,1.2143
2,1,0,11,2,1,10,1,2,2.0,7,0.0,0,0.0,0.625,0,0,0.0,1,1.0
5,1,0,0,16,0,0,0,2,0.208333333,268,0.0,0,0.0,0.333333333,0,0,51.4,4,2.0
19,4,0,2,24,171,0,2,19,2.0,105,0.0,0,0.839285714,0.394736842,0,0,4.526315789,1,0.9474
20,4,0,13,97,116,1,13,16,0.868421053,895,1.0,0,0.7625,0.19,4,4,42.85,1,0.95
18,1,0,37,19,107,37,0,18,0.382352941,170,1.0,0,0.0,0.433333333,0,0,8.333333333,2,1.2222
7,1,0,0,7,21,0,0,7,2.0,7,0.0,0,0.0,0.428571429,0,0,0.0,1,1.0
18,1,0,10,18,153,9,1,18,2.0,18,0.0,0,0.0,0.37037037,0,0,0.0,1,1.0
2,5,0,4,4,1,3,1,2,2.0,12,0.0,0,1.0,0.833333333,0,0,4.5,0,0.0
7,2,0,3,10,9,2,2,7,0.944444444,69,0.666666667,0,0.583333333,0.428571429,1,2,8.428571429,2,1.0
9,1,17,38,11,34,35,3,7,0.875,47,1.0,1,0.0,0.416666667,0,0,4.111111111,1,0.8889
17,4,0,2,23,136,0,2,17,2.0,96,0.0,0,0.854545455,0.397058824,0,0,4.647058824,1,0.9412
1,1,0,2,1,0,2,0,0,2.0,186,0.0,0,0.0,0.0,0,0,148.0,0,0.0
26,2,0,6,46,153,1,5,24,0.8,501,0.888888889,2,0.323529412,0.346153846,1,6,17.92307692,2,0.9231
14,1,1,7,26,79,2,5,12,0.788461538,118,1.0,2,0.0,0.256410256,0,0,7.142857143,3,1.1429
11,5,0,8,49,21,2,6,9,0.55,265,1.0,0,0.896103896,0.363636364,2,4,22.72727273,7,1.7273
19,4,0,2,24,171,0,2,19,2.0,105,0.0,0,0.839285714,0.394736842,0,0,4.526315789,1,0.9474
65,1,3,12,109,1852,3,9,46,0.965104167,842,0.933333333,4,0.0,0.13974359,0,0,11.49230769,9,1.4615
2,1,0,0,2,1,0,0,2,2.0,2,0.0,0,0.0,0.75,0,0,0.0,1,1.0
5,1,0,2,6,10,0,2,5,2.0,12,0.0,0,0.0,0.8,0,0,1.4,1,0.8
3,4,0,1,4,1,0,1,2,1.423076923,3769,0.0,0,0.976190476,1.0,0,0,1251.0,1,0.3333
16,2,0,12,42,50,1,11,11,0.780952381,245,0.714285714,4,0.35,0.255555556,1,1,13.875,4,1.0625
6,1,0,2,19,13,1,2,5,0.8,127,0.0,1,0.0,0.533333333,0,0,20.0,11,3.0
3,2,0,4,8,0,1,3,0,0.75,151,0.5,0,0.777777778,0.444444444,1,2,48.0,18,7.3333
25,2,0,8,40,106,2,6,25,0.753787879,452,0.909090909,7,0.115384615,0.155555556,0,0,16.64,8,1.32
6,1,0,0,6,15,0,0,6,2.0,6,0.0,0,0.0,0.375,0,0,0.0,1,1.0
6,1,0,9,11,9,5,4,5,0.6,46,1.0,1,0.0,0.2,0,0,6.5,1,0.6667
40,5,0,30,121,622,6,24,36,0.886946387,1031,0.863636364,6,0.493506494,0.115625,2,4,24.225,21,2.35
3,1,3,11,4,3,10,1,0,2.0,6,0.0,0,0.0,0.555555556,0,0,1.0,1,0.6667
9,1,0,6,23,0,3,3,9,0.125,208,1.0,0,0.0,0.416666667,0,0,22.0,5,3.3333
1,1,0,1,1,0,1,0,1,2.0,1,0.0,0,0.0,1.0,0,0,0.0,1,1.0
14,1,0,0,15,81,0,0,14,0.876923077,75,1.0,0,0.0,0.392857143,0,0,4.0,1,0.7143
5,5,1,4,11,10,1,0,4,2.0,28,0.0,0,0.968503937,0.6,1,1,4.6,1,0.8
4,1,0,13,10,6,6,7,3,2.0,27,0.0,0,0.0,0.25,0,0,5.75,1,0.75
13,1,0,0,13,78,0,0,13,2.0,13,0.0,0,0.0,0.538461538,0,0,0.0,1,1.0
13,3,0,8,26,0,0,8,12,0.611111111,98,1.0,2,0.47826087,0.282051282,1,1,6.307692308,1,0.9231
7,3,0,11,28,0,2,9,7,0.25,122,1.0,0,0.833333333,0.285714286,1,1,16.14285714,1,0.8571
8,1,0,19,8,28,17,2,8,2.0,8,0.0,0,0.0,0.3,0,0,0.0,1,1.0
5,3,0,29,45,4,1,29,4,0.5,267,1.0,1,0.933333333,0.333333333,1,6,52.2,4,1.8
14,1,0,15,26,29,8,7,14,0.769230769,159,1.0,2,0.0,0.3,0,0,9.928571429,10,1.5714
11,2,0,6,21,49,3,3,9,0.85,106,0.5,0,0.578947368,0.522727273,1,6,8.454545455,2,0.8182
8,6,0,5,31,20,2,4,1,0.761904762,119,0.666666667,1,0.991017964,0.5,4,12,13.5,1,0.75
6,2,0,8,54,7,3,7,3,0.75,336,1.0,0,0.924242424,0.305555556,0,0,54.33333333,12,3.6667
1,1,0,4,1,0,1,3,1,2.0,1,0.0,0,0.0,1.0,0,0,0.0,1,1.0
12,1,0,3,44,64,1,2,0,0.981818182,586,1.0,0,0.0,0.318181818,0,0,47.41666667,8,1.8333
10,2,0,15,28,31,3,15,7,0.814814815,97,0.666666667,0,0.636363636,0.222222222,1,1,8.4,1,0.8
8,1,0,1,23,10,1,0,4,0.767857143,390,0.625,0,0.0,0.375,0,0,46.75,19,4.875
7,4,0,7,26,0,0,7,7,0.611111111,138,1.0,0,0.890909091,0.357142857,0,0,18.28571429,1,0.8571
7,1,0,3,19,0,3,1,6,0.25,432,1.0,1,0.0,0.464285714,0,0,60.14285714,3,1.4286
5,1,0,0,6,6,0,0,5,0.75,24,1.0,0,0.0,0.466666667,0,0,3.4,1,0.8
4,1,0,7,17,6,1,6,4,2.0,39,0.0,0,0.0,0.625,0,0,8.75,1,0.75
1,1,0,7,1,0,6,1,1,2.0,1,0.0,0,0.0,1.0,0,0,0.0,1,1.0
15,1,0,19,74,47,5,16,7,0.595238095,561,1.0,1,0.0,0.130952381,0,0,36.2,8,2.2
5,1,0,12,6,0,11,1,5,1.025,76,0.2,1,0.0,0.6,0,0,12.2,2,1.0
1,1,0,0,2,0,0,0,1,2.0,5,0.0,0,0.0,1.0,0,0,3.0,0,0.0
6,5,0,26,27,15,1,25,4,2.0,226,0.0,0,0.97706422,0.533333333,2,4,36.66666667,6,1.6667
2,4,0,6,9,1,1,5,1,2.0,27,0.0,0,0.995260664,0.625,2,2,12.5,1,0.5
1,1,0,5,1,0,2,3,1,2.0,1,0.0,0,0.0,1.0,0,0,0.0,1,1.0
18,2,0,7,58,141,1,6,10,0.845588235,1924,1.0,2,0.2,0.189814815,0,0,105.0,4,1.1667
25,2,0,8,44,140,1,7,23,0.800925926,437,0.888888889,2,0.323529412,0.253333333,1,4,16.12,2,0.96
3,5,0,4,10,0,1,3,3,0.5,34,1.0,1,0.894736842,0.555555556,0,0,9.666666667,1,0.6667
2,6,0,4,4,1,0,4,1,2.0,11,0.0,0,0.987179487,0.666666667,0,0,4.5,1,0.5
4,0,0,10,18,2,1,9,3,0.666666667,75,1.0,2,0.0,0.833333333,0,0,17.0,1,0.5
6,1,0,3,9,9,1,2,6,0.866666667,44,0.0,0,0.0,0.458333333,0,0,5.833333333,2,1.1667
2,5,0,5,9,1,0,5,2,2.0,42,0.0,0,0.982142857,0.75,3,8,20.0,1,0.5
5,2,0,7,9,4,4,5,5,0.666666667,42,1.0,1,0.896551724,0.45,0,0,6.8,1,0.6
2,1,0,4,4,1,0,4,2,2.0,12,0.0,0,0.0,0.75,0,0,5.0,1,0.5
5,5,0,4,26,0,3,1,5,0.25,339,1.0,0,0.99391172,0.6,0,0,66.4,12,4.2
35,4,0,16,103,429,0,0,28,0.894117647,824,0.933333333,1,0.663366337,0.314285714,2,4,22.11428571,2,1.0
3,3,0,4,4,3,0,4,3,2.0,9,0.0,0,0.95,0.5,1,6,2.0,1,0.6667
4,5,0,1,8,6,0,1,4,2.0,20,0.0,0,1.0,0.666666667,0,0,4.0,0,0.0
2,3,0,3,4,1,0,3,2,2.0,11,0.0,0,1.0,0.833333333,0,0,4.5,0,0.0
13,4,0,15,44,62,4,12,12,0.722222222,264,1.0,1,0.937172775,0.192307692,1,2,19.07692308,11,1.8462
5,3,0,17,28,0,3,15,4,0.25,129,1.0,1,0.933333333,0.333333333,1,5,24.4,5,1.8
6,1,0,9,15,15,1,8,5,2.0,128,0.0,0,0.0,0.533333333,0,0,20.33333333,1,0.8333
3,6,0,2,9,1,2,0,2,0.0,37,1.0,0,0.998738966,0.583333333,3,3,11.0,5,1.6667
7,3,0,7,21,0,0,7,7,0.625,144,1.0,0,0.860465116,0.342857143,1,1,19.0,5,1.4286
12,2,9,15,25,54,10,5,10,0.545454545,98,1.0,0,0.52173913,0.333333333,1,2,7.083333333,2,1.1667
4,1,0,12,4,6,11,3,4,2.0,4,0.0,0,0.0,0.5,0,0,0.0,1,1.0
26,1,0,8,42,243,1,7,25,0.693333333,205,1.0,2,0.0,0.258241758,0,0,6.769230769,1,0.9615
19,1,1,7,35,137,1,6,16,0.857142857,183,1.0,1,0.0,0.157894737,0,0,8.263157895,2,1.0
1,3,0,3,2,0,1,2,1,2.0,8,0.0,0,1.0,1.0,0,0,6.0,0,0.0
7,1,4,12,8,17,11,1,5,0.833333333,28,1.0,0,0.0,0.380952381,0,0,2.714285714,1,0.7143
1,1,0,3,1,0,1,2,1,2.0,1,0.0,0,0.0,1.0,0,0,0.0,1,1.0
8,4,0,19,12,0,18,1,8,0.285714286,64,1.0,0,0.818181818,0.4375,0,0,6.75,1,0.5
84,2,29,101,125,3056,91,17,75,0.913654618,1279,0.75,3,0.567708333,0.090336134,1,12,14.08333333,9,1.5595
6,3,0,5,17,3,0,5,6,0.4,60,1.0,0,0.975124378,0.444444444,2,4,8.833333333,1,0.8333
4,2,0,1,15,0,0,1,4,0.833333333,62,0.0,0,0.571428571,0.5,1,4,14.0,3,1.5
3,4,0,8,15,3,0,8,1,2.0,50,0.0,0,0.928571429,0.666666667,2,2,15.66666667,1,0.6667
6,3,0,7,17,0,1,7,3,0.5,62,1.0,1,0.821428571,0.458333333,1,1,9.0,1,0.8333
15,2,0,8,17,99,3,7,15,0.761904762,89,1.0,3,0.70212766,0.253333333,1,20,4.733333333,1,0.9333
2,1,0,6,10,0,1,5,2,0.0,44,1.0,1,0.0,0.666666667,0,0,20.5,1,0.5
14,2,0,6,26,83,1,5,10,0.871794872,157,1.0,0,0.72,0.384615385,1,1,9.785714286,4,0.7143
74,1,0,84,163,2213,44,46,70,0.901946647,1119,0.894736842,12,0.0,0.055222603,0,0,13.86486486,11,1.2297
15,1,0,19,32,61,3,17,10,0.89010989,189,1.0,1,0.0,0.1875,0,0,10.73333333,1,0.8667
11,3,2,8,30,37,2,6,4,0.666666667,127,1.0,0,0.7,0.3,1,1,10.27272727,1,0.8182
11,1,0,1,17,25,1,0,11,0.725,105,1.0,0,0.0,0.409090909,0,0,8.181818182,3,1.2727
1,1,0,0,1,0,0,0,1,2.0,1,0.0,0,0.0,1.0,0,0,0.0,1,1.0
15,1,3,8,39,91,4,4,7,0.811688312,833,0.818181818,3,0.0,0.267857143,0,0,53.06666667,14,3.6
3,3,0,0,4,1,0,0,2,0.5,1248,1.0,0,0.974358974,1.0,0,0,414.6666667,1,0.3333
2,1,0,22,2,1,20,2,2,2.0,2,0.0,0,0.0,1.0,0,0,0.0,1,1.0
4,3,0,4,12,0,0,4,4,0.5,54,1.0,0,0.914285714,0.75,0,0,12.0,1,0.75
10,1,0,8,28,3,7,2,8,0.583333333,226,1.0,1,0.0,0.35,0,0,21.2,5,1.8
5,1,12,31,6,10,31,0,5,2.0,19,0.0,0,0.0,0.9,0,0,2.8,1,0.8
10,5,0,6,25,0,1,5,6,0.703703704,251,1.0,1,0.777777778,0.375,2,4,23.2,5,1.6
10,2,0,4,15,45,1,3,10,1.111111111,59,0.333333333,0,0.272727273,0.32,0,0,4.6,1,0.8
11,3,0,16,41,15,3,14,10,0.7,228,1.0,1,0.951456311,0.233766234,2,6,19.45454545,4,1.2727
4,1,0,2,4,6,1,1,4,2.0,4,0.0,0,0.0,0.75,0,0,0.0,1,1.0
15,1,0,0,16,105,0,0,15,2.0,34,0.0,0,0.0,0.285714286,0,0,1.266666667,1,0.9333
3,3,0,6,7,3,1,5,3,1.5,41,0.0,0,0.953488372,0.555555556,2,2,12.33333333,1,0.6667
1,1,0,1,1,0,0,1,1,2.0,1,0.0,0,0.0,1.0,0,0,0.0,1,1.0
3,2,0,3,5,3,1,2,0,2.0,24,0.0,0,0.5,0.555555556,0,0,7.0,2,1.3333
14,4,0,99,28,0,98,1,14,0.384615385,153,1.0,1,0.65,0.333333333,1,2,9.785714286,2,0.6429
9,4,0,2,15,36,0,2,9,2.0,52,0.0,0,0.921568627,0.416666667,0,0,4.777777778,1,0.8889
14,2,0,12,39,1,8,4,12,0.692307692,243,0.5,0,0.5,0.4,1,6,16.21428571,2,1.2143
97,1,1,64,139,4474,51,14,72,0.941666667,2010,0.96,14,0.0,0.151442308,0,0,19.46391753,12,2.1031
2,3,0,12,21,1,2,12,2,2.0,336,0.0,0,0.933333333,0.583333333,1,1,167.0,3,1.5
1,1,0,2,2,0,1,1,0,2.0,18,0.0,3,0.0,1.0,0,0,12.0,0,0.0
3,1,0,9,3,3,7,2,3,2.0,3,0.0,0,0.0,1.0,0,0,0.0,1,1.0
3,2,0,4,10,3,1,3,2,2.0,32,0.0,0,0.6,0.666666667,0,0,9.666666667,1,0.6667
3,1,0,4,4,0,4,0,3,0.5,20,1.0,0,0.0,0.666666667,0,0,5.0,1,0.6667
3,1,0,2,21,3,0,2,2,2.0,112,0.0,0,0.0,0.333333333,0,0,36.33333333,4,2.3333
2,1,0,1,7,1,0,1,2,2.0,37,0.0,0,0.0,0.75,0,0,17.5,3,1.5
9,2,0,10,36,14,1,10,8,0.5625,166,1.0,1,0.454545455,0.377777778,0,0,17.22222222,4,1.4444
12,2,0,5,22,54,2,3,10,0.818181818,117,0.5,0,0.55,0.5,1,6,8.583333333,2,0.8333
81,3,0,3,159,3130,0,3,73,0.830357143,905,1.0,2,0.526627219,0.079561043,2,20,10.08641975,5,1.1975
1,1,0,0,2,0,0,0,0,2.0,26,0.0,0,0.0,1.0,0,0,3.0,0,0.0
5,1,0,0,7,2,0,0,5,0.625,29,0.5,0,0.0,0.466666667,0,0,4.4,1,0.8
46,1,0,3,53,1009,2,1,45,0.966666667,245,0.0,0,0.0,0.190217391,0,0,4.195652174,1,0.9783
1,1,0,14,1,0,13,2,1,2.0,1,0.0,0,0.0,1.0,0,0,0.0,1,1.0
19,4,0,18,40,23,6,16,19,0.688888889,386,1.0,1,0.604651163,0.119298246,2,4,19.05263158,11,1.7368
5,1,4,7,8,8,4,3,4,0.5,34,1.0,0,0.0,0.8,0,0,5.6,3,1.2
11,1,0,20,102,1,1,20,0,0.733333333,1192,1.0,5,0.0,0.227272727,0,0,106.0,10,2.3636
0,1,0,0,0,0,0,0,0,2.0,0,0.0,0,0.0,0.0,0,0,0.0,0,0.0
8,3,0,26,54,6,3,25,7,0.80952381,279,1.0,3,0.895522388,0.3,2,5,33.125,7,2.25
11,1,0,11,57,23,3,8,7,0.533333333,513,1.0,0,0.0,0.35,0,0,45.36363636,3,1.1818
23,5,0,38,113,153,31,18,12,0.903846154,1127,0.923076923,2,0.967407407,0.173913043,1,7,46.86956522,19,3.087
13,3,0,9,60,38,1,9,8,0.611111111,260,1.0,1,0.790697674,0.305555556,2,3,18.76923077,3,0.8462
4,1,0,4,19,4,1,4,3,0.666666667,82,1.0,0,0.0,0.333333333,0,0,19.25,7,3.25
45,2,0,13,73,878,5,8,45,0.5,351,1.0,0,0.333333333,0.261111111,1,2,6.755555556,1,0.9778
11,1,0,13,45,0,1,13,9,0.633333333,358,1.0,2,0.0,0.222222222,0,0,31.0,11,2.4545
14,4,1,4,19,79,3,2,14,0.945054945,133,0.857142857,0,0.858695652,0.392857143,2,6,8.0,2,1.7143
8,2,0,7,23,14,1,7,7,0.642857143,101,1.0,2,0.666666667,0.326530612,0,0,11.375,1,0.375
3,1,0,1,6,3,1,0,2,2.0,62,0.0,0,0.0,0.333333333,0,0,19.66666667,4,2.6667
5,3,0,1,16,8,0,1,3,1.24795082,4275,0.0,0,0.926829268,0.333333333,0,0,805.2,2,0.8
8,1,0,1,12,0,1,0,8,0.523809524,217,0.833333333,0,0.0,0.583333333,0,0,25.375,4,1.875
5,6,0,13,36,10,1,12,4,2.0,186,0.0,0,0.941176471,0.4,2,8,36.2,1,0.8
53,1,0,31,143,1146,12,20,20,0.906177156,6637,0.090909091,6,0.0,0.192307692,1,1,123.6037736,147,13.3585
7,1,0,6,25,15,6,0,5,0.5,1207,1.0,0,0.0,0.291666667,0,0,171.2857143,4,2.4286
1,1,0,2,1,0,2,0,0,2.0,169,0.0,0,0.0,0.0,0,0,132.0,0,0.0
4,1,0,2,5,0,2,0,4,0.833333333,29,0.75,0,0.0,0.5,0,0,5.25,1,0.75
2,1,3,8,5,1,3,5,2,2.0,15,0.0,0,0.0,0.625,0,0,6.5,1,0.5
3,3,0,10,25,0,1,10,2,0.0,134,1.0,0,0.913043478,0.5,1,1,43.33333333,2,1.0
2,3,0,9,11,1,1,8,2,2.0,39,0.0,0,0.97826087,0.666666667,1,1,18.5,1,0.5
7,1,0,8,38,19,3,5,2,0.888888889,185,1.0,0,0.0,0.253968254,0,0,25.0,3,1.2857
10,1,0,7,22,11,3,4,10,0.622222222,169,1.0,2,0.0,0.316666667,0,0,15.4,7,1.9
10,1,0,27,19,15,25,2,10,0.755555556,138,1.0,1,0.0,0.233333333,1,1,12.3,6,1.9
14,1,0,5,14,91,5,0,14,2.0,14,0.0,0,0.0,0.271428571,0,0,0.0,1,1.0
3,1,0,11,26,1,2,9,2,0.5,158,1.0,0,0.0,0.5,0,0,51.33333333,11,3.6667
9,5,0,9,31,36,2,7,6,2.0,161,0.0,0,0.963800905,0.314814815,4,10,16.88888889,16,3.0
12,3,11,18,37,0,12,6,11,0.454545455,164,1.0,1,0.770833333,0.416666667,0,0,12.5,6,1.5833
10,6,0,30,48,1,2,28,10,0.518518519,302,1.0,2,0.925233645,0.242857143,4,5,28.9,8,1.6
6,3,0,20,40,3,0,20,5,0.4,183,1.0,1,0.918032787,0.305555556,1,6,29.33333333,5,1.6667
7,2,0,6,21,0,1,6,5,0.666666667,97,0.333333333,0,0.5,0.375,2,2,12.42857143,3,1.0
9,3,0,8,20,24,2,6,8,0.5,95,1.0,0,0.666666667,0.291666667,1,1,9.444444444,1,0.8889
4,4,0,3,8,6,0,3,3,1.333333333,62,1.0,0,0.947368421,0.75,2,4,14.0,5,1.75
26,2,0,6,46,117,1,5,24,0.936363636,505,0.363636364,3,0.323529412,0.346153846,1,6,17.57692308,2,0.9231
9,1,0,6,34,10,1,5,8,0.5,185,0.666666667,0,0.0,0.333333333,0,0,19.22222222,4,1.8889
5,2,0,6,7,4,1,5,5,0.5,22,1.0,0,0.555555556,0.325,0,0,3.2,1,0.8
10,2,0,8,43,25,1,8,5,2.0,592,0.0,0,0.571428571,0.328571429,1,7,58.2,13,2.8
11,2,0,7,28,25,3,6,9,0.75,161,0.5,0,0.615384615,0.386363636,1,2,13.45454545,5,2.2727
1,1,0,2,1,0,2,0,0,2.0,352,0.0,0,0.0,0.0,0,0,276.0,0,0.0
6,4,0,6,17,0,1,5,4,0.4,85,1.0,1,0.861111111,0.4,1,2,12.83333333,1,0.8333
5,4,0,9,31,2,2,7,4,0.333333333,151,1.0,1,0.981308411,0.4,1,2,28.6,1,0.8
8,1,0,17,44,18,3,17,7,0.761904762,360,0.666666667,2,0.0,0.4375,0,0,43.625,1,0.875
5,1,0,0,15,8,0,0,1,0.833333333,479,0.0,0,0.0,0.3125,0,0,94.2,7,2.0
11,1,1,2,20,53,2,1,0,0.9,90,1.0,0,0.0,0.4,0,0,7.090909091,2,0.9091
6,3,0,5,20,5,1,4,5,0.825,247,0.0,1,0.722222222,0.333333333,1,4,38.83333333,16,3.6667
7,5,0,5,22,0,1,4,5,0.555555556,150,1.0,0,0.848484848,0.476190476,2,5,20.0,4,1.1429
11,3,0,31,56,0,0,31,11,0.2,613,1.0,2,0.87654321,0.246753247,2,9,54.45454545,7,2.5455
5,2,0,11,18,10,4,9,5,2.0,130,0.0,0,0.909090909,0.4,1,1,25.0,1,0.6
55,1,5,97,116,1101,74,43,10,0.912037037,1105,1.0,6,0.0,0.149691358,0,0,18.87272727,18,2.1818
19,1,0,23,69,81,11,12,14,0.856481481,517,1.0,4,0.0,0.183333333,0,0,25.57894737,6,1.8421
5,3,2,16,18,0,15,1,4,0.666666667,388,0.5,1,0.866666667,0.4,1,1,75.4,14,4.8
8,1,0,1,8,28,0,1,8,2.0,8,0.0,0,0.0,0.28125,0,0,0.0,1,1.0
4,2,0,4,9,0,1,3,0,0.444444444,80,1.0,0,0.7,0.357142857,1,2,18.25,5,1.75
2,3,0,0,3,1,0,0,2,2.0,229,0.0,0,0.974358974,1.0,0,0,113.5,1,0.5
55,1,0,3,99,473,1,3,26,0.798941799,2660,0.0,7,0.0,0.246464646,0,0,47.10909091,20,3.8182
8,1,0,12,16,12,6,6,7,0.75,88,0.5,0,0.0,0.285714286,0,0,9.5,2,1.125
10,2,0,3,21,0,0,3,10,0.62962963,99,1.0,1,0.590909091,0.35,1,7,8.6,2,1.1
8,2,0,18,37,28,1,17,1,2.0,271,0.0,0,0.72,0.363636364,1,1,32.875,1,0.875
7,1,2,4,13,21,2,0,7,2.0,43,0.0,0,0.0,0.761904762,0,0,5.142857143,1,0.8571
10,1,0,4,10,45,0,4,10,2.0,10,0.0,0,0.0,0.5,0,0,0.0,1,1.0
10,2,0,7,27,29,1,7,8,0.911111111,145,0.2,1,0.854545455,0.777777778,1,4,13.0,3,1.4
7,1,0,9,25,0,2,7,7,0.5,199,0.5,1,0.0,0.357142857,0,0,27.14285714,1,0.8571
2,5,0,2,6,0,1,1,2,1.0,22,1.0,0,0.944444444,0.666666667,0,0,9.0,1,0.5
7,2,0,14,20,0,1,13,7,0.0,74,1.0,1,0.5,0.25974026,0,0,9.428571429,1,0.7143
4,5,0,6,21,0,0,6,4,0.333333333,87,1.0,0,0.98089172,1.0,1,1,20.5,3,1.25
2,1,0,0,2,1,0,0,2,2.0,2,0.0,0,0.0,0.75,0,0,0.0,1,1.0
4,6,0,2,21,0,0,2,2,0.571428571,264,1.0,0,0.997019374,1.0,2,4,63.25,6,2.0
6,1,0,1,6,15,1,0,6,2.0,6,0.0,0,0.0,0.75,0,0,0.0,1,1.0
5,3,0,3,7,4,3,0,5,0.5,29,1.0,0,0.944444444,0.6,0,0,4.6,1,0.2
11,2,0,5,26,0,0,5,8,0.666666667,271,1.0,3,0.5,0.309090909,1,5,23.09090909,4,1.6364
25,3,0,8,99,112,5,3,15,0.802884615,1445,0.923076923,8,0.3125,0.213541667,1,7,55.76,2,1.0
14,1,0,17,72,21,9,8,6,0.756410256,1597,1.0,4,0.0,0.18452381,0,0,112.2142857,43,8.2857
4,4,0,1,8,6,1,0,4,2.0,20,0.0,0,1.0,0.666666667,0,0,4.0,0,0.0
17,1,0,1,51,84,1,0,11,0.864583333,344,0.666666667,0,0.0,0.305882353,0,0,18.88235294,4,1.5294
2,1,0,0,2,1,0,0,2,2.0,2,0.0,0,0.0,0.75,0,0,0.0,1,1.0
3,1,0,10,8,1,5,5,3,0.0,26,1.0,1,0.0,0.5,0,0,7.333333333,1,0.3333
8,3,1,10,45,2,1,9,8,0.714285714,336,1.0,1,0.840909091,0.35,2,2,40.25,2,1.125
2,3,0,0,3,1,0,0,2,2.0,229,0.0,0,0.974358974,1.0,0,0,113.5,1,0.5
6,3,0,3,18,7,1,2,4,0.85,112,0.5,0,0.7,0.4,1,2,17.0,1,0.5
19,1,0,72,19,171,67,9,19,2.0,19,0.0,0,0.0,0.157894737,0,0,0.0,1,1.0
2,1,0,7,11,0,1,6,2,0.0,60,1.0,1,0.0,0.6,0,0,28.0,1,0.5
3,2,3,6,11,1,3,3,2,0.5,33,1.0,1,0.857142857,0.666666667,0,0,9.666666667,1,0.6667
7,1,0,5,8,15,5,0,6,0.5,51,1.0,0,0.0,0.535714286,0,0,5.857142857,1,0.5714
8,1,13,15,9,12,13,2,0,0.761904762,66,1.0,2,0.0,0.354166667,0,0,6.875,3,1.25
6,2,0,5,24,3,0,5,6,0.8,239,1.0,0,0.615384615,0.444444444,0,0,38.16666667,6,1.6667
9,2,0,4,17,36,1,3,7,1.125,72,0.0,0,0.647058824,0.555555556,1,6,6.888888889,2,0.7778
2,3,0,3,8,1,1,3,2,2.0,33,0.0,0,0.96969697,1.0,0,0,15.5,1,0.5
2,3,0,3,4,1,1,2,2,2.0,12,0.0,0,1.0,0.625,0,0,4.5,0,0.0
18,2,0,15,52,103,2,13,11,0.757352941,287,1.0,4,0.333333333,0.170588235,1,1,14.5,3,1.0
6,3,0,10,23,13,0,10,3,0.866666667,87,0.333333333,0,0.692307692,0.4,1,2,13.0,3,1.1667
5,1,1,35,11,4,33,2,5,0.25,54,1.0,0,0.0,0.533333333,0,0,9.6,1,0.6
75,1,1,96,196,2497,86,23,59,0.933783784,3247,1.0,9,0.0,0.093333333,0,0,41.89333333,13,2.2667
41,3,0,4,56,784,2,2,41,2.0,223,0.0,0,0.74,0.155722326,2,9,4.43902439,1,0.9512
3,1,0,1,3,3,1,0,3,2.0,3,0.0,0,0.0,0.833333333,0,0,0.0,1,1.0
3,3,0,4,6,3,1,4,2,2.0,17,0.0,0,0.971428571,0.5,1,1,4.666666667,1,0.3333
3,3,0,2,11,3,1,1,3,2.0,25,0.0,0,0.8,0.666666667,2,2,7.333333333,1,0.6667
3,1,0,3,14,1,1,2,3,0.5,97,1.0,0,0.0,0.666666667,0,0,31.0,1,0.6667
6,2,0,22,48,5,2,21,0,0.933333333,706,0.666666667,2,0.666666667,0.375,1,2,116.1666667,52,10.3333
10,1,0,8,33,25,1,7,10,0.722222222,178,1.0,2,0.0,0.228571429,0,0,16.4,1,0.9
3,1,1,2,4,0,1,1,3,0.0,17,1.0,0,0.0,0.666666667,0,0,4.333333333,1,0.6667
6,1,5,5,18,5,5,0,1,0.6,88,0.5,0,0.0,0.7,0,0,13.33333333,1,0.5
18,1,0,14,71,27,6,10,5,0.705882353,1598,1.0,2,0.0,0.155555556,0,0,87.38888889,33,7.2222
4,2,0,7,17,0,1,6,4,0.5,78,1.0,1,0.5,0.4,0,0,18.0,2,1.0
7,1,0,4,29,17,0,4,2,0.666666667,154,0.0,1,0.0,0.333333333,0,0,20.71428571,2,1.0
7,4,0,3,10,21,0,3,7,2.0,39,0.0,0,0.931818182,0.571428571,1,4,4.571428571,1,0.8571
16,1,0,1,33,4,1,0,2,0.516666667,258,1.0,0,0.0,0.375,0,0,14.875,5,1.5
1,1,0,4,1,0,2,2,1,2.0,1,0.0,0,0.0,1.0,0,0,0.0,1,1.0
11,3,0,16,41,15,3,14,10,0.7,228,1.0,1,0.951456311,0.233766234,2,6,19.45454545,4,1.2727
7,2,2,7,10,15,2,5,4,0.333333333,44,1.0,0,0.814814815,0.285714286,0,0,5.142857143,3,1.0
3,2,0,3,8,0,2,1,3,0.0,32,1.0,0,0.75,0.555555556,0,0,9.333333333,1,0.6667
13,3,0,10,36,20,0,10,9,0.716666667,369,1.0,1,0.755102041,0.211538462,1,1,27.0,6,1.4615
7,1,0,0,7,21,0,0,7,2.0,7,0.0,0,0.0,0.428571429,0,0,0.0,1,1.0
6,1,0,3,14,0,2,1,6,0.0,58,1.0,0,0.0,0.533333333,0,0,8.5,1,0.6667
20,1,0,4,42,130,0,4,18,0.736842105,376,1.0,1,0.0,0.284210526,0,0,17.45,3,1.15
4,1,0,6,4,6,5,2,4,2.0,4,0.0,0,0.0,0.666666667,0,0,0.0,1,1.0
4,1,2,6,24,6,2,4,1,2.0,96,0.0,0,0.0,0.45,0,0,23.0,3,1.5
7,3,0,12,28,0,1,12,2,0.633333333,227,0.8,1,0.807692308,0.333333333,1,1,30.71428571,3,1.0
11,1,0,8,33,29,1,7,7,0.676470588,680,0.117647059,2,0.0,0.222222222,0,0,59.27272727,20,2.6364
42,3,0,18,103,547,12,8,37,0.918292683,1046,0.4,0,0.837606838,0.233062331,0,0,23.42857143,13,2.0
3,1,0,3,4,3,1,2,2,1.0,13,0.0,1,0.0,0.625,0,0,3.0,1,0.3333
3,1,0,7,13,0,1,6,2,0.5,72,1.0,0,0.0,0.6,0,0,22.33333333,6,2.0
5,1,17,24,18,10,17,7,0,1.0,142,1.0,0,0.0,0.45,0,0,24.8,5,1.4
12,1,0,1,15,58,1,0,8,1.037878788,969,1.0,0,0.0,0.25,0,0,78.75,19,4.9167
31,3,0,16,79,365,4,14,29,0.905555556,466,1.0,3,0.560606061,0.20952381,0,0,13.64516129,4,1.2581
4,1,0,5,21,6,1,4,3,2.0,153,0.0,0,0.0,0.4,0,0,37.25,1,0.75
4,2,1,5,10,6,1,5,4,2.0,58,0.0,0,0.823529412,0.5,1,4,13.5,5,1.75
3,3,0,13,21,1,3,12,0,2.0,271,0.0,0,0.882352941,0.611111111,2,3,89.33333333,13,7.6667
15,1,18,23,33,7,18,5,5,0.476190476,229,1.0,0,0.0,0.380952381,0,0,14.06666667,4,2.3333
18,2,21,101,43,115,79,24,17,0.838235294,238,1.0,3,0.76056338,0.285714286,1,2,12.0,6,1.4444
5,1,0,4,33,0,0,4,4,0.375,161,1.0,0,0.0,0.25,0,0,30.8,3,1.6
5,6,0,5,13,0,1,5,3,0.25,129,1.0,0,0.979020979,0.366666667,1,1,24.6,17,4.0
17,4,0,8,41,104,3,6,14,0.8125,185,1.0,0,0.791044776,0.328125,2,10,9.764705882,4,1.2941
13,1,0,11,44,60,7,4,2,0.930555556,447,0.833333333,1,0.0,0.25,0,0,32.92307692,12,3.2308
3,3,3,40,31,3,30,33,3,2.0,242,0.0,0,0.978723404,0.523809524,0,0,79.66666667,2,1.3333
25,1,0,3,70,254,3,0,20,0.902777778,559,1.0,0,0.0,0.152727273,0,0,21.12,3,1.08
7,1,3,45,12,1,44,1,7,0.75,279,1.0,1,0.0,0.571428571,0,0,38.57142857,5,3.4286
3,1,0,13,38,3,4,13,3,2.0,191,0.0,0,0.0,0.666666667,0,0,62.66666667,9,3.3333
5,3,0,1,16,8,0,1,3,1.246296296,2125,0.0,0,0.926829268,0.333333333,0,0,397.0,2,0.8
9,2,1,20,10,36,19,6,9,2.0,28,0.0,0,0.6,0.314814815,0,0,2.111111111,1,0.8889
9,1,0,7,10,36,3,6,8,1.0625,16,0.0,1,0.0,0.5625,0,0,0.555555556,1,0.8889
8,1,0,5,66,0,2,3,5,0.257142857,623,0.8,2,0.0,0.5,0,0,76.25,1,0.75
4,1,0,5,4,6,5,0,4,2.0,4,0.0,0,0.0,1.0,0,0,0.0,1,1.0
3,4,0,2,7,3,0,2,3,2.0,19,0.0,0,0.979166667,0.666666667,0,0,5.333333333,1,0.6667
5,4,0,3,8,10,0,3,5,2.0,28,0.0,0,0.953488372,0.6,1,4,4.6,1,0.8
2,3,0,3,5,1,1,3,1,2.0,17,0.0,0,0.972222222,0.666666667,1,2,7.5,1,0.5
2,1,0,5,6,0,0,5,2,0.0,30,1.0,2,0.0,0.625,0,0,13.0,1,0.5
4,3,0,15,20,6,0,15,3,2.0,92,0.0,0,0.949152542,0.4,1,3,22.0,1,0.75
0,1,0,1,0,0,1,0,0,2.0,0,0.0,0,0.0,0.0,0,0,0.0,0,0.0
22,1,0,12,47,0,7,5,16,0.583333333,307,0.75,3,0.0,0.196969697,0,0,12.77272727,9,1.5
5,3,0,1,16,8,0,1,3,1.24795082,4275,0.0,0,0.926829268,0.333333333,0,0,805.2,2,0.8
2,3,0,0,3,1,0,0,2,2.0,1243,0.0,0,0.974358974,1.0,0,0,620.5,1,0.5
13,2,0,16,27,36,9,11,10,0.880952381,119,1.0,4,0.541666667,0.185185185,1,1,7.615384615,2,0.9231
3,3,0,0,4,1,0,0,2,0.5,923,0.0,0,0.974358974,1.0,0,0,306.3333333,1,0.3333
1,1,0,5,1,0,2,3,1,2.0,1,0.0,0,0.0,1.0,0,0,0.0,1,1.0
3,2,0,1,5,3,0,1,3,2.0,12,0.0,0,0.956521739,0.666666667,1,2,3.0,1,0.3333
11,1,0,2,16,35,1,2,11,0.6,52,1.0,1,0.0,0.424242424,0,0,3.636363636,1,0.9091
2,3,0,0,3,1,0,0,2,2.0,229,0.0,0,0.974358974,1.0,0,0,113.5,1,0.5
8,1,0,10,8,28,7,3,8,2.0,8,0.0,0,0.0,0.4375,0,0,0.0,1,1.0
40,2,0,29,123,576,6,26,19,0.883861237,1200,0.470588235,8,0.591397849,0.136752137,1,5,28.575,26,1.75
5,2,0,6,33,2,1,5,2,0.55,206,1.0,0,0.5,0.625,0,0,39.2,5,1.6
3,1,0,9,3,3,8,1,3,2.0,3,0.0,0,0.0,0.666666667,0,0,0.0,1,1.0
50,1,0,5,66,3,1,4,6,0.75170068,6280,0.166666667,1,0.0,0.5,0,0,124.12,167,8.76
4,1,0,8,15,4,6,2,2,0.333333333,55,1.0,0,0.0,0.333333333,0,0,12.5,2,0.75
23,3,0,15,74,113,4,12,21,0.876033058,899,0.545454545,0,0.476190476,0.202898551,1,2,37.60869565,19,1.7391
19,3,0,9,37,129,2,8,13,0.833333333,203,1.0,3,0.55,0.223684211,1,1,9.315789474,3,1.3158
3,3,0,7,15,3,0,7,3,2.0,46,0.0,0,0.777777778,0.555555556,0,0,14.33333333,3,1.3333
17,1,0,13,73,82,8,6,10,0.8203125,598,1.0,0,0.0,0.183823529,0,0,33.70588235,3,0.9412
11,1,0,8,15,0,8,0,11,0.425,234,1.0,0,0.0,0.515151515,0,0,19.90909091,4,1.7273
5,3,2,18,16,8,18,0,3,1.247983871,4331,0.0,0,0.926829268,0.333333333,0,0,815.6,2,0.8
42,3,4,19,107,739,4,15,33,0.928861789,898,0.958333333,2,0.474358974,0.193121693,0,0,19.80952381,10,1.619
2,1,0,2,5,1,2,0,1,2.0,36,0.0,0,0.0,0.5,0,0,17.0,4,2.0
1,6,0,1,2,0,1,1,1,2.0,6,0.0,0,1.0,1.0,0,0,5.0,0,0.0
3,5,0,5,12,1,1,4,3,0.0,38,1.0,0,0.95,0.666666667,0,0,11.33333333,1,0.3333
118,1,0,197,390,5891,169,60,81,0.923076923,5263,0.964285714,9,0.0,0.053846154,0,0,43.36440678,61,4.0
10,2,0,11,38,0,7,4,10,0.656565657,611,0.090909091,1,0.272727273,0.266666667,0,0,59.0,12,5.1
0,1,0,4,0,0,3,1,0,2.0,0,0.0,0,0.0,0.0,0,0,0.0,0,0.0
16,3,1,8,40,0,1,7,13,0.666666667,306,0.6,0,0.755555556,0.322916667,1,13,17.8125,6,1.375
19,2,0,19,89,155,2,17,16,0.854166667,531,0.875,0,0.392857143,0.236842105,1,4,26.52631579,10,1.7368
3,3,0,7,7,3,2,5,3,2.0,25,0.0,0,0.953488372,0.555555556,1,1,7.333333333,1,0.6667
4,3,0,11,26,4,0,11,3,0.666666667,193,1.0,0,0.666666667,0.666666667,0,0,47.0,10,2.75
6,1,0,7,24,0,1,6,6,0.4,91,1.0,1,0.0,0.458333333,0,0,13.83333333,2,1.0
4,3,0,2,9,0,2,0,4,0.833333333,41,0.5,0,0.944444444,0.5,1,1,8.75,2,0.5
4,2,0,10,8,4,4,6,2,0.666666667,37,0.0,0,0.85,0.5,0,0,8.0,2,1.0
8,1,0,8,8,28,3,5,8,2.0,8,0.0,0,0.0,0.458333333,0,0,0.0,1,1.0
5,1,1,6,12,10,3,3,3,2.0,86,0.0,0,0.0,0.533333333,0,0,16.2,1,0.8
2,1,0,2,5,1,1,1,2,2.0,16,0.0,0,0.0,0.666666667,0,0,7.0,3,1.5
6,1,0,2,6,15,1,1,6,2.0,6,0.0,0,0.0,0.75,0,0,0.0,1,1.0
8,2,1,4,21,0,2,3,8,0.238095238,157,1.0,2,0.588235294,0.34375,1,5,18.25,3,1.5
12,2,0,5,24,46,1,4,10,0.981818182,144,0.2,0,0.55,0.5,1,6,10.58333333,2,0.8333
1,1,0,12,2,0,10,2,1,2.0,16,0.0,1,0.0,1.0,0,0,12.0,0,0.0
3,2,0,7,8,0,5,2,3,0.0,29,1.0,0,0.6,0.666666667,1,1,8.333333333,1,0.6667
8,1,0,0,8,28,0,0,8,2.0,8,0.0,0,0.0,0.354166667,0,0,0.0,1,1.0
41,1,0,48,41,820,43,41,41,2.0,41,0.0,0,0.0,0.069767442,0,0,0.0,1,1.0
4,1,0,5,15,0,1,5,4,0.555555556,68,1.0,2,0.0,0.5,0,0,15.25,1,0.75
13,7,0,17,86,48,5,17,7,0.869047619,530,1.0,1,0.981954887,0.241758242,4,7,39.23076923,10,2.0769
11,2,0,14,22,29,0,14,11,0.82,101,1.0,2,0.523809524,0.340909091,0,0,7.727272727,1,0.9091
10,1,0,15,10,45,12,3,10,2.0,10,0.0,0,0.0,0.366666667,0,0,0.0,1,1.0
3,4,0,1,4,1,0,1,2,1.3,875,0.0,0,0.976190476,1.0,0,0,289.0,1,0.3333
4,1,0,8,18,6,5,4,3,2.0,62,0.0,0,0.0,0.458333333,0,0,14.5,3,1.25
2,3,0,4,5,1,1,3,2,2.0,16,0.0,0,0.976190476,0.75,1,1,7.0,1,0.5
3,2,0,3,6,3,0,3,3,2.0,17,0.0,0,0.967741935,0.533333333,0,0,4.666666667,1,0.3333
2,1,0,2,2,1,1,1,2,2.0,2,0.0,0,0.0,0.75,0,0,0.0,1,1.0
16,2,1,17,66,58,3,14,14,0.8,918,1.0,0,0.464285714,0.333333333,0,0,56.0,16,2.6875
5,4,0,3,8,10,0,3,5,2.0,28,0.0,0,0.953488372,0.6,1,4,4.6,1,0.8
3,2,0,2,6,3,0,2,1,2.0,12,0.0,0,0.714285714,0.666666667,1,2,3.0,1,0.6667
120,1,0,10,148,5942,5,5,118,0.798319328,1019,0.0,1,0.0,0.185807656,0,0,7.466666667,4,1.1833
9,5,0,11,32,8,2,9,8,0.78125,392,0.25,6,0.954285714,0.26984127,2,20,41.66666667,10,2.8889
4,4,0,17,17,0,0,17,4,0.666666667,84,1.0,2,0.96969697,0.375,3,8,19.5,2,1.0
67,1,0,44,172,1931,9,37,60,0.952101662,1449,0.967741935,5,0.0,0.109090909,0,0,20.1641791,49,1.9104
2,1,0,3,2,1,3,1,2,2.0,2,0.0,0,0.0,0.75,0,0,0.0,1,1.0
5,1,0,2,18,10,0,2,5,2.0,198,0.0,0,0.0,0.6,0,0,38.6,4,2.0
2,1,0,1,2,1,1,0,2,2.0,2,0.0,0,0.0,1.0,0,0,0.0,1,1.0
2,2,0,5,10,0,1,4,1,0.0,42,1.0,0,0.875,0.6,0,0,19.5,3,1.5
2,5,0,5,7,1,0,5,2,2.0,36,0.0,0,0.98245614,0.75,1,6,17.0,1,0.5
3,1,0,3,4,3,2,1,1,1.0,14,0.0,1,0.0,0.75,0,0,3.333333333,1,0.3333
24,1,0,12,74,274,12,0,23,0.956521739,731,1.0,0,0.0,0.168478261,0,0,29.41666667,8,2.5833
2,1,0,0,3,1,0,0,1,2.0,7,0.0,0,0.0,1.0,0,0,2.5,1,0.5
11,3,0,8,22,27,2,6,7,0.633333333,98,1.0,0,0.771428571,0.283333333,1,4,7.636363636,3,1.0909
3,2,0,8,24,3,0,8,3,2.0,114,0.0,0,0.75,0.555555556,0,0,37.0,7,2.6667
7,4,0,3,10,21,0,3,7,2.0,39,0.0,0,0.931818182,0.571428571,1,6,4.571428571,1,0.8571
15,2,0,14,22,89,3,14,15,0.821428571,103,1.0,2,0.5,0.191666667,1,2,5.6,2,1.0
6,1,0,4,8,0,4,0,6,0.5,66,1.0,0,0.0,0.75,0,0,9.666666667,2,1.0
55,1,3,10,125,811,3,7,36,0.787654321,1901,0.933333333,3,0.0,0.127272727,0,0,33.29090909,13,2.9273
1,4,0,0,2,0,0,0,1,2.0,5,0.0,0,1.0,1.0,0,0,4.0,0,0.0
15,1,0,13,26,1,12,2,14,0.553571429,477,1.0,1,0.0,0.383333333,0,0,30.53333333,6,2.4667
12,4,0,8,41,66,0,8,11,2.0,130,0.0,0,0.892156863,0.305555556,1,1,9.833333333,2,1.0
6,1,0,3,25,11,1,2,3,0.68,154,0.6,0,0.0,0.44,0,0,23.83333333,8,2.3333
3,2,0,1,5,3,0,1,3,2.0,12,0.0,0,0.923076923,0.666666667,1,2,3.0,1,0.3333
3,4,0,1,4,1,0,1,2,0.5,599,0.0,0,0.976190476,1.0,0,0,198.3333333,1,0.3333
10,2,1,2,12,17,1,1,8,0.555555556,185,0.75,0,0.608695652,0.36,1,3,17.1,1,0.9
3,3,0,0,4,1,0,0,2,0.5,234,1.0,0,0.974358974,1.0,0,0,76.66666667,1,0.3333
2,3,0,8,9,1,2,6,0,2.0,64,0.0,0,0.952380952,0.583333333,1,1,31.0,1,0.5
15,4,0,13,87,69,0,13,10,0.826530612,498,1.0,0,0.847826087,0.233333333,3,5,31.73333333,7,1.4667
2,1,0,27,4,1,26,1,1,1.0,72,0.0,0,0.0,1.0,0,0,24.0,0,0.0
2,1,0,10,20,1,1,9,2,2.0,175,0.0,0,0.0,0.625,0,0,86.5,12,6.0
18,3,1,24,82,79,5,20,17,0.752941176,486,0.6,2,0.920187793,0.136752137,2,6,25.72222222,4,1.2778
11,2,0,8,21,0,2,6,11,2.0,392,0.0,0,0.8,0.352272727,1,4,34.63636364,2,0.7273
10,4,0,10,38,3,1,0,9,0.666666667,207,1.0,0,0.881578947,0.65,1,1,19.3,2,1.0
7,3,0,9,36,1,0,9,7,0.708333333,250,1.0,2,0.860465116,0.285714286,2,2,34.14285714,1,0.8571
2,1,0,11,2,1,8,3,2,2.0,2,0.0,0,0.0,0.833333333,0,0,0.0,1,1.0
6,2,0,2,11,9,1,1,6,0.2,45,1.0,0,0.5,0.416666667,0,0,6.333333333,2,0.8333
2,1,0,6,16,1,0,6,2,0.0,67,1.0,2,0.0,0.5,0,0,31.5,1,0.5
3,4,0,2,9,0,1,1,3,0.5,34,1.0,1,0.894736842,0.5,0,0,9.666666667,1,0.6667
4,1,0,0,4,6,0,0,4,2.0,4,0.0,0,0.0,0.75,0,0,0.0,1,1.0
28,2,0,12,97,302,1,11,16,0.962962963,1230,1.0,0,0.542372881,0.272321429,2,8,41.78571429,20,2.2857
9,2,0,4,13,36,2,2,9,1.125,59,0.0,0,0.3,0.333333333,0,0,5.333333333,1,0.7778
9,1,0,3,11,26,2,1,9,0.85,60,1.0,0,0.0,0.361111111,0,0,5.111111111,1,0.8889
3,2,0,7,10,3,2,6,2,2.0,52,0.0,0,0.714285714,0.555555556,1,3,16.33333333,3,1.3333
2,1,0,7,7,1,0,7,2,2.0,15,0.0,0,0.0,0.666666667,0,0,6.5,1,0.5
15,2,0,22,31,97,5,21,13,0.75,124,1.0,1,0.648648649,0.192592593,0,0,7.133333333,2,0.9333
4,3,0,1,15,6,0,1,3,1.333333333,2120,0.0,0,0.926829268,0.333333333,0,0,495.5,2,1.0
22,3,3,35,70,151,18,23,19,0.828571429,390,0.8,2,0.907407407,0.168181818,2,15,16.5,4,1.0909
11,2,0,5,16,55,2,4,11,1.1,95,0.0,0,0.25,0.220779221,0,0,7.454545455,1,0.8182
5,3,0,15,40,4,1,15,4,0.5,224,1.0,1,0.9375,0.36,2,5,43.6,12,3.0
11,1,0,3,17,19,3,1,0,0.833333333,133,0.5,1,0.0,0.386363636,0,0,10.54545455,2,0.9091
6,3,0,13,28,0,0,13,6,0.0,101,1.0,1,0.934210526,0.305555556,2,8,15.66666667,1,0.8333
34,1,0,15,34,561,3,13,34,2.0,34,0.0,0,0.0,0.119485294,0,0,0.0,1,1.0
2,1,0,4,4,1,2,2,1,2.0,10,0.0,0,0.0,0.75,0,0,4.0,1,0.5
7,1,1,7,8,21,4,4,0,1.0,15,0.0,1,0.0,0.342857143,0,0,1.0,1,0.8571
2,1,0,5,6,0,0,5,2,0.0,30,1.0,2,0.0,0.625,0,0,13.0,1,0.5
2,1,0,3,11,1,1,2,2,2.0,54,0.0,0,0.0,0.666666667,0,0,26.0,6,3.0
5,1,1,14,13,10,4,10,5,1.0,34,1.0,1,0.0,0.292307692,0,0,5.6,1,0.8
4,3,0,12,24,4,4,8,4,2.0,188,0.0,0,0.7,0.5,0,0,46.0,10,4.25
9,4,0,14,40,22,3,12,8,0.708333333,244,1.0,1,0.950310559,0.259259259,1,2,25.77777778,11,2.2222
6,1,6,11,14,15,7,4,5,2.0,52,0.0,0,0.0,0.541666667,0,0,7.666666667,2,1.0
7,1,0,43,7,21,43,1,7,2.0,7,0.0,0,0.0,0.428571429,0,0,0.0,1,1.0
14,7,0,7,54,65,3,7,4,0.846153846,313,1.0,1,0.98048048,0.285714286,0,0,20.85714286,3,1.0714
2,4,0,7,13,1,1,6,1,2.0,35,0.0,0,0.995260664,0.625,2,3,16.5,1,0.5
3,2,0,5,6,3,4,3,3,2.0,17,0.0,0,0.967741935,0.533333333,0,0,4.666666667,1,0.3333
4,3,0,4,12,2,0,4,2,0.777777778,58,0.0,1,0.777777778,0.4,1,2,12.75,1,0.5
41,1,0,25,120,820,15,17,14,2.0,1482,0.0,0,0.0,0.142276423,0,0,35.14634146,7,1.7073
9,2,0,9,23,36,9,9,0,2.0,82,0.0,0,0.529411765,0.444444444,0,0,8.111111111,1,0.8889
2,1,1,3,4,1,3,0,2,2.0,9,0.0,0,0.0,0.75,0,0,3.5,1,0.5
2,2,0,4,10,1,1,3,1,2.0,76,0.0,0,0.75,0.625,2,2,37.0,11,5.5
15,1,0,26,75,73,9,19,12,0.785714286,736,1.0,3,0.0,0.247619048,0,0,47.66666667,13,4.4
63,3,0,36,267,1715,4,35,36,0.922939068,2328,0.861111111,9,0.37755102,0.091642229,2,4,35.38095238,21,2.0794
2,8,0,13,28,1,3,13,2,2.0,120,0.0,0,0.998835856,0.75,3,4,59.0,8,4.0
10,4,0,9,41,17,1,9,3,0.666666667,218,1.0,1,0.771428571,0.296296296,2,4,20.5,3,1.1
8,2,0,3,22,0,1,2,6,0.619047619,109,1.0,1,0.7,0.3,1,1,12.25,1,0.75
10,1,0,2,12,25,1,1,10,0.805555556,53,1.0,0,0.0,0.7,0,0,3.9,1,0.9
10,1,1,4,23,0,4,0,10,0.0,298,1.0,0,0.0,0.36,0,0,28.7,6,2.6
10,2,1,6,30,27,3,4,0,0.733333333,290,1.0,1,0.363636364,0.36,0,0,27.5,4,1.4
2,1,0,3,20,1,0,3,2,2.0,85,0.0,0,0.0,0.5,0,0,41.5,6,3.0
23,2,0,5,39,0,0,5,21,0.744318182,387,0.875,6,0.35483871,0.356521739,1,6,15.47826087,2,0.913
7,2,0,8,18,9,3,6,6,0.5,89,1.0,1,0.666666667,0.265306122,2,3,11.57142857,5,1.5714
4,4,0,6,8,4,2,5,2,2.0,42,0.0,0,0.896551724,0.35,1,1,9.5,4,1.5
4,1,3,3,11,0,3,0,4,0.333333333,31,1.0,0,0.0,0.625,0,0,6.5,1,0.75
29,4,4,17,75,80,12,9,24,0.738095238,665,0.666666667,1,0.745283019,0.337931034,2,13,21.82758621,11,2.7931
10,3,0,7,61,37,0,7,3,0.9,758,0.6,0,0.804347826,0.285714286,0,0,73.8,7,2.1
4,1,0,2,8,4,0,2,4,0.666666667,24,1.0,1,0.0,0.5,0,0,4.75,1,0.75
12,1,0,0,12,66,0,0,12,2.0,12,0.0,0,0.0,0.354166667,0,0,0.0,1,1.0
2,4,0,2,4,1,0,2,2,2.0,315,0.0,0,0.976190476,1.0,0,0,156.5,1,0.5
8,6,0,10,31,18,0,10,4,0.80952381,149,1.0,1,0.9625,0.357142857,3,9,17.25,2,0.875
4,0,0,10,17,2,1,9,3,0.666666667,71,1.0,2,0.0,0.833333333,0,0,16.0,1,0.5
0,1,0,2,0,0,1,1,0,2.0,0,0.0,0,0.0,0.0,0,0,0.0,0,0.0
9,2,0,9,17,30,3,7,6,0.75,55,1.0,1,0.529411765,0.407407407,1,1,5.0,1,0.8889
2,1,0,1,6,0,1,0,2,1.0,39,1.0,0,0.0,0.666666667,0,0,16.5,2,1.0
0,1,0,1,0,0,1,0,0,2.0,7,0.0,0,0.0,0.0,0,0,0.0,0,0.0
11,5,0,16,23,37,3,13,10,0.916666667,141,1.0,0,0.93877551,0.225,2,5,10.72727273,2,0.9091
15,1,0,3,59,105,3,1,13,2.0,519,0.0,0,0.0,0.28,0,0,33.6,5,1.5333
8,3,0,5,12,16,1,5,8,0.80952381,66,1.0,1,0.955414013,0.34375,1,2,6.875,4,1.25
148,1,0,346,510,10050,291,101,109,0.938994953,5420,1.0,13,0.0,0.045548654,0,0,35.41216216,61,3.2905
15,3,11,21,48,101,17,6,10,0.821428571,280,1.0,2,0.933333333,0.348148148,0,0,17.53333333,1,0.9333
2,1,0,2,16,1,0,2,2,2.0,100,0.0,0,0.0,0.75,0,0,49.0,3,1.5
24,1,0,5,30,0,5,0,21,0.543478261,486,1.0,0,0.0,0.316666667,0,0,19.08333333,8,1.7083
2,4,0,3,5,0,0,3,1,0.0,13,1.0,0,1.0,1.0,0,0,5.0,0,0.0
3,2,0,6,15,3,0,6,2,2.0,50,0.0,0,0.92,1.0,0,0,15.66666667,1,0.6667
32,1,2,12,54,470,7,5,23,0.95601173,371,1.0,2,0.0,0.286458333,0,0,10.25,5,1.3125
5,1,0,6,9,0,2,4,4,0.25,37,1.0,1,0.0,0.433333333,0,0,6.2,1,0.8
2,2,0,3,4,1,1,2,2,2.0,10,0.0,0,0.833333333,0.666666667,0,0,4.0,1,0.5
3,1,0,6,6,3,0,6,3,2.0,41,0.0,0,0.0,0.444444444,0,0,12.66666667,6,2.3333
1,1,0,2,1,0,2,0,1,2.0,1,0.0,0,0.0,1.0,0,0,0.0,1,1.0
8,2,0,2,19,0,1,1,8,0.657142857,183,1.0,0,0.932692308,0.35,0,0,21.25,5,1.625
15,3,0,7,26,53,2,5,15,0.785714286,164,1.0,5,0.933333333,0.293333333,2,6,9.6,2,1.0
18,3,0,6,55,79,0,6,15,0.890756303,322,0.857142857,3,0.698113208,0.268907563,1,1,16.11111111,3,1.0
2,1,0,2,2,1,2,0,2,2.0,2,0.0,0,0.0,1.0,0,0,0.0,1,1.0
8,1,0,0,8,28,0,0,8,2.0,8,0.0,0,0.0,0.666666667,0,0,0.0,1,1.0
5,1,0,7,5,10,7,1,5,2.0,5,0.0,0,0.0,1.0,0,0,0.0,1,1.0
3,6,0,4,18,1,1,3,3,0.5,302,1.0,1,0.996987952,1.0,2,4,95.33333333,2,1.3333
3,1,0,1,3,3,1,0,3,2.0,3,0.0,0,0.0,1.0,0,0,0.0,1,1.0
7,3,0,9,39,1,0,9,7,0.708333333,260,1.0,2,0.860465116,0.285714286,2,2,35.57142857,1,0.8571
12,1,0,20,12,66,16,9,12,2.0,12,0.0,0,0.0,0.2,0,0,0.0,1,1.0
4,2,0,15,22,6,2,13,1,2.0,119,0.0,0,0.857142857,0.4375,1,1,28.75,1,0.75
2,3,0,9,4,1,9,0,2,2.0,9,0.0,0,1.0,0.75,0,0,3.5,0,0.0
10,2,0,3,20,0,1,2,8,0.311111111,532,1.0,1,0.590909091,0.283333333,1,2,51.7,2,1.0
5,7,0,6,45,2,1,5,4,0.611111111,368,1.0,2,0.993939394,0.4,0,0,70.8,6,2.6
7,3,0,7,23,0,0,7,7,0.625,145,1.0,0,0.860465116,0.342857143,1,1,19.14285714,5,1.4286
6,3,0,6,17,9,1,6,3,0.6,88,1.0,0,0.8,0.366666667,1,1,13.5,3,1.1667
2,1,0,17,7,1,17,0,2,2.0,21,0.0,0,0.0,0.5,0,0,9.5,2,1.0
8,2,0,17,57,20,0,17,6,0.824175824,578,0.769230769,0,0.5,0.328571429,0,0,69.625,2,1.0
24,2,0,13,37,264,5,10,19,0.804347826,186,1.0,1,0.631578947,0.220238095,1,2,6.666666667,1,0.875
5,1,3,14,17,10,13,2,4,2.0,88,0.0,0,0.0,0.45,0,0,16.6,5,2.0
10,1,0,8,19,9,7,1,10,0.666666667,157,1.0,0,0.0,0.475,0,0,14.4,2,1.2
2,3,0,3,8,1,1,3,2,2.0,33,0.0,0,0.96969697,1.0,0,0,15.5,1,0.5
9,2,0,2,12,24,1,2,9,0.9375,48,0.75,0,0.5,0.416666667,1,2,3.888888889,1,0.7778
8,3,0,6,13,14,2,6,8,0.666666667,70,1.0,0,0.909090909,0.35,1,1,7.375,1,0.875
4,1,0,8,4,6,8,0,4,2.0,4,0.0,0,0.0,1.0,0,0,0.0,1,1.0
7,3,0,8,23,19,0,8,7,0.5,118,1.0,0,0.894736842,0.342857143,0,0,15.71428571,4,1.5714
55,6,0,109,200,1197,99,30,40,0.892361111,1437,0.875,8,0.922746781,0.0784689,1,1,24.83636364,13,2.5091
69,3,0,25,129,1784,15,24,50,0.891304348,3050,0.956521739,0,0.571428571,0.181716834,2,12,42.86956522,12,2.6232
12,1,0,14,37,66,14,0,10,1.090909091,494,1.0,0,0.0,0.273809524,0,0,40.08333333,10,2.5833
24,1,0,23,43,270,2,23,24,0.927536232,127,1.0,3,0.0,0.180555556,0,0,4.166666667,1,0.9583
10,2,0,1,19,0,1,0,10,0.666666667,112,0.666666667,0,0.555555556,0.34,1,2,9.9,1,0.8
8,1,0,3,35,20,2,1,4,0.80952381,303,1.0,0,0.0,0.357142857,0,0,36.5,4,1.25
10,4,0,9,23,23,1,8,10,0.555555556,89,0.0,1,0.905263158,0.28,3,22,7.8,2,1.0
25,1,0,32,86,174,11,21,22,0.868055556,740,1.0,2,0.0,0.333333333,0,0,28.12,11,2.48
6,1,0,2,11,0,2,0,6,0.844444444,608,0.0,0,0.0,0.458333333,0,0,98.83333333,8,2.5
4,5,0,2,8,6,1,1,4,2.0,20,0.0,0,1.0,0.666666667,0,0,4.0,0,0.0
1,6,0,1,2,0,1,1,1,2.0,6,0.0,0,1.0,1.0,0,0,5.0,0,0.0
3,1,0,10,4,1,10,0,1,0.75,32,0.25,3,0.0,0.75,0,0,8.333333333,1,0.3333
4,5,0,0,8,6,0,0,4,1.333333333,21,0.0,0,0.963855422,0.625,0,0,4.0,1,0.75
29,1,0,8,37,0,6,2,28,0.813909774,1200,1.0,2,0.0,0.333333333,0,0,39.72413793,6,2.8621
2,4,0,8,6,1,0,8,2,2.0,13,0.0,0,0.989690722,0.625,2,4,5.5,1,0.5
4,1,0,0,4,6,0,0,4,2.0,4,0.0,0,0.0,1.0,0,0,0.0,1,1.0
18,2,0,9,38,153,1,8,18,2.0,96,0.0,0,0.5,0.268518519,1,5,4.333333333,1,0.9444
10,2,0,24,37,7,9,18,4,0.759259259,276,0.0,8,0.333333333,0.188888889,0,0,25.4,4,1.4
8,2,0,7,19,26,3,4,6,0.857142857,72,0.0,0,0.872727273,0.333333333,0,0,7.875,2,1.0
62,2,1,50,135,1723,12,40,48,0.930327869,1182,1.0,8,0.183098592,0.075260805,1,1,17.74193548,7,1.3548
2,3,0,3,7,1,1,3,2,2.0,23,0.0,0,0.96969697,1.0,0,0,10.5,1,0.5
2,4,0,4,3,0,4,0,2,0.0,13,0.0,0,0.944444444,0.666666667,0,0,5.0,1,0.5
7,2,0,7,26,0,1,6,5,0.166666667,152,1.0,1,0.7,0.357142857,1,1,20.42857143,4,1.2857
15,2,0,20,30,97,5,19,13,0.785714286,120,1.0,1,0.638888889,0.192592593,0,0,6.866666667,2,1.0
4,1,0,2,4,6,1,1,4,2.0,4,0.0,0,0.0,0.75,0,0,0.0,1,1.0
2,2,0,2,3,1,1,1,2,2.0,10,0.0,0,1.0,0.75,0,0,4.0,0,0.0
0,1,0,0,0,0,0,0,0,2.0,0,0.0,0,0.0,0.0,0,0,0.0,0,0.0
3,4,0,1,4,1,0,1,2,1.3,875,0.0,0,0.976190476,1.0,0,0,289.0,1,0.3333
20,2,0,19,84,88,1,0,14,0.719298246,685,1.0,0,0.672413793,0.166666667,1,3,33.1,5,1.75
6,4,0,35,47,3,11,28,5,2.0,281,0.0,0,0.938271605,0.4,2,13,45.83333333,8,3.6667
11,1,0,3,19,1,2,2,11,0.45,67,1.0,1,0.0,0.318181818,0,0,4.909090909,1,0.9091
9,2,0,4,13,36,2,2,9,1.125,62,0.0,0,0.3,0.333333333,0,0,5.666666667,1,0.7778
37,1,0,16,92,0,3,13,34,0.5,438,1.0,1,0.0,0.177777778,1,1,10.78378378,12,1.1351
15,3,0,7,26,53,2,5,15,0.785714286,164,1.0,5,0.933333333,0.293333333,2,5,9.6,2,1.0
75,3,1,43,122,2607,33,17,71,0.968648649,1156,0.88,4,0.725925926,0.073043478,3,19,14.08,16,1.84
2,1,0,2,2,1,1,1,2,2.0,2,0.0,0,0.0,0.75,0,0,0.0,1,1.0
2,4,0,2,4,1,2,0,2,2.0,9,0.0,0,1.0,0.75,0,0,3.5,0,0.0
26,1,0,0,40,0,0,0,24,0.08,763,0.0,0,0.0,0.528846154,0,0,28.26923077,5,2.6538
41,1,0,53,61,202,50,4,34,0.871875,2955,0.9375,2,0.0,0.3375,0,0,70.29268293,9,3.6098
4,1,6,8,12,6,6,2,3,2.0,37,0.0,0,0.0,0.5625,0,0,8.25,2,1.0
3,2,0,7,19,3,1,6,2,1.0,93,0.0,0,0.866666667,0.5,0,0,29.66666667,1,0.6667
1,1,0,5,1,0,3,2,1,2.0,1,0.0,0,0.0,1.0,0,0,0.0,1,1.0
2,1,0,30,65,0,1,29,2,0.0,412,1.0,3,0.0,0.571428571,0,0,203.5,1,0.5
13,1,0,12,32,70,10,2,9,0.833333333,155,1.0,1,0.0,0.083333333,0,0,10.61538462,2,0.9231
12,3,0,15,32,50,2,14,9,0.318181818,156,1.0,1,0.633333333,0.333333333,1,1,11.83333333,4,1.1667
5,1,0,22,66,4,2,20,4,0.25,493,1.0,0,0.0,0.416666667,0,0,96.8,1,0.6
15,1,0,13,54,41,2,11,10,0.804761905,675,0.533333333,5,0.0,0.237037037,0,0,43.0,3,1.2
4,1,0,5,17,6,2,3,4,2.0,220,0.0,0,0.0,0.3125,0,0,54.0,14,4.0
21,4,0,15,86,138,0,15,17,0.85625,570,1.0,0,0.75308642,0.176190476,2,3,25.76190476,4,1.1905
8,1,0,27,8,28,14,14,8,2.0,8,0.0,0,0.0,0.267857143,0,0,0.0,1,1.0
15,1,0,29,76,99,4,25,12,1.044642857,566,0.125,0,0.0,0.202380952,0,0,36.2,6,2.2667
3,4,0,8,11,0,0,8,3,0.0,51,1.0,1,0.979591837,0.444444444,3,13,15.66666667,2,1.0
8,1,2,4,17,16,3,2,7,0.285714286,89,1.0,0,0.0,0.4375,0,0,10.0,6,1.875
9,3,0,8,21,18,1,8,9,0.5625,84,1.0,1,0.935779817,0.333333333,1,2,8.111111111,2,0.8889
1,1,0,5,1,0,4,1,1,2.0,1,0.0,0,0.0,1.0,0,0,0.0,1,1.0
6,2,0,2,11,9,1,1,6,0.2,45,1.0,0,0.5,0.416666667,0,0,6.333333333,2,0.8333
53,4,0,22,145,988,14,14,46,0.960918114,1107,0.677419355,5,0.925501433,0.101415094,3,25,19.30188679,7,1.6038
1,1,0,6,1,0,5,1,1,2.0,1,0.0,0,0.0,1.0,0,0,0.0,1,1.0
1,1,0,0,1,0,0,0,1,2.0,17,0.0,0,0.0,1.0,0,0,0.0,1,1.0
15,5,0,6,39,91,0,6,13,0.857142857,181,1.0,0,0.729166667,0.16,1,5,10.93333333,3,1.0667
4,1,0,4,31,0,4,0,2,0.5,179,1.0,0,0.0,0.333333333,0,0,42.75,4,2.0
4,2,0,5,9,6,1,5,4,2.0,25,0.0,0,0.931034483,0.392857143,0,0,5.25,1,0.5
2,1,0,7,2,1,5,2,2,2.0,2,0.0,0,0.0,0.666666667,0,0,0.0,1,1.0
12,3,0,8,19,60,1,8,9,0.363636364,101,1.0,0,0.620689655,0.354166667,1,1,7.333333333,3,1.1667
36,2,0,6,57,196,1,5,34,0.90931677,744,0.565217391,6,0.25,0.277777778,1,6,19.02777778,2,0.9444
5,3,0,15,39,4,0,15,4,0.5,225,1.0,1,0.9375,0.36,2,5,43.8,12,3.0
19,1,1,15,47,81,7,8,18,0.388888889,474,1.0,2,0.0,0.315789474,0,0,23.78947368,8,2.1053
5,2,21,24,6,10,23,1,5,1.25,13,0.0,0,0.636363636,0.6,0,0,1.0,1,0.8
3,1,0,0,5,1,0,0,2,0.5,14,0.0,0,0.0,0.5,0,0,3.333333333,1,0.3333
2,5,0,4,5,1,0,4,2,2.0,13,0.0,0,0.982142857,0.75,2,7,5.0,1,0.5
4,2,1,1,9,2,1,0,3,0.666666667,91,1.0,0,0.942857143,0.666666667,2,3,21.25,3,1.0
5,3,0,9,17,8,1,8,5,0.5,92,1.0,0,0.904761905,0.4,1,6,17.2,8,2.4
153,1,0,68,250,8092,49,61,50,0.743421053,8270,0.807692308,10,0.0,0.145559211,0,0,52.88235294,12,2.6275
22,2,0,42,54,199,13,32,20,0.571428571,466,1.0,0,0.622641509,0.215909091,2,4,20.13636364,7,1.4091
9,1,0,17,39,30,1,16,7,0.90625,216,0.75,2,0.0,0.25,0,0,22.55555556,6,1.3333
7,6,19,22,18,15,22,3,6,0.5,69,1.0,1,0.992378049,0.4,0,0,8.571428571,1,0.7143
2,1,0,5,5,1,1,5,2,2.0,15,0.0,0,0.0,0.625,0,0,6.5,1,0.5
14,7,0,14,96,51,2,13,4,0.782051282,774,1.0,0,0.980568012,0.214285714,0,0,53.42857143,6,1.7857
3,1,0,12,29,1,1,11,2,0.5,143,1.0,0,0.0,0.5,0,0,46.33333333,12,4.0
9,2,0,11,33,36,1,10,1,2.0,440,0.0,0,0.555555556,0.320987654,1,1,47.88888889,8,3.4444
14,3,0,8,33,65,0,8,14,0.91025641,404,1.0,1,0.74,0.595238095,1,2,27.0,2,1.0
1,1,0,28,1,0,28,0,1,2.0,1,0.0,0,0.0,1.0,0,0,0.0,1,1.0
0,1,0,0,0,0,0,0,0,2.0,7,0.0,0,0.0,0.0,0,0,0.0,0,0.0
11,2,0,5,21,49,2,3,9,0.85,106,0.5,0,0.578947368,0.522727273,1,6,8.454545455,2,0.8182
37,3,1,22,95,0,4,20,21,0.71031746,1118,1.0,1,0.730769231,0.126689189,2,11,29.02702703,6,1.2973
2,5,0,5,11,1,0,5,2,2.0,66,0.0,0,0.982142857,0.75,3,8,31.5,1,0.5
6,2,0,3,11,13,2,1,6,0.8,68,1.0,0,0.924242424,0.444444444,1,5,10.16666667,3,1.5
8,4,0,6,35,4,0,6,7,0.714285714,265,1.0,0,0.917647059,0.46875,3,3,31.375,5,1.375
1,1,0,6,1,0,6,1,1,2.0,1,0.0,0,0.0,1.0,0,0,0.0,1,1.0
4,0,0,14,18,4,2,12,2,0.666666667,88,1.0,0,0.0,0.833333333,0,0,20.75,2,0.75
4,4,0,5,6,4,1,4,4,0.666666667,26,1.0,0,0.964285714,0.45,0,0,5.25,1,0.75
7,1,0,9,29,21,5,4,7,1.166666667,113,1.0,0,0.0,0.25,0,0,15.0,3,1.2857
5,3,0,15,40,4,1,15,4,0.5,224,1.0,1,0.9375,0.36,2,5,43.6,12,3.0
2,1,0,2,3,1,2,0,1,1.0,12,0.0,0,0.0,1.0,0,0,4.0,0,0.0
4,2,0,5,25,0,1,4,4,0.333333333,187,1.0,0,0.950819672,0.5,1,7,45.0,8,2.5
7,6,0,6,38,0,4,4,3,0.766666667,196,1.0,1,0.99086758,0.285714286,0,0,26.28571429,2,1.1429
16,2,0,13,60,34,4,9,9,0.866666667,483,0.375,0,0.464285714,0.258928571,0,0,28.6875,8,2.4375
8,1,0,4,22,0,0,4,6,0.428571429,169,1.0,0,0.0,0.625,0,0,19.875,7,1.625
23,5,0,37,128,153,29,18,12,0.897306397,1181,0.888888889,3,0.967407407,0.173913043,1,7,49.17391304,18,2.913
23,3,3,35,76,161,18,23,20,0.827272727,417,0.8,2,0.903225806,0.169565217,2,16,16.91304348,4,1.1304
9,5,4,12,23,6,5,8,8,0.75,125,0.0,1,0.875,0.355555556,4,15,12.66666667,6,1.7778
3,1,0,1,5,0,1,0,3,1.0,224,1.0,0,0.0,0.833333333,0,0,72.66666667,8,4.6667
11,1,0,48,37,23,41,8,6,0.55,187,0.5,1,0.0,0.18,0,0,15.81818182,7,1.3636
4,3,0,3,17,4,0,3,3,0.666666667,152,1.0,0,0.925,0.75,1,1,36.75,1,0.75
8,2,0,8,35,12,0,8,5,0.5,262,1.0,0,0.588235294,0.375,0,0,31.5,6,2.0
4,5,0,5,9,6,1,4,3,2.0,64,0.0,0,0.9765625,0.4375,1,6,15.0,4,1.5
1,1,0,6,1,0,6,1,1,2.0,1,0.0,0,0.0,1.0,0,0,0.0,1,1.0
12,2,0,7,36,36,1,7,8,0.865612648,505,1.0,4,0.541666667,0.319444444,1,3,39.16666667,14,3.6667
2,1,0,2,3,1,1,1,1,2.0,7,0.0,0,0.857142857,0.75,0,0,2.5,1,0.5
3,4,0,1,4,1,0,1,2,0.5,426,0.0,0,0.976190476,1.0,0,0,140.6666667,1,0.3333
19,1,2,25,22,129,22,4,19,0.916666667,130,1.0,2,0.0,0.203007519,0,0,5.315789474,3,1.0526
11,3,0,3,24,17,0,3,10,0.671428571,309,1.0,0,0.787234043,0.545454545,0,0,26.45454545,11,1.9091
11,1,0,12,43,49,1,11,1,0.7,197,1.0,0,0.470588235,0.4,1,4,16.81818182,9,1.6364
18,4,0,41,70,21,6,38,14,0.588235294,900,1.0,0,0.811111111,0.238095238,2,9,48.77777778,20,4.0556
4,2,0,4,8,4,1,3,0,0.666666667,55,1.0,0,0.7,0.375,1,2,12.25,6,2.0
10,3,0,13,25,43,0,13,6,0.833333333,116,1.0,2,0.741935484,0.333333333,1,2,10.4,2,0.9
1,1,0,4,1,0,4,0,0,2.0,111,0.0,0,0.0,0.0,0,0,88.0,0,0.0
9,4,0,2,15,36,0,2,9,2.0,52,0.0,0,0.921568627,0.416666667,0,0,4.777777778,1,0.8889
13,1,0,48,36,58,35,16,13,0.805555556,183,1.0,4,0.0,0.196581197,0,0,12.61538462,6,1.5385
34,1,0,15,34,561,3,13,34,2.0,34,0.0,0,0.0,0.119485294,0,0,0.0,1,1.0
5,3,0,2,8,10,1,1,4,1.25,26,0.0,0,0.923076923,0.5,1,2,4.0,1,0.4
4,4,0,12,13,6,0,12,4,2.0,59,0.0,0,0.96969697,0.4375,2,4,13.75,3,1.25
12,2,0,10,67,52,0,10,8,0.848484848,589,0.666666667,0,0.375,0.363636364,2,4,47.83333333,8,2.25
9,1,0,6,20,0,4,2,9,0.5,112,1.0,0,0.0,0.259259259,0,0,11.22222222,3,1.5556
3,1,0,1,15,3,0,1,3,1.5,124,1.0,0,0.0,0.333333333,0,0,40.0,6,2.6667
5,1,0,10,27,0,5,6,5,0.25,112,1.0,1,0.0,0.44,0,0,21.2,3,1.2
9,2,0,5,22,0,2,3,4,0.375,143,1.0,1,0.533333333,0.416666667,1,2,14.66666667,2,1.2222
9,2,7,21,15,36,15,8,8,2.0,51,0.0,0,0.789473684,0.285714286,1,7,4.666666667,2,1.1111
3,3,0,4,14,1,0,4,2,0.5,37,1.0,1,0.965517241,0.555555556,1,4,11.0,1,0.6667
58,1,0,12,96,0,3,10,5,0.679425837,3337,0.454545455,2,0.0,0.163793103,0,0,56.34482759,6,1.4828
24,3,0,17,48,250,12,8,19,0.881987578,238,1.0,2,0.290322581,0.223602484,0,0,8.625,3,1.1667
4,1,0,0,12,6,0,0,4,2.0,50,0.0,0,0.0,0.5,0,0,11.5,2,1.0
8,2,0,4,22,4,1,3,4,0.767857143,273,1.0,2,0.708333333,0.291666667,1,2,31.125,6,2.375
4,1,0,3,12,0,2,1,4,0.0,46,1.0,0,0.0,0.5,0,0,10.25,1,0.75
4,4,0,5,6,4,1,4,4,0.666666667,26,1.0,0,0.964285714,0.45,0,0,5.25,1,0.75
33,2,2,16,70,0,3,14,20,0.565625,3041,1.0,2,0.184210526,0.174479167,1,3,90.84848485,2,1.0606
1,1,0,0,2,0,0,0,1,2.0,4,0.0,0,0.0,1.0,0,0,3.0,0,0.0
3,1,6,13,4,3,12,1,3,2.0,8,0.0,0,0.0,0.666666667,0,0,1.666666667,1,0.6667
1,1,0,5,1,0,5,1,1,2.0,1,0.0,0,0.0,1.0,0,0,0.0,1,1.0
6,1,0,5,26,1,1,4,5,1.0,145,0.375,1,0.0,0.36,0,0,21.83333333,10,2.1667
6,2,0,6,5,9,1,6,6,0.666666667,36,1.0,3,0.868421053,0.444444444,1,20,4.5,1,0.8333
4,1,0,6,4,6,4,2,4,2.0,4,0.0,0,0.0,0.5,0,0,0.0,1,1.0
1,1,0,4,1,0,3,1,1,2.0,1,0.0,0,0.0,1.0,0,0,0.0,1,1.0
25,3,0,27,85,172,10,22,24,0.863636364,589,1.0,4,0.714285714,0.141818182,2,8,22.12,13,2.28
14,2,1,6,22,27,5,1,14,0.798076923,176,1.0,0,0.1875,0.535714286,0,0,11.0,5,1.2857
11,2,0,5,21,43,2,3,9,0.85,116,0.5,0,0.578947368,0.418181818,1,6,9.363636364,2,1.0
18,3,0,4,35,111,0,4,16,0.81372549,200,1.0,0,0.76056338,0.311111111,1,2,9.777777778,5,1.2778
8,3,0,10,47,20,1,10,5,0.642857143,250,1.0,1,0.769230769,0.285714286,0,0,30.0,6,1.5
5,1,0,7,12,4,5,2,5,0.583333333,57,1.0,0,0.0,0.4,0,0,9.8,1,0.8
5,1,0,7,18,0,1,6,3,0.5,153,1.0,2,0.0,0.5,0,0,28.8,4,1.6
6,1,0,4,17,0,3,1,6,0.7,183,0.0,0,0.0,0.722222222,0,0,28.5,7,1.8333
1,1,0,9,1,0,9,1,1,2.0,1,0.0,0,0.0,1.0,0,0,0.0,1,1.0
4,2,0,6,10,4,1,5,2,0.666666667,27,1.0,1,0.5,0.5,0,0,5.5,1,0.5
13,1,0,15,22,24,14,1,13,0.75,177,0.166666667,1,0.0,0.384615385,1,1,12.15384615,3,1.0769
15,2,0,12,16,67,9,3,15,0.867346939,104,1.0,1,0.125,0.293333333,0,0,5.466666667,1,0.9333
2,2,0,8,5,1,1,8,1,2.0,145,0.0,0,0.75,0.571428571,0,0,71.5,1,0.5
3,1,0,0,9,1,0,0,2,0.5,44,1.0,0,0.0,0.5,0,0,12.66666667,2,0.6667
9,3,0,9,20,26,1,9,6,0.84375,81,0.75,0,0.853658537,0.325,1,1,7.555555556,2,0.7778
3,3,0,4,9,3,0,4,1,2.0,33,0.0,0,0.945945946,0.777777778,1,1,10.0,1,0.6667
2,1,0,5,5,1,1,5,2,2.0,15,0.0,0,0.0,0.625,0,0,6.5,1,0.5
8,2,2,9,14,18,9,2,5,0.904761905,69,0.666666667,2,0.88,0.416666667,1,3,7.25,2,1.25
2,3,0,0,3,1,0,0,2,2.0,229,0.0,0,0.974358974,1.0,0,0,113.5,1,0.5
4,3,0,1,15,6,0,1,3,1.333333333,1166,0.0,0,0.926829268,0.333333333,0,0,271.25,2,1.0
7,5,0,5,18,0,1,4,5,0.708333333,126,1.0,0,0.848484848,0.476190476,2,5,16.42857143,5,1.2857
22,1,0,14,52,107,13,5,9,0.866071429,648,0.8125,5,0.0,0.166666667,0,0,27.72727273,12,2.9545
8,1,1,25,37,2,1,24,8,0.428571429,264,1.0,2,0.0,0.392857143,0,0,31.75,1,0.875
17,5,1,17,41,0,8,11,16,0.645833333,282,0.666666667,2,0.892857143,0.165775401,2,9,15.41176471,7,1.8824
12,1,0,21,35,66,6,15,9,2.0,316,0.0,0,0.0,0.295454545,0,0,25.33333333,3,1.6667
12,2,0,5,24,46,1,4,10,0.818181818,141,0.5,0,0.55,0.5,1,6,10.58333333,2,0.8333
3,2,0,8,19,3,0,8,3,2.0,88,0.0,0,0.75,0.555555556,0,0,28.33333333,8,3.0
8,1,0,3,30,12,0,3,2,0.666666667,228,0.0,1,0.0,0.321428571,0,0,26.75,4,1.75
2,2,0,5,4,1,4,1,2,2.0,10,0.0,0,1.0,0.666666667,0,0,4.0,0,0.0
2,2,0,8,3,0,5,3,2,0.0,14,1.0,1,0.8,0.625,0,0,5.5,1,0.5
2,1,0,17,2,1,16,1,2,2.0,2,0.0,0,0.0,0.7,0,0,0.0,1,1.0
9,1,0,1,18,36,1,0,9,2.0,81,0.0,0,0.0,0.111111111,0,0,8.0,2,1.1111
7,3,0,22,28,0,1,21,7,0.0,143,1.0,1,0.934210526,0.285714286,2,7,19.28571429,2,1.1429
7,2,0,8,11,19,4,6,6,0.833333333,39,1.0,1,0.444444444,0.333333333,0,0,4.428571429,1,0.7143
9,2,0,5,13,36,2,3,9,1.125,62,0.0,0,0.3,0.259259259,0,0,5.666666667,1,0.7778
14,3,0,30,79,79,1,29,7,1.030769231,805,0.3,0,0.821917808,0.207142857,2,6,55.78571429,11,3.5714
7,1,0,8,16,0,0,8,7,0.638888889,113,0.666666667,2,0.0,0.357142857,0,0,14.28571429,3,1.2857
4,3,0,4,12,0,1,4,1,0.666666667,58,0.5,0,0.952380952,0.5,2,7,13.0,2,1.0
12,5,0,19,68,36,6,18,0,0.690909091,437,1.0,1,0.983433735,0.3,0,0,35.0,6,1.8333
2,3,0,3,4,0,1,2,1,0.0,14,1.0,1,0.916666667,0.666666667,1,1,5.5,1,0.5
8,1,0,1,42,24,1,0,7,0.714285714,485,1.0,0,0.0,0.346938776,0,0,59.375,11,4.0
3,2,0,5,6,3,4,3,3,2.0,17,0.0,0,0.965517241,0.533333333,0,0,4.666666667,1,0.3333
4,1,0,10,4,6,9,1,4,2.0,4,0.0,0,0.0,0.55,0,0,0.0,1,1.0
7,3,0,14,27,13,5,11,3,0.722222222,95,1.0,2,0.814814815,0.388888889,1,1,12.14285714,1,0.7143
5,3,0,7,10,0,1,7,4,0.25,43,1.0,1,0.921052632,0.36,1,2,7.4,1,0.6
20,2,0,12,48,0,2,10,18,0.447368421,184,0.0,2,0.540540541,0.258333333,1,1,8.1,2,0.9
1,1,0,3,1,0,1,2,1,2.0,1,0.0,0,0.0,1.0,0,0,0.0,1,1.0
11,4,0,18,26,13,14,5,11,0.1,171,0.0,0,0.764705882,0.545454545,2,2,14.45454545,2,0.9091
1,4,0,0,2,0,0,0,1,2.0,5,0.0,0,1.0,1.0,0,0,4.0,0,0.0
23,1,1,25,52,181,23,2,14,0.731404959,1489,1.0,0,0.0,0.290909091,0,0,63.26086957,35,6.087
3,3,0,0,4,1,0,0,2,0.5,234,1.0,0,0.974358974,1.0,0,0,76.66666667,1,0.3333
13,2,0,10,34,26,1,9,9,0.555555556,209,1.0,2,0.388888889,0.307692308,1,1,14.84615385,8,1.3846
5,1,0,3,19,2,0,3,3,0.666666667,157,1.0,1,0.0,0.333333333,0,0,29.8,3,1.0
2,4,0,2,18,0,1,1,2,0.0,102,1.0,0,0.983870968,0.666666667,1,1,49.0,3,1.5
5,1,4,8,6,4,7,1,5,0.5,19,1.0,0,0.0,0.8,0,0,2.6,1,0.8
18,2,0,20,24,133,6,18,18,0.951871658,141,1.0,0,0.585365854,0.130952381,1,1,6.222222222,1,0.9444
49,1,9,16,87,866,15,11,2,0.995138889,2172,0.366666667,20,0.0,0.1875,0,0,42.10204082,24,2.2857
4,1,0,8,14,6,1,7,3,0.666666667,79,0.0,0,0.0,0.333333333,0,0,18.25,2,1.0
1,1,0,0,1,0,0,0,1,2.0,1,0.0,0,0.0,1.0,0,0,0.0,1,1.0
25,2,0,10,73,226,0,10,20,0.8875,436,0.9,2,0.43902439,0.24,1,2,16.04,7,1.56
2,1,0,3,16,1,1,2,2,2.0,231,0.0,0,0.0,0.5,0,0,114.5,17,8.5
5,4,0,3,8,10,0,3,5,2.0,28,0.0,0,0.953488372,0.6,1,4,4.6,1,0.8
6,4,0,4,23,5,0,4,1,0.5,102,1.0,0,0.902439024,0.6,2,2,15.66666667,2,0.8333
10,2,3,5,21,0,4,1,9,0.0,84,1.0,1,0.968253968,0.5,0,0,7.3,1,0.2
53,1,0,32,172,106,2,30,44,0.877622378,1743,0.727272727,4,0.0,0.146449704,0,0,31.67924528,32,2.0943
37,2,0,10,54,348,6,4,35,0.843253968,661,0.928571429,5,0.244444444,0.279279279,1,6,16.48648649,4,1.1351
11,1,2,14,30,15,9,8,7,0.566666667,182,0.0,3,0.0,0.236363636,0,0,15.27272727,3,1.0909
10,1,1,6,41,0,3,3,7,0.333333333,437,0.666666667,1,0.0,0.475,0,0,42.4,1,0.8
9,2,0,4,13,36,2,2,9,1.125,62,0.0,0,0.3,0.333333333,0,0,5.666666667,1,0.7778
8,1,0,26,8,28,24,3,8,2.0,8,0.0,0,0.0,1.0,0,0,0.0,1,1.0
2,3,0,0,3,1,0,0,2,2.0,374,0.0,0,0.974358974,1.0,0,0,186.0,1,0.5
11,1,0,7,17,9,4,3,11,0.25,85,1.0,0,0.0,0.522727273,0,0,6.545454545,1,0.6364
6,3,0,7,23,9,1,7,6,0.833333333,134,1.0,1,0.934210526,0.361111111,2,12,20.33333333,1,0.8333
3,1,0,28,3,3,28,0,3,2.0,3,0.0,0,0.0,1.0,0,0,0.0,1,1.0
25,1,0,50,25,300,49,2,25,1.041666667,28,0.0,0,0.0,0.34,0,0,0.0,1,1.0
4,3,0,9,13,6,0,9,4,2.0,39,0.0,0,0.8,0.583333333,2,2,8.75,1,0.75
1,5,2,6,2,0,4,2,1,2.0,6,0.0,0,1.0,1.0,0,0,5.0,0,0.0
4,1,0,3,5,0,2,1,3,0.111111111,94,1.0,0,0.0,0.5,0,0,21.75,4,2.5
48,2,1,41,121,1072,30,26,47,0.939209726,959,0.857142857,2,0.5,0.179924242,1,9,18.83333333,23,1.9167
4,3,0,5,11,0,1,5,1,0.666666667,74,0.5,0,0.94,0.5,2,12,17.0,2,1.0
17,1,0,4,55,50,0,4,16,0.65625,569,1.0,0,0.0,0.196078431,0,0,32.23529412,14,1.8824
1,5,1,1,2,0,1,0,1,2.0,9,0.0,0,1.0,1.0,0,0,5.0,0,0.0
8,4,0,6,26,22,0,6,6,0.571428571,95,1.0,0,0.928571429,0.40625,1,1,10.75,2,1.0
4,1,0,16,7,4,11,5,4,0.333333333,22,1.0,0,0.0,0.5,0,0,4.25,1,0.75
2,1,0,2,4,1,2,0,1,2.0,39,0.0,0,0.0,0.5,0,0,18.5,3,1.5
9,4,0,9,21,30,1,8,9,0.25,75,1.0,0,0.973544974,0.355555556,2,3,7.222222222,1,0.5556
1,1,0,8,1,0,8,0,1,2.0,1,0.0,0,0.0,1.0,0,0,0.0,1,1.0
8,2,0,14,17,0,8,7,6,0.571428571,69,1.0,1,0.65,0.3,1,1,7.375,2,1.0
6,1,0,0,6,15,0,0,6,2.0,6,0.0,0,0.0,0.611111111,0,0,0.0,1,1.0
6,2,0,5,25,3,1,5,4,0.771428571,215,0.857142857,0,0.722222222,0.722222222,1,3,33.66666667,7,3.0
3,1,0,5,7,1,5,0,0,0.5,42,0.0,0,0.0,0.5,0,0,11.66666667,2,0.6667
10,7,0,9,67,19,4,9,3,0.711111111,375,1.0,1,0.986466165,0.26,0,0,36.0,3,1.6
13,4,1,17,51,40,2,15,13,0.638888889,379,0.666666667,3,0.946902655,0.188034188,4,11,27.92307692,2,1.1538
2,4,0,9,14,1,1,8,2,2.0,72,0.0,0,0.979591837,0.75,2,7,35.0,1,0.5
19,2,0,6,33,95,1,5,17,0.847222222,320,0.625,0,0.392857143,0.305263158,1,4,15.42105263,2,0.9474
20,1,0,23,79,102,7,19,8,0.771929825,1583,0.555555556,1,0.0,0.252631579,0,0,77.7,5,1.8
4,4,1,9,8,4,7,4,4,0.666666667,30,1.0,0,0.99086758,0.45,0,0,6.25,1,0.5
16,1,0,2,39,118,0,2,15,0.8,172,1.0,0,0.0,0.125,0,0,9.6875,1,0.875
16,1,3,15,56,86,4,12,6,0.8,375,1.0,2,0.0,0.226666667,0,0,22.25,14,2.0625
3,2,0,4,7,0,1,3,2,0.0,27,1.0,0,0.928571429,0.666666667,1,1,7.666666667,1,0.3333
1,2,0,3,2,0,1,2,1,2.0,5,0.0,0,1.0,1.0,0,0,4.0,0,0.0
2,2,0,4,8,0,1,3,2,0.0,33,1.0,0,0.977272727,0.625,0,0,15.0,2,1.0
5,2,0,11,24,10,1,10,4,1.0,133,0.0,0,0.764705882,0.5,0,0,25.4,1,0.8
4,1,0,1,11,2,1,0,2,0.777777778,61,0.0,0,0.0,0.5,1,1,13.5,6,2.0
42,1,0,3,72,375,1,2,29,0.780487805,2044,1.0,0,0.0,0.226480836,0,0,47.38095238,33,3.1429
8,1,0,2,14,0,2,0,7,0.357142857,144,1.0,0,0.0,0.625,0,0,16.75,4,1.375
4,1,0,2,5,0,2,0,4,0.333333333,21,1.0,0,0.0,0.75,0,0,4.0,1,0.5
6,1,0,7,16,1,1,6,4,0.833333333,145,0.333333333,2,0.0,0.5,0,0,22.16666667,6,1.6667
16,1,0,3,24,0,2,2,12,0.383333333,361,1.0,2,0.0,0.328125,0,0,21.3125,7,1.75
10,2,7,13,32,0,7,6,8,0.703703704,123,0.666666667,0,0.428571429,0.277777778,0,0,11.0,2,0.9
4,3,0,1,8,4,1,0,4,1.0,82,0.0,0,0.857142857,0.35,2,2,18.5,1,0.75
13,1,0,7,13,78,7,0,13,2.0,13,0.0,0,0.0,0.430769231,0,0,0.0,1,1.0
27,6,0,14,67,273,1,0,20,0.730769231,483,0.666666667,0,0.826666667,0.145061728,4,6,16.66666667,8,1.8519
1,1,0,35,1,0,35,1,1,2.0,1,0.0,0,0.0,1.0,0,0,0.0,1,1.0
2,4,0,5,5,1,0,5,2,2.0,16,0.0,0,0.979591837,0.75,1,6,6.5,1,0.5
25,1,0,91,48,214,89,9,24,0.891666667,494,1.0,1,0.0,0.185454545,0,0,18.36,5,2.2
5,3,0,14,36,8,0,14,5,0.75,322,1.0,0,0.714285714,0.44,1,1,63.2,1,0.8
11,2,0,9,30,17,4,5,8,0.84,1209,0.4,0,0.55,0.287878788,1,4,108.4545455,4,1.7273
2,3,0,0,3,1,0,0,2,2.0,1243,0.0,0,0.974358974,1.0,0,0,620.5,1,0.5
3,2,0,11,14,3,3,8,2,1.0,61,0.0,0,0.894736842,0.466666667,1,3,19.0,1,0.6667
20,2,0,7,29,154,4,4,13,0.967418546,213,0.428571429,2,0.413793103,0.233333333,0,0,8.6,4,1.05
8,3,0,8,28,0,0,8,6,0.678571429,128,1.0,1,0.840909091,0.5,2,4,14.5,3,1.375
9,3,0,7,20,12,5,6,9,0.75,75,1.0,0,0.822222222,0.259259259,0,0,7.0,1,0.8889
2,1,0,2,2,1,1,1,2,2.0,2,0.0,0,0.0,0.75,0,0,0.0,1,1.0
3,3,0,0,4,1,0,0,2,0.5,1248,1.0,0,0.974358974,1.0,0,0,414.6666667,1,0.3333
10,4,0,8,23,25,1,7,10,0.555555556,86,0.0,1,0.905263158,0.28,3,22,7.5,2,1.0
9,1,0,7,24,30,1,7,5,0.71875,96,1.0,0,0.0,0.375,0,0,9.222222222,1,0.6667
9,2,0,4,13,30,1,4,9,0.90625,106,0.375,4,0.5,0.388888889,1,2,9.888888889,1,0.7778
3,1,0,1,9,0,1,1,2,0.0,67,1.0,1,0.0,0.5,0,0,20.0,3,1.6667
2,1,0,5,2,1,4,1,2,2.0,2,0.0,0,0.0,0.625,0,0,0.0,1,1.0
5,2,0,6,9,6,5,1,3,0.9,75,0.2,5,0.8,0.416666667,1,1,13.0,1,0.6
10,1,2,15,26,15,10,8,7,0.555555556,163,0.0,3,0.0,0.266666667,0,0,15.0,3,1.1
15,4,1,9,26,57,6,4,14,0.821428571,200,0.875,3,0.848837209,0.383333333,2,6,11.8,2,1.5333
13,2,0,5,35,6,3,2,9,0.333333333,281,1.0,0,0.571428571,0.564102564,1,2,20.53846154,4,1.8462
3,2,0,3,5,3,1,2,0,2.0,24,0.0,0,0.5,0.555555556,0,0,7.0,2,1.3333
6,1,0,5,6,15,4,1,6,2.0,6,0.0,0,0.0,0.555555556,0,0,0.0,1,1.0
1,3,0,2,2,0,0,2,1,2.0,4,0.0,0,1.0,1.0,0,0,3.0,0,0.0
1,1,0,5,1,0,4,1,1,2.0,1,0.0,0,0.0,1.0,0,0,0.0,1,1.0
3,1,0,7,8,0,1,6,3,0.5,39,1.0,0,0.0,0.555555556,0,0,11.33333333,1,0.6667
4,3,0,4,21,4,1,3,3,0.555555556,206,0.333333333,0,0.769230769,0.458333333,1,1,49.0,21,5.75
11,1,0,4,15,21,1,3,11,0.533333333,90,1.0,0,0.0,0.454545455,0,0,6.909090909,1,0.6364
3,3,0,0,4,1,0,0,2,0.5,1248,1.0,0,0.974358974,1.0,0,0,414.6666667,1,0.3333
1,4,1,0,2,0,0,0,1,2.0,24,0.0,0,1.0,1.0,0,0,7.0,0,0.0
12,1,0,3,19,42,1,2,9,0.818181818,159,0.5,0,0.0,0.361111111,0,0,11.91666667,5,1.6667
9,5,2,25,29,22,3,23,9,0.75,214,1.0,1,0.925233645,0.259259259,3,4,22.44444444,2,1.0
22,1,1,5,38,67,2,3,21,0.873015873,384,0.166666667,2,0.0,0.327272727,0,0,16.18181818,8,1.5455
36,1,0,23,77,92,18,5,8,0.776870748,1568,0.523809524,1,0.0,0.182857143,1,1,41.97222222,4,1.3056
5,2,0,6,15,0,3,3,4,0.25,72,1.0,1,0.4,0.466666667,0,0,13.2,3,1.2
23,2,0,8,41,0,1,7,21,0.830578512,349,0.636363636,5,0.34375,0.217391304,1,4,13.69565217,2,0.9565
1,6,1,3,2,0,2,1,1,2.0,4,0.0,0,1.0,1.0,0,0,3.0,0,0.0
4,1,0,6,33,0,1,5,2,0.333333333,157,1.0,1,0.0,0.533333333,0,0,37.5,2,0.75
9,2,0,23,69,12,4,23,1,0.75,519,1.0,4,0.428571429,0.234567901,0,0,55.88888889,16,3.6667
15,2,0,10,32,53,5,5,12,0.714285714,209,0.75,0,0.458333333,0.20952381,1,4,12.66666667,2,1.2667
2,2,0,17,28,1,1,16,1,2.0,235,0.0,0,0.944444444,0.625,1,1,116.5,1,0.5
8,1,0,4,20,26,0,4,7,0.714285714,83,1.0,1,0.0,0.25,0,0,9.25,2,1.0
3,1,0,7,15,3,1,6,1,2.0,112,0.0,0,0.0,0.444444444,0,0,36.33333333,1,0.6667
3,1,0,3,8,0,3,0,3,0.0,24,0.0,0,0.0,0.666666667,0,0,6.666666667,1,0.6667
11,6,0,8,53,25,2,8,1,0.716666667,349,1.0,0,0.985272459,0.5,3,5,30.18181818,6,1.9091
7,2,0,8,15,0,0,8,6,0.5,67,0.5,0,0.666666667,0.333333333,0,0,8.285714286,1,0.1429
4,3,0,5,9,4,0,5,3,0.666666667,30,1.0,0,0.6,0.666666667,0,0,6.25,1,0.5
9,3,1,6,21,2,3,4,7,0.475,278,1.0,1,0.533333333,0.355555556,1,3,29.33333333,1,0.7778
9,5,0,30,19,0,25,5,9,0.625,204,1.0,0,0.777777778,0.355555556,0,0,21.11111111,1,0.4444
11,2,0,11,40,0,7,4,10,0.73,584,0.2,1,0.272727273,0.266666667,0,0,51.18181818,10,4.0909
3,1,0,3,4,3,3,0,3,1.4375,23,0.0,2,0.0,0.5,0,0,4.0,2,1.0
14,1,0,10,42,73,0,10,10,0.461538462,192,1.0,0,0.0,0.306122449,0,0,12.57142857,2,1.0714
3,6,0,6,18,3,5,2,1,2.0,66,0.0,0,0.997382199,0.444444444,0,0,21.0,2,1.0
6,1,0,48,6,15,45,4,6,2.0,6,0.0,0,0.0,0.416666667,0,0,0.0,1,1.0
47,2,8,34,97,1045,15,32,41,0.898550725,535,0.833333333,3,0.357142857,0.094680851,0,0,10.25531915,2,0.9787
25,4,0,18,73,200,1,0,18,0.854166667,666,1.0,0,0.736263736,0.38,0,0,25.32,13,1.92
7,1,0,8,109,21,0,8,2,2.0,2034,0.0,0,0.0,0.2,0,0,289.5714286,138,20.4286
11,1,0,1,15,0,1,0,11,0.45,286,1.0,0,0.0,0.606060606,0,0,24.63636364,4,2.1818
4,1,0,2,18,0,1,1,4,0.222222222,129,1.0,1,0.0,0.4375,1,1,30.5,6,2.5
1,1,0,0,2,0,0,0,1,2.0,22,0.0,0,0.0,1.0,0,0,3.0,0,0.0
3,1,0,6,6,3,0,6,3,2.0,41,0.0,0,0.0,0.444444444,0,0,12.66666667,6,2.3333
2,1,0,15,14,1,8,10,2,2.0,91,0.0,0,0.0,0.5,0,0,44.5,7,3.5
3,1,0,3,5,3,3,0,2,2.0,43,0.0,0,0.0,0.5,0,0,13.33333333,1,0.6667
17,2,0,6,33,40,1,5,15,0.830357143,250,0.571428571,2,0.44,0.376470588,1,6,13.29411765,2,0.8824
8,1,0,7,12,20,1,6,8,0.333333333,464,1.0,2,0.0,0.464285714,0,0,56.25,1,0.625
9,1,0,9,28,12,3,9,7,0.65,224,1.0,4,0.0,0.275,0,0,23.33333333,4,1.3333
4,1,0,8,18,6,5,4,3,2.0,62,0.0,0,0.0,0.458333333,0,0,14.5,3,1.25
11,4,0,11,24,9,5,6,10,0.75,150,1.0,2,0.756756757,0.181818182,1,1,12.09090909,3,1.4545
16,1,0,11,52,112,11,0,12,0.826666667,854,0.533333333,0,0.0,0.226666667,0,0,51.4375,18,4.5625
13,1,0,34,71,22,3,34,9,0.783333333,247,1.0,3,0.0,0.333333333,0,0,17.61538462,1,0.8462
20,2,0,1,30,52,1,0,14,0.673684211,378,0.7,0,0.448275862,0.324561404,1,2,17.4,4,1.0
0,1,0,0,0,0,0,0,0,2.0,0,0.0,0,0.0,0.0,0,0,0.0,0,0.0
2,2,0,8,21,1,1,7,2,1.625,167,0.0,0,0.928571429,1.0,0,0,78.5,1,0.5
5,3,0,10,16,8,2,8,4,0.75,61,1.0,1,0.9375,0.45,1,1,11.0,3,0.8
11,2,0,5,21,49,2,3,9,0.85,106,0.5,0,0.578947368,0.522727273,1,6,8.454545455,2,0.8182
2,3,0,0,3,1,0,0,2,2.0,1243,0.0,0,0.974358974,1.0,0,0,620.5,1,0.5
9,1,0,3,24,0,2,2,0,0.892857143,353,0.0,1,0.0,0.62962963,0,0,37.44444444,3,1.4444
8,1,0,2,22,10,0,2,6,0.714285714,188,1.0,0,0.0,0.285714286,0,0,22.0,2,1.0
3,1,0,13,18,1,2,11,2,0.5,90,1.0,0,0.0,0.5,0,0,28.0,7,2.3333
2,1,0,5,5,1,1,4,1,2.0,23,0.0,0,0.0,0.5,0,0,10.5,3,1.5
10,2,0,5,19,5,2,3,8,0.740740741,223,1.0,0,0.3,0.228571429,1,2,21.0,3,1.2
4,1,0,6,14,0,3,3,4,0.333333333,74,1.0,0,0.0,0.5,0,0,17.0,7,2.25
9,2,1,6,50,24,2,4,5,0.85,404,1.0,0,0.6875,0.458333333,1,3,43.33333333,2,0.6667
14,2,0,8,43,41,3,6,10,0.846153846,359,0.153846154,1,0.620689655,0.244897959,2,3,23.71428571,6,1.6429
3,1,0,1,41,3,0,1,1,2.0,221,0.0,0,0.0,0.333333333,0,0,72.66666667,1,0.6667
2,3,0,7,6,1,0,7,1,2.0,19,0.0,0,0.972222222,0.666666667,1,1,8.5,1,0.5
15,1,17,22,33,7,17,5,5,0.476190476,229,1.0,0,0.0,0.380952381,0,0,14.06666667,4,2.3333
5,2,2,3,8,8,2,1,3,0.958333333,101,0.166666667,5,0.8,0.625,1,1,18.0,1,0.4
12,2,14,22,23,0,17,7,12,0.606060606,150,0.666666667,2,0.731707317,0.21875,1,7,11.25,5,1.5833
2,2,0,10,12,1,1,9,1,1.0,67,0.0,0,0.947368421,0.625,1,1,31.0,1,0.5
22,1,0,19,74,121,3,18,9,0.680272109,943,0.857142857,4,0.0,0.180952381,0,0,41.54545455,19,3.0455
5,1,0,1,24,0,0,1,4,0.5625,147,1.0,0,0.0,0.6,0,0,27.6,1,0.8
14,1,0,4,14,91,4,0,14,2.0,14,0.0,0,0.0,0.273809524,0,0,0.0,1,1.0
3,5,0,9,11,3,0,9,3,2.0,37,0.0,0,0.99,0.533333333,3,5,11.33333333,1,0.3333
9,1,0,10,20,0,10,0,9,0.25,294,1.0,0,0.0,0.311111111,1,1,31.44444444,7,1.8889
8,2,0,8,19,10,2,6,4,0.766233766,378,0.909090909,2,0.533333333,0.284090909,1,3,44.875,11,3.75
12,1,5,29,18,54,28,3,12,0.727272727,49,1.0,0,0.0,0.3125,0,0,3.0,1,0.9167
38,4,0,3,49,703,0,3,38,2.0,229,0.0,0,0.717557252,0.294736842,1,3,5.026315789,3,1.0789
3,5,0,10,13,3,0,10,3,2.0,50,0.0,0,0.99,0.533333333,3,5,15.66666667,1,0.3333
6,1,0,15,38,7,1,14,3,0.733333333,336,0.666666667,0,0.0,0.35,0,0,54.5,18,4.0
4,1,0,2,6,0,1,1,4,0.333333333,35,1.0,2,0.0,0.5,0,0,7.25,3,1.25
1,3,0,2,2,0,0,2,1,2.0,4,0.0,0,1.0,1.0,0,0,3.0,0,0.0
3,1,0,4,3,3,2,2,3,2.0,3,0.0,0,0.0,0.666666667,0,0,0.0,1,1.0
0,1,0,0,0,0,0,0,0,2.0,0,0.0,0,0.0,0.0,0,0,0.0,0,0.0
5,2,0,9,21,0,1,8,3,0.25,84,1.0,2,0.636363636,0.4,1,1,15.4,1,0.8
13,4,0,2,21,78,0,2,13,2.0,103,0.0,0,0.886792453,0.403846154,0,0,6.923076923,3,1.2308
13,2,0,5,22,66,2,3,11,0.805555556,140,0.666666667,0,0.523809524,0.4,1,6,9.538461538,2,0.8462
41,3,0,3,56,814,2,1,41,2.0,161,0.0,0,0.74,0.153846154,2,6,2.926829268,1,0.9512
16,3,0,10,82,52,2,8,13,0.866666667,616,0.5,1,0.923497268,0.4,3,30,37.375,2,0.9375
42,3,0,31,84,779,14,19,39,0.868902439,427,1.0,5,0.818604651,0.093915344,1,3,8.976190476,4,1.1429
7,1,0,16,7,21,15,1,7,2.0,7,0.0,0,0.0,1.0,0,0,0.0,1,1.0
4,3,0,8,13,0,8,1,3,1.222222222,71,0.133333333,0,0.85,0.5,1,1,13.0,1,0.75
44,4,0,19,91,802,6,14,40,0.94369645,724,0.947368421,2,0.644628099,0.156818182,3,3,15.02272727,7,1.4091
2,1,0,2,2,1,2,0,2,2.0,2,0.0,0,0.0,1.0,0,0,0.0,1,1.0
4,3,0,39,23,4,37,3,2,0.982905983,580,0.051282051,0,0.977777778,0.555555556,1,1,134.25,1,0.5
5,2,0,9,38,4,0,9,3,0.8125,318,1.0,0,0.5,0.5,0,0,60.2,22,5.4
3,1,0,3,8,0,1,2,3,0.5,29,0.0,0,0.0,0.666666667,0,0,8.0,1,0.6667
6,3,0,5,9,15,2,3,5,1.2,31,0.0,0,0.851851852,0.333333333,0,0,4.0,1,0.6667
3,2,0,6,8,3,3,4,1,2.0,60,0.0,0,0.888888889,0.5,1,1,19.0,3,1.3333
1,1,0,2,1,0,1,2,1,2.0,1,0.0,0,0.0,1.0,0,0,0.0,1,1.0
3,5,0,7,10,3,1,6,2,1.5,41,0.0,0,0.990697674,0.583333333,2,4,12.33333333,1,0.6667
21,1,5,12,46,132,7,5,10,0.5875,281,0.75,1,0.0,0.173160173,0,0,12.19047619,4,1.381
2,1,0,10,2,1,8,2,2,2.0,2,0.0,0,0.0,0.75,0,0,0.0,1,1.0
9,1,0,9,9,36,8,1,9,2.0,9,0.0,0,0.0,0.4,0,0,0.0,1,1.0
65,3,0,21,155,1670,6,21,59,0.9171875,1504,1.0,5,0.37,0.244140625,3,3,21.83076923,10,1.5231
9,3,0,13,26,34,0,13,5,0.875,95,1.0,1,0.829268293,0.333333333,1,2,9.333333333,2,0.8889
16,4,0,8,37,86,0,8,16,0.857142857,265,1.0,0,0.802631579,0.359375,2,4,15.125,1,0.9375
2,3,0,4,3,0,1,4,2,1.0,17,0.5,1,0.928571429,0.6,0,0,6.5,1,0.5
7,6,5,12,15,1,7,6,5,0.333333333,75,1.0,1,0.962406015,0.342857143,2,5,9.571428571,2,1.0
7,1,0,4,19,21,0,4,7,2.0,158,0.0,0,0.0,0.380952381,0,0,21.57142857,6,2.5714
8,2,0,4,17,0,2,2,8,0.0,47,0.0,1,0.740740741,0.416666667,1,1,4.75,1,0.875
13,4,0,4,22,56,0,4,12,0.946969697,298,1.0,0,0.822580645,0.472222222,2,2,21.07692308,4,1.0769
2,1,0,13,34,0,1,13,0,0.066666667,283,0.866666667,6,0.0,1.0,0,0,133.0,4,2.0
8,2,0,6,32,20,0,6,4,0.5,221,1.0,0,0.461538462,0.4,0,0,26.375,5,2.0
19,1,0,11,46,0,1,10,19,0.7,227,0.2,2,0.0,0.192982456,0,0,10.68421053,4,1.3158
9,1,0,10,9,36,7,4,9,2.0,9,0.0,0,0.0,0.314814815,0,0,0.0,1,1.0
27,1,0,20,65,65,9,13,0,0.683760684,1240,1.0,4,0.0,0.25462963,0,0,44.59259259,24,3.7407
1,4,0,3,2,0,2,1,1,2.0,4,0.0,0,1.0,1.0,0,0,3.0,0,0.0
3,4,0,1,4,1,0,1,2,0.5,499,0.0,0,0.976190476,1.0,0,0,165.0,1,0.3333
12,3,0,14,58,0,0,14,11,0.606060606,303,1.0,1,0.770833333,0.226190476,2,3,24.0,3,1.25
15,1,0,18,27,29,10,10,15,0.69047619,365,0.833333333,0,0.0,0.177777778,0,0,22.93333333,7,1.8
6,2,6,11,14,7,6,5,5,0.6,49,1.0,2,0.722222222,0.375,0,0,6.833333333,2,1.0
6,1,0,7,8,11,1,6,6,0.8,28,1.0,1,0.0,0.416666667,0,0,3.333333333,1,0.8333
3,4,0,2,6,3,0,2,3,2.0,17,0.0,0,0.979166667,0.666666667,0,0,4.666666667,1,0.6667
5,1,0,6,6,10,2,5,4,1.0,11,0.0,1,0.0,0.7,0,0,1.0,1,0.8
3,1,0,6,9,0,5,1,3,0.833333333,41,0.666666667,0,0.0,0.666666667,0,0,11.66666667,2,1.0
7,1,0,7,12,13,7,0,6,0.5,64,1.0,0,0.0,0.166666667,0,0,7.857142857,4,1.5714
8,1,0,7,21,0,3,4,7,0.428571429,108,1.0,0,0.0,0.5625,0,0,11.875,2,1.25
8,1,0,7,54,6,1,7,3,0.660714286,399,1.0,0,0.0,0.339285714,0,0,47.875,7,2.375
5,1,0,6,36,0,3,5,5,0.65,330,1.0,2,0.0,0.466666667,0,0,64.0,3,1.6
8,1,1,3,20,22,1,3,6,0.928571429,108,0.5,0,0.0,0.285714286,0,0,12.25,1,0.75
2,2,0,7,7,1,1,6,1,2.0,30,0.0,0,0.947368421,0.625,1,1,14.0,1,0.5
1,4,0,0,2,0,0,0,1,2.0,11,0.0,0,1.0,1.0,0,0,7.0,0,0.0
12,1,0,5,23,54,0,5,12,0.454545455,139,1.0,1,0.0,0.533333333,0,0,10.5,1,0.8333
4,1,0,0,4,6,0,0,4,2.0,4,0.0,0,0.0,1.0,0,0,0.0,1,1.0
18,1,0,3,36,133,2,3,18,0.764705882,298,0.0,1,0.0,0.333333333,0,0,15.5,4,1.3889
2,1,0,2,9,0,2,0,2,0.0,42,1.0,0,0.0,0.75,0,0,19.5,3,1.5
7,6,0,7,32,11,4,6,0,0.777777778,137,1.0,3,0.99086758,0.285714286,0,0,18.14285714,1,0.8571
6,4,0,5,10,15,1,5,5,1.0,43,1.0,0,0.950819672,0.444444444,0,0,6.0,1,0.5
5,1,0,5,7,10,5,0,5,2.0,107,0.0,0,0.0,0.35,0,0,20.4,3,1.8
25,1,0,41,137,122,15,37,3,0.863095238,3191,0.642857143,22,0.0,0.177777778,0,0,124.4,31,7.08
12,2,0,7,38,38,1,7,8,0.863636364,470,1.0,4,0.541666667,0.319444444,1,3,36.5,12,3.3333
2,4,0,3,5,1,0,3,1,2.0,12,0.0,0,0.972972973,0.666666667,1,1,5.0,1,0.5
3,1,0,0,7,0,0,0,3,0.0,19,1.0,0,0.0,0.666666667,0,0,5.0,1,0.6667
5,1,0,3,32,8,0,3,4,0.5,300,0.0,0,0.0,0.375,0,0,58.8,11,2.6
19,3,2,32,61,99,15,20,18,0.907407407,335,1.0,3,0.769230769,0.190789474,1,4,16.0,7,1.7368
6,3,0,7,23,9,1,7,6,0.885714286,132,0.857142857,1,0.934210526,0.361111111,2,12,19.83333333,1,0.8333
7,4,0,12,18,0,3,10,6,0.666666667,157,0.0,1,0.931034483,0.367346939,3,16,21.14285714,2,1.0
4,1,0,7,17,0,2,5,3,0.0,116,1.0,0,0.0,0.5,0,0,27.75,2,1.25
5,3,0,3,15,2,0,3,3,0.75,708,0.5,0,0.7,0.333333333,1,2,139.8,79,16.2
3,1,0,3,9,1,1,2,1,1.166666667,183,0.333333333,1,0.0,0.5,0,0,59.0,4,1.3333
21,1,2,14,47,124,10,4,18,0.7,575,0.857142857,0,0.0,0.325396825,0,0,26.04761905,10,2.619
1,1,0,0,2,0,0,0,0,2.0,12,0.0,0,0.0,1.0,0,0,3.0,0,0.0
6,1,0,5,25,7,2,3,4,0.75,230,1.0,0,0.0,0.55,0,0,36.66666667,9,2.0
4,2,0,4,5,0,1,3,3,0.666666667,65,0.666666667,1,0.777777778,0.476190476,0,0,14.5,4,2.0
5,3,0,1,16,8,0,1,3,1.24795082,4275,0.0,0,0.926829268,0.333333333,0,0,805.2,2,0.8
18,1,0,16,55,0,11,8,13,0.647058824,687,1.0,0,0.0,0.426470588,0,0,36.88888889,12,2.5
60,3,0,35,178,1304,10,25,43,0.891326022,1152,1.0,5,0.389473684,0.098245614,1,4,17.91666667,5,1.3167
3,2,0,4,10,1,1,3,2,0.5,57,1.0,0,0.833333333,0.666666667,0,0,17.66666667,7,2.3333
5,3,2,16,18,0,15,1,4,0.666666667,388,0.5,1,0.866666667,0.4,1,1,75.4,14,4.8
5,1,0,4,10,10,0,4,5,2.0,28,0.0,0,0.0,0.36,0,0,4.6,1,0.8
11,2,0,5,21,43,2,3,9,0.85,116,0.5,0,0.578947368,0.418181818,1,6,9.363636364,2,1.0
3,1,0,2,16,1,0,2,2,0.833333333,84,0.666666667,0,0.0,0.5,0,0,26.0,1,0.6667
3,1,0,16,7,3,11,5,3,2.0,47,0.0,0,0.0,0.416666667,0,0,14.66666667,5,2.3333
5,5,0,7,8,6,0,7,5,0.916666667,41,1.0,0,0.971830986,0.325,1,2,6.6,1,0.8
8,2,1,11,37,0,7,5,6,0.357142857,278,1.0,0,0.823529412,0.375,1,1,33.5,6,1.625
1,1,0,4,2,0,4,0,1,2.0,20,0.0,0,0.0,1.0,0,0,15.0,0,0.0
27,2,0,25,72,339,3,24,23,0.912087912,315,0.857142857,2,0.404761905,0.144230769,1,2,10.40740741,2,1.037
5,1,1,3,13,8,1,2,3,0.875,91,0.5,0,0.0,0.266666667,0,0,16.4,4,1.6
7,1,0,7,52,1,0,7,4,0.714285714,343,0.285714286,0,0.0,0.2,0,0,47.0,11,3.5714
20,4,0,7,71,102,2,7,14,0.821052632,677,1.0,2,0.804123711,0.3,2,2,32.35,5,1.25
9,2,0,59,23,32,58,2,7,0.975,242,0.2,9,0.631578947,0.375,1,1,24.77777778,4,1.8889
1,1,0,0,2,0,0,0,1,2.0,4,0.0,0,0.0,1.0,0,0,3.0,0,0.0
7,3,0,17,41,15,0,17,5,0.75,205,1.0,1,0.903225806,0.30952381,1,4,28.0,3,1.4286
9,2,0,10,26,0,3,8,8,0.3125,143,0.0,2,0.6,0.222222222,2,4,14.66666667,5,1.3333
9,1,0,8,22,0,2,6,8,0.46875,149,1.0,0,0.0,0.333333333,0,0,15.11111111,3,1.0
2,4,0,5,7,1,0,5,2,2.0,15,0.0,0,0.979591837,0.75,1,6,6.5,1,0.5
1,4,0,16,2,0,16,0,1,2.0,5,0.0,0,1.0,1.0,0,0,4.0,0,0.0
8,1,2,8,32,0,6,3,8,0.571428571,224,0.25,0,0.0,0.35,0,0,26.5,3,1.875
2,1,0,6,6,1,2,4,1,2.0,21,0.0,0,0.0,0.5,0,0,9.5,2,1.0
3,1,0,5,8,1,0,5,2,0.5,21,1.0,0,0.0,0.5,0,0,5.666666667,1,0.3333
11,2,0,5,21,49,2,3,9,0.85,106,0.5,0,0.578947368,0.522727273,1,6,8.454545455,2,0.8182
5,5,0,5,13,6,3,2,3,0.916666667,67,1.0,0,0.818181818,0.36,0,0,11.8,2,1.0
2,2,0,6,8,0,1,6,0,0.0,69,0.0,1,0.875,0.571428571,1,1,32.5,7,3.5
3,1,0,6,4,3,6,0,3,2.0,20,0.0,0,0.0,0.5,0,0,5.666666667,2,1.0
2,8,0,9,25,1,2,8,2,2.0,127,0.0,0,0.998835856,0.75,3,4,62.5,9,4.5
8,1,0,2,8,28,1,1,8,2.0,8,0.0,0,0.0,0.75,0,0,0.0,1,1.0
14,2,0,9,30,55,4,5,12,0.753846154,258,0.8,0,0.47826087,0.214285714,1,4,17.07142857,5,1.6429
11,1,1,2,20,53,2,1,0,0.9,90,1.0,0,0.0,0.4,0,0,7.090909091,2,0.9091
19,2,0,10,36,0,0,10,18,0.537037037,242,0.666666667,0,0.384615385,0.25,1,2,11.42105263,1,0.4211
6,1,0,3,16,0,1,2,5,0.3,69,0.0,0,0.0,0.6,0,0,10.16666667,3,1.3333
10,2,0,7,16,15,3,4,8,0.777777778,125,0.5,0,0.578947368,0.34,1,3,11.3,3,1.2
9,1,0,2,12,22,1,1,9,0.8125,75,1.0,2,0.0,0.288888889,0,0,6.888888889,4,1.2222
5,4,0,3,16,8,2,1,4,0.875,215,1.0,0,0.953488372,0.357142857,1,3,41.6,9,2.0
22,1,1,5,38,67,2,3,21,0.873015873,384,0.166666667,2,0.0,0.327272727,0,0,16.18181818,8,1.5455
13,2,0,12,23,0,9,3,11,0.642857143,271,1.0,1,0.45,0.256410256,1,2,19.30769231,2,0.9231
1,1,0,10,1,0,10,0,1,2.0,1,0.0,0,0.0,1.0,0,0,0.0,1,1.0
5,1,0,4,33,0,0,4,4,0.375,161,1.0,0,0.0,0.25,0,0,30.8,3,1.6
8,1,0,8,32,16,0,8,7,0.571428571,159,1.0,0,0.0,0.267857143,0,0,18.625,2,1.0
3,4,0,1,4,1,0,1,2,0.5,595,0.0,0,0.976190476,1.0,0,0,197.0,1,0.3333
2,4,0,5,10,0,1,5,2,0.0,31,1.0,1,0.857142857,0.666666667,0,0,14.0,1,0.5
2,5,0,5,9,1,0,5,2,2.0,42,0.0,0,0.982142857,0.75,3,8,20.0,1,0.5
8,3,0,6,28,8,0,6,7,0.714285714,221,1.0,1,0.840909091,0.5,2,2,26.125,6,1.75
3,4,0,16,12,3,1,15,3,2.0,56,0.0,0,0.979591837,0.6,2,6,17.66666667,1,0.6667
3,6,0,5,24,1,1,4,1,0.5,371,1.0,0,0.996987952,1.0,2,4,118.6666667,3,1.3333
11,1,0,6,29,17,1,6,8,0.633333333,160,1.0,1,0.0,0.303030303,0,0,13.27272727,5,1.3636
2,1,0,4,4,1,0,4,2,2.0,12,0.0,0,0.0,0.75,0,0,5.0,1,0.5
6,3,0,4,18,5,2,3,5,0.65,98,0.75,0,0.714285714,0.466666667,0,0,14.66666667,3,1.0
4,3,0,4,7,0,1,4,3,0.333333333,28,1.0,0,0.921052632,0.4375,1,1,5.75,1,0.75
1,4,0,2,2,0,2,0,0,2.0,5,0.0,0,1.0,1.0,0,0,4.0,0,0.0
10,5,0,5,42,43,2,5,9,0.666666667,219,1.0,0,0.990654206,0.375,1,1,20.8,4,1.6
10,1,0,6,11,35,3,3,10,0.851851852,46,0.666666667,1,0.0,0.266666667,0,0,3.3,1,0.9
29,3,0,28,85,296,9,24,13,0.914835165,713,0.692307692,6,0.413043478,0.167582418,1,1,23.13793103,12,2.1379
3,4,0,2,14,3,1,2,3,2.0,60,0.0,0,0.979166667,0.666666667,0,0,19.0,3,1.6667
16,1,3,13,39,80,6,7,12,0.876190476,341,0.857142857,0,0.0,0.285714286,0,0,19.875,8,1.75
2,1,0,8,2,1,6,2,2,2.0,2,0.0,0,0.0,0.666666667,0,0,0.0,1,1.0
5,3,0,15,41,4,0,15,4,0.5,230,1.0,1,0.9375,0.36,2,5,44.8,12,3.0
6,1,0,3,16,13,1,3,5,0.8,75,0.0,1,0.0,0.533333333,0,0,11.33333333,4,1.3333
1,1,0,4,1,0,3,1,1,2.0,1,0.0,0,0.0,1.0,0,0,0.0,1,1.0
10,1,1,4,21,0,1,3,1,0.619047619,477,1.0,1,0.0,0.5,0,0,45.3,2,1.0
7,1,0,3,15,21,2,1,7,2.0,66,0.0,0,0.0,0.523809524,0,0,8.428571429,1,0.8571
1,1,0,16,1,0,15,1,1,2.0,1,0.0,0,0.0,1.0,0,0,0.0,1,1.0
14,2,0,6,28,61,3,3,11,0.807692308,245,0.5,0,0.5,0.5,1,5,16.35714286,4,1.0714
2,3,0,0,3,1,0,0,2,2.0,374,0.0,0,0.974358974,1.0,0,0,186.0,1,0.5
122,3,0,16,346,0,2,15,119,0.80755608,1640,1.0,3,0.63190184,0.13553719,1,18,12.3852459,2,1.7541
3,3,3,6,12,3,3,3,2,2.0,47,0.0,0,0.9,0.666666667,0,0,14.66666667,1,0.6667
5,1,0,41,5,10,41,0,5,2.0,5,0.0,0,0.0,0.6,0,0,0.0,1,1.0
91,1,0,157,212,3687,148,17,77,0.97047619,2452,0.6,4,0.0,0.105494505,0,0,25.56043956,6,1.4945
5,1,0,44,5,10,44,0,5,2.0,5,0.0,0,0.0,0.6,0,0,0.0,1,1.0
3,1,1,2,4,0,1,1,3,0.0,17,1.0,0,0.0,0.666666667,0,0,4.333333333,1,0.6667
7,3,0,1,18,21,1,0,7,1.149122807,301,0.052631579,2,0.915254237,0.224489796,1,2,36.57142857,2,1.0
5,1,1,14,13,10,4,10,5,1.0,34,1.0,1,0.0,0.292307692,0,0,5.6,1,0.8
19,3,0,16,117,35,1,15,11,0.823232323,849,0.909090909,1,0.672727273,0.305263158,2,3,43.10526316,12,2.2105
5,6,0,6,39,0,3,5,2,0.8,210,1.0,1,0.99389313,0.32,0,0,40.0,2,1.0
18,2,0,6,40,103,2,4,16,0.848739496,327,0.0,1,0.423076923,0.472222222,1,6,16.77777778,2,1.1667
7,2,0,8,15,0,0,8,6,0.5,67,0.5,0,0.666666667,0.333333333,0,0,8.285714286,1,0.1429
3,2,0,5,12,3,1,4,1,2.0,40,0.0,0,0.857142857,0.666666667,0,0,12.33333333,1,0.6667
19,3,1,21,43,87,6,15,18,0.6,336,0.2,3,0.816091954,0.184210526,2,24,16.42105263,9,1.6842
3,3,0,0,12,0,0,0,2,0.333333333,86,1.0,0,0.866666667,0.666666667,1,1,26.66666667,2,1.0
1,1,0,1,1,0,1,0,1,2.0,1,0.0,0,0.0,1.0,0,0,0.0,1,1.0
16,1,0,20,55,0,9,14,14,0.5,453,1.0,3,0.0,0.198863636,0,0,27.0625,6,1.0625
4,1,0,2,24,4,1,1,2,0.333333333,146,1.0,0,0.0,0.466666667,0,0,35.25,3,1.25
10,1,0,14,48,33,7,7,6,0.666666667,264,0.5,0,0.0,0.222222222,0,0,25.2,4,1.4
23,1,0,16,26,181,16,0,22,0.97979798,3198,0.0,0,0.0,0.25,0,0,137.6521739,17,3.913
8,2,0,6,15,26,2,4,7,0.714285714,48,1.0,1,0.333333333,0.285714286,0,0,4.875,1,0.75
5,1,0,6,36,10,2,4,5,2.0,210,0.0,0,0.0,0.3,0,0,41.0,1,0.8
20,4,0,11,41,152,2,9,3,2.0,458,0.0,0,0.64,0.213636364,2,11,21.9,5,1.3
15,1,0,2,15,105,1,1,15,2.0,15,0.0,0,0.0,0.413333333,0,0,0.0,1,1.0
46,1,0,4,111,683,0,4,27,0.838888889,2103,1.0,2,0.0,0.137777778,0,0,44.54347826,19,4.0435
5,3,0,20,33,0,1,20,4,0.416666667,237,1.0,1,0.933333333,0.333333333,2,6,45.8,4,2.0
8,2,0,9,61,28,2,7,6,1.142857143,544,1.0,0,0.611111111,0.375,1,3,66.875,4,1.625
5,1,0,2,10,0,1,2,4,0.375,60,1.0,1,0.0,0.6,0,0,10.6,2,1.2
27,2,0,8,47,195,3,5,27,0.875,484,0.833333333,0,0.422222222,0.265432099,1,5,16.48148148,2,1.037
4,3,0,69,7,0,68,1,3,0.833333333,40,1.0,0,0.818181818,0.555555556,0,0,8.5,3,1.5
14,4,0,8,39,51,1,8,7,0.730769231,240,1.0,1,0.692307692,0.307692308,1,1,15.71428571,6,1.7143
1,1,0,8,1,0,8,0,1,2.0,1,0.0,0,0.0,1.0,0,0,0.0,1,1.0
3,4,0,13,12,3,1,12,3,2.0,55,0.0,0,0.979591837,0.5,2,4,17.33333333,3,1.3333
5,1,0,3,14,0,2,1,4,1.203488372,296,0.046511628,0,0.0,0.5,0,0,49.6,9,2.2
76,1,0,53,185,1998,18,46,0,0.941202186,2835,0.409836066,12,0.0,0.069866667,0,0,35.5,23,2.0132
3,2,2,3,7,0,2,1,2,0.5,32,1.0,0,0.75,0.666666667,0,0,9.0,1,0.6667
11,1,0,8,15,0,8,0,11,0.425,234,1.0,0,0.0,0.515151515,0,0,19.90909091,4,1.7273
1,1,0,0,2,0,0,0,1,2.0,51,0.0,0,0.0,1.0,0,0,3.0,0,0.0
6,4,0,7,27,0,2,5,4,0.0,169,1.0,0,0.871794872,0.305555556,3,7,27.0,6,3.1667
32,1,0,16,80,0,2,14,29,0.850806452,814,1.0,6,0.0,0.184750733,0,0,23.9375,1,0.9063
4,1,0,2,5,0,1,2,4,0.666666667,28,1.0,2,0.0,0.4375,0,0,5.25,1,0.75
4,1,0,6,4,6,6,0,4,2.0,4,0.0,0,0.0,1.0,0,0,0.0,1,1.0
7,1,0,6,7,21,3,3,7,2.0,7,0.0,0,0.0,1.0,0,0,0.0,1,1.0
3,2,2,3,7,0,2,1,2,0.5,32,1.0,0,0.75,0.666666667,0,0,9.0,1,0.6667
19,1,0,8,19,171,8,0,19,2.0,19,0.0,0,0.0,0.421052632,0,0,0.0,1,1.0
2,1,0,5,11,0,1,4,2,0.0,39,1.0,1,0.0,0.666666667,0,0,18.0,1,0.5
10,1,0,1,62,39,0,1,3,0.844444444,678,0.0,0,0.0,0.177777778,0,0,65.8,13,6.4
13,1,0,15,96,60,0,15,8,0.763888889,1498,0.5,1,0.0,0.1875,0,0,113.7692308,3,1.0769
3,3,0,8,12,3,0,8,2,2.0,39,0.0,0,0.945945946,0.666666667,1,1,12.0,1,0.6667
5,1,0,18,52,10,0,18,2,2.0,489,0.0,0,0.0,0.25,0,0,96.8,1,0.8
6,1,0,7,6,15,7,1,6,2.0,6,0.0,0,0.0,0.583333333,0,0,0.0,1,1.0
22,1,0,0,22,231,0,0,22,2.0,22,0.0,0,0.0,0.281818182,0,0,0.0,1,1.0
5,1,0,8,24,2,0,8,4,0.666666667,117,0.0,1,0.0,0.36,0,0,21.8,7,2.2
3,4,0,4,9,3,1,3,3,2.0,27,0.0,0,0.972222222,0.555555556,0,0,8.0,3,1.0
2,1,0,2,4,1,1,1,1,2.0,8,0.0,0,0.0,0.75,0,0,3.0,1,0.5
32,1,0,13,65,408,12,2,31,0.924098672,559,1.0,3,0.0,0.120967742,0,0,15.9375,11,1.7188
8,1,0,4,28,0,2,2,7,0.571428571,426,1.0,1,0.0,0.25,0,0,51.75,7,3.0
43,4,0,14,103,739,1,14,41,0.94047619,642,1.0,0,0.59223301,0.372093023,3,5,13.46511628,1,0.9767
13,1,0,7,13,78,7,0,13,2.0,13,0.0,0,0.0,0.430769231,0,0,0.0,1,1.0
3,2,0,4,8,0,1,3,0,0.75,151,0.5,0,0.777777778,0.444444444,1,2,48.0,18,7.3333
1,1,0,2,1,0,1,1,1,2.0,1,0.0,0,0.0,1.0,0,0,0.0,1,1.0
26,1,0,9,41,257,4,8,25,0.905454545,216,1.0,0,0.0,0.136363636,0,0,6.884615385,2,1.0769
6,1,0,6,16,0,5,1,6,0.0,108,1.0,1,0.0,0.555555556,0,0,16.66666667,4,1.8333
3,4,0,35,5,0,35,0,3,0.0,22,1.0,0,0.944444444,0.666666667,0,0,6.0,1,0.3333
16,3,0,34,52,60,24,12,16,0.828571429,428,1.0,0,0.594594595,0.25,1,4,25.3125,29,2.8125
6,1,0,16,57,15,0,16,5,1.0,437,1.0,0,0.0,0.4,0,0,71.66666667,2,1.1667
23,1,0,7,33,179,2,7,14,0.892045455,144,1.0,0,0.0,0.189393939,0,0,4.913043478,1,0.913
9,2,0,19,39,34,8,13,5,0.9375,178,0.5,1,0.3,0.328125,1,1,18.55555556,1,0.7778
8,3,0,8,32,0,1,8,8,0.775510204,190,0.857142857,1,0.840909091,0.8125,1,1,21.875,3,1.25
19,3,0,8,52,119,2,8,9,0.869047619,523,0.928571429,2,0.672727273,0.169590643,0,0,25.78947368,7,1.4737
9,4,0,3,12,36,0,3,9,2.0,50,0.0,0,0.911111111,0.555555556,1,5,4.555555556,1,0.8889
9,2,2,7,14,8,5,2,6,0.5,103,1.0,2,0.384615385,0.407407407,1,2,10.22222222,2,1.0
4,3,0,11,14,0,0,11,4,0.333333333,44,1.0,0,0.959459459,0.4,2,7,9.75,1,0.75
13,1,0,0,15,0,0,0,12,0.333333333,161,1.0,0,0.0,0.41025641,0,0,11.15384615,2,1.2308
1,1,0,5,1,0,4,1,1,2.0,1,0.0,0,0.0,1.0,0,0,0.0,1,1.0
15,2,0,6,35,41,3,4,13,0.69047619,363,0.666666667,0,0.47826087,0.516666667,1,6,23.0,2,1.1333
9,1,0,7,24,30,1,7,5,0.71875,96,1.0,0,0.0,0.375,0,0,9.222222222,1,0.6667
9,2,0,5,17,36,2,3,7,1.125,72,0.0,0,0.647058824,0.555555556,1,6,6.888888889,2,0.7778
4,1,0,7,16,4,1,6,2,0.333333333,68,1.0,0,0.0,0.5,0,0,15.75,1,0.5
4,2,0,18,38,0,2,16,4,0.0,268,1.0,1,0.8125,0.5,0,0,65.75,27,7.25
12,2,0,15,49,0,8,8,11,0.757575758,269,0.333333333,0,0.633333333,0.277777778,1,5,21.16666667,3,1.25
13,1,15,51,39,72,48,7,12,0.833333333,249,1.0,0,0.0,0.230769231,0,0,18.07692308,9,1.8462
5,6,19,22,16,10,22,3,4,0.5,56,1.0,1,0.995412844,0.44,0,0,10.0,1,0.6
3,2,1,7,40,3,2,5,1,2.0,237,0.0,0,0.9,0.555555556,1,1,78.0,8,3.0
8,4,0,7,37,4,0,7,7,0.714285714,277,1.0,0,0.917647059,0.46875,4,4,32.875,5,1.375
1,2,0,7,4,0,3,5,1,2.0,12,0.0,0,1.0,1.0,0,0,11.0,0,0.0
2,2,0,4,3,1,3,2,2,2.0,8,0.0,0,0.888888889,0.625,0,0,3.0,1,0.5
7,1,0,5,21,0,2,3,7,0.5,122,0.666666667,0,0.0,0.342857143,0,0,16.0,2,0.7143
51,1,0,25,114,1275,11,23,40,1.02,2140,0.0,0,0.0,0.181372549,0,0,40.45098039,18,3.3333
16,2,0,10,48,34,1,10,16,0.883333333,320,0.0,3,0.545454545,0.25,2,3,18.5,5,1.4375
17,4,0,8,32,16,0,8,16,0.822916667,140,1.0,2,0.68627451,0.235294118,1,1,6.882352941,1,0.9412
20,2,0,6,32,114,2,4,18,0.894736842,361,0.5,0,0.392857143,0.45,1,6,16.55,2,0.9
20,1,0,15,22,8,15,0,13,0.552631579,901,1.0,0,0.0,0.875,0,0,43.55,8,2.95
9,2,0,4,24,0,0,4,9,0.625,109,1.0,2,0.619047619,0.288888889,1,6,10.77777778,3,1.2222
63,2,3,27,225,793,7,20,42,0.872080089,5680,0.896551724,6,0.678947368,0.152073733,2,11,88.6984127,6,1.6984
4,2,0,10,24,6,3,7,2,2.0,171,0.0,0,0.857142857,0.583333333,1,1,41.75,1,0.75
1,3,0,3,2,0,1,2,1,2.0,5,0.0,0,1.0,1.0,0,0,4.0,0,0.0
1,1,0,4,1,0,3,1,1,2.0,1,0.0,0,0.0,1.0,0,0,0.0,1,1.0
5,7,0,9,30,4,4,6,3,0.85,156,1.0,3,0.993939394,0.35,0,0,29.2,1,0.8
2,3,0,0,3,1,0,0,2,2.0,1243,0.0,0,0.974358974,1.0,0,0,620.5,1,0.5
3,1,0,5,12,0,1,4,3,0.25,54,1.0,1,0.0,0.466666667,0,0,16.33333333,2,1.0
16,6,0,10,72,74,2,10,1,0.833333333,557,1.0,6,0.978070175,0.375,2,4,33.1875,8,1.9375
4,1,0,2,4,6,2,0,4,2.0,4,0.0,0,0.0,0.4,0,0,0.0,1,1.0
2,4,0,6,8,1,0,6,2,2.0,23,0.0,0,0.979591837,0.75,1,6,10.5,1,0.5
1,1,0,4,1,0,3,1,1,2.0,1,0.0,0,0.0,1.0,0,0,0.0,1,1.0
1,4,0,1,2,0,0,1,1,2.0,4,0.0,0,1.0,1.0,0,0,3.0,0,0.0
41,2,0,13,75,0,1,12,22,0.608823529,7463,0.882352941,3,0.152173913,0.170833333,1,4,180.6097561,2,1.0488
2,3,0,8,4,1,8,0,2,2.0,9,0.0,0,1.0,0.75,0,0,3.5,0,0.0
7,3,4,9,16,0,4,6,6,0.166666667,119,1.0,1,0.97029703,0.428571429,0,0,15.85714286,2,1.0
11,3,2,51,20,0,51,1,9,0.1,137,0.0,1,0.653846154,0.575757576,1,1,11.36363636,2,1.1818
10,2,0,4,13,3,2,3,9,0.851851852,83,0.333333333,0,0.5,0.228571429,1,2,7.0,2,0.9
15,3,0,15,54,59,0,15,15,0.880952381,398,1.0,1,0.725490196,0.373333333,0,0,24.73333333,3,1.3333
11,1,1,2,20,53,2,1,0,0.9,90,1.0,0,0.0,0.4,0,0,7.090909091,2,0.9091
21,1,0,2,51,134,1,1,21,0.716666667,292,1.0,0,0.0,0.265306122,0,0,12.76190476,7,1.381
0,1,0,1,0,0,1,0,0,2.0,14,0.0,0,0.0,0.0,0,0,0.0,0,0.0
2,1,0,1,8,1,1,0,2,2.0,75,0.0,0,0.0,0.5,0,0,36.5,9,4.5
3,1,3,3,4,3,3,0,3,2.0,10,0.0,0,0.0,0.666666667,0,0,2.333333333,1,0.6667
31,5,0,29,83,267,21,16,23,0.921428571,751,0.571428571,5,0.957478006,0.20952381,0,0,22.77419355,12,2.3548
2,5,0,8,6,0,7,1,2,1.0,21,1.0,0,0.944444444,0.75,0,0,8.5,1,0.5
7,1,0,10,63,21,2,8,5,2.0,1034,0.0,0,0.0,0.285714286,0,0,146.7142857,10,4.8571
4,1,0,2,4,6,1,1,4,2.0,4,0.0,0,0.0,0.4,0,0,0.0,1,1.0
7,3,0,12,28,0,1,12,2,0.633333333,227,0.8,2,0.791666667,0.333333333,0,0,30.71428571,3,1.0
3,3,0,3,10,3,0,3,2,2.0,30,0.0,0,0.981818182,0.666666667,0,0,9.0,1,0.3333
6,1,0,16,52,9,6,10,3,0.6,297,0.5,0,0.0,0.35,0,0,48.16666667,7,3.5
11,3,0,31,57,0,0,31,11,0.2,611,1.0,2,0.87654321,0.246753247,2,9,54.27272727,7,2.5455
19,1,0,11,51,37,4,9,9,0.671296296,464,0.916666667,2,0.0,0.171717172,0,0,22.78947368,1,0.7895
26,1,0,0,40,0,0,0,24,0.08,723,0.0,0,0.0,0.528846154,0,0,26.73076923,5,2.6538
8,1,5,20,9,16,14,7,8,0.761904762,40,1.0,1,0.0,0.3125,0,0,3.625,1,0.875
15,1,0,1,18,95,1,0,12,0.285714286,106,1.0,0,0.0,0.377777778,0,0,5.933333333,1,0.9333
5,2,0,8,16,10,4,4,5,2.0,50,0.0,0,0.555555556,0.5,0,0,9.0,1,0.8
10,2,0,6,18,27,2,5,10,0.833333333,104,0.75,0,0.466666667,0.28,1,2,9.0,1,0.8
15,5,21,24,33,71,22,2,13,0.696428571,437,1.0,0,0.979010495,0.466666667,0,0,27.86666667,2,1.1333
5,4,1,7,13,2,4,4,5,0.833333333,52,0.666666667,1,0.951807229,0.4,2,6,8.8,2,1.2
24,2,0,6,37,210,2,4,21,0.875,368,0.625,0,0.34375,0.298611111,1,6,14.0,3,1.2083
17,1,0,3,33,0,3,0,17,0.4875,305,1.0,0,0.0,0.264705882,0,0,16.64705882,4,1.2941
13,1,0,79,22,0,79,0,10,0.125,145,0.0,0,0.0,0.294871795,1,1,10.0,6,1.2308
2,2,0,10,6,1,5,5,1,2.0,30,0.0,0,0.947368421,0.625,0,0,14.0,1,0.5
8,2,6,12,16,22,6,6,3,0.571428571,55,1.0,0,0.851851852,0.333333333,0,0,5.75,2,0.625
33,1,10,113,53,526,104,20,32,0.998046875,300,0.0,16,0.0,0.234375,0,0,7.606060606,2,1.0
2,0,0,4,6,1,0,4,2,2.0,18,0.0,0,0.0,1.0,0,0,8.0,1,0.5
4,4,0,3,8,6,2,1,4,2.0,20,0.0,0,1.0,0.666666667,0,0,4.0,0,0.0
3,1,0,0,8,3,0,0,1,1.0,27,0.0,0,0.0,0.333333333,0,0,7.666666667,2,1.0
10,2,0,7,35,35,1,6,6,0.673611111,686,1.0,3,0.333333333,0.233333333,0,0,66.0,1,0.8
3,4,0,4,21,3,0,4,1,1.5,144,1.0,0,0.960784314,1.0,2,3,46.66666667,9,3.3333
22,1,0,18,74,121,3,17,9,0.680272109,959,0.857142857,4,0.0,0.180952381,0,0,42.27272727,19,3.1364
14,1,0,7,33,47,1,6,9,0.721153846,344,1.0,0,0.0,0.384615385,0,0,23.0,9,2.5714
26,1,0,17,31,245,13,4,24,0.943333333,193,0.666666667,1,0.0,0.194285714,0,0,5.961538462,4,1.3462
2,2,0,6,14,1,1,5,2,2.0,45,0.0,0,0.958333333,1.0,0,0,21.5,1,0.5
3,3,0,1,6,1,1,0,3,0.5,28,1.0,0,0.944444444,0.555555556,1,1,8.0,3,1.0
9,5,0,23,82,20,2,22,9,0.6875,571,1.0,1,0.965811966,0.311111111,5,10,62.22222222,1,0.8889
6,3,0,4,11,9,3,1,6,0.9,50,0.5,0,0.975124378,0.444444444,2,6,7.0,3,1.1667
4,2,0,4,17,6,2,3,4,2.0,86,0.0,0,0.928571429,0.6,1,1,20.5,2,1.0
17,3,0,9,36,80,3,8,16,0.1875,187,1.0,0,0.7,0.245098039,2,9,9.941176471,5,1.3529
5,1,0,20,5,10,20,0,5,2.0,5,0.0,0,0.0,1.0,0,0,0.0,1,1.0
2,1,0,4,12,0,1,4,2,0.0,69,0.0,2,0.0,0.666666667,0,0,32.0,2,1.0
11,3,0,8,54,0,2,7,10,0.625,541,1.0,0,0.666666667,0.303030303,1,4,47.81818182,21,5.0909
12,1,0,3,44,64,1,2,0,0.981818182,586,1.0,0,0.0,0.318181818,0,0,47.41666667,8,1.8333
11,1,1,2,20,53,2,1,0,0.9,90,1.0,0,0.0,0.4,0,0,7.090909091,2,0.9091
7,2,0,12,24,0,4,10,7,0.611111111,136,1.0,1,0.84375,0.303571429,0,0,18.0,1,0.7143
5,3,0,4,22,0,1,4,1,0.75,118,0.5,0,0.921568627,0.466666667,2,8,22.2,7,2.0
7,3,0,17,16,1,1,16,7,0.333333333,70,1.0,0,0.922077922,0.371428571,2,8,8.857142857,2,1.1429
5,2,0,7,18,10,1,6,4,1.0,95,0.0,0,0.764705882,0.5,0,0,17.8,1,0.8
9,1,0,13,38,10,2,11,5,0.767857143,309,0.571428571,0,0.0,0.285714286,0,0,32.55555556,2,1.1111
9,1,0,5,20,0,3,2,9,0.5,111,1.0,0,0.0,0.259259259,0,0,11.11111111,3,1.5556
38,1,0,13,86,519,3,10,38,0.866795367,593,1.0,2,0.0,0.12406015,0,0,14.23684211,3,1.2895
25,1,0,90,48,214,88,9,24,0.891666667,494,1.0,1,0.0,0.185454545,0,0,18.36,5,2.2
38,3,0,15,120,509,2,13,27,0.88030888,2737,0.857142857,3,0.824390244,0.184275184,3,32,70.84210526,3,1.1053
2,8,0,4,3,1,2,2,2,2.0,13,0.0,0,1.0,0.75,0,0,5.5,0,0.0
35,3,0,14,77,323,8,7,35,0.617647059,572,0.5,0,0.859649123,0.234920635,0,0,15.28571429,16,2.0286
9,3,0,35,101,8,1,35,3,0.59375,571,0.75,2,0.740740741,0.234375,1,1,62.0,10,1.7778
16,1,3,7,42,106,4,3,7,0.805797101,856,0.826086957,3,0.0,0.237037037,0,0,51.0625,16,3.5625
11,2,0,6,20,35,2,4,9,0.8,113,0.5,0,0.55,0.257575758,1,4,9.090909091,2,1.0909
6,2,0,3,26,3,1,2,6,0.733333333,462,0.0,0,0.772727273,0.458333333,1,1,75.0,2,1.0
2,1,0,15,2,1,15,0,2,2.0,2,0.0,0,0.0,1.0,0,0,0.0,1,1.0
6,2,0,27,47,3,5,25,2,0.7875,2717,0.03125,0,0.848484848,0.444444444,1,1,446.5,38,7.0
4,2,0,4,16,4,1,4,2,0.833333333,108,0.0,0,0.769230769,0.4,0,0,25.5,3,1.75
5,2,0,10,22,10,4,8,5,2.0,153,0.0,0,0.9,0.4,1,1,29.6,1,0.6
11,2,0,6,21,49,3,3,9,0.85,106,0.5,0,0.578947368,0.522727273,1,6,8.454545455,2,0.8182
5,3,0,23,30,4,2,22,4,1.0,496,1.0,1,0.9375,0.4,3,6,97.6,17,4.4
1,1,0,0,2,0,0,0,1,2.0,10,0.0,0,0.0,1.0,0,0,3.0,0,0.0
4,2,0,5,11,4,1,4,2,0.833333333,108,1.0,1,0.5,0.4,1,1,25.5,3,1.25
12,5,0,13,76,0,1,13,2,0.515151515,788,1.0,1,0.861111111,0.260416667,3,6,64.41666667,1,0.8333
14,1,0,12,51,67,1,12,8,0.641025641,764,0.666666667,2,0.0,0.401709402,0,0,53.35714286,2,1.1429
6,1,0,11,37,3,1,10,3,0.4,214,1.0,0,0.0,0.266666667,0,0,34.5,8,1.8333
26,1,0,16,53,235,3,15,24,0.915,182,1.0,1,0.0,0.158119658,0,0,5.692307692,2,1.0
3,1,0,4,9,1,1,3,3,0.0,47,1.0,0,0.0,0.5,0,0,14.33333333,2,1.0
3,4,0,2,6,3,0,2,3,2.0,17,0.0,0,0.979166667,0.666666667,0,0,4.666666667,1,0.6667
18,1,0,6,18,153,4,2,18,2.0,18,0.0,0,0.0,0.4,0,0,0.0,1,1.0
11,1,1,3,13,35,3,0,11,0.9,87,0.1,2,0.0,0.393939394,0,0,6.0,1,0.9091
10,1,0,1,14,0,0,1,10,0.472222222,180,1.0,1,0.0,0.4,0,0,16.6,3,1.6
2,2,0,1,4,1,0,1,2,2.0,10,0.0,0,0.666666667,0.666666667,1,1,4.0,1,0.5
19,1,0,12,103,133,1,12,3,0.81372549,1720,0.882352941,0,0.0,0.141414141,0,0,88.63157895,11,2.5263
17,1,1,0,37,136,0,0,16,2.0,254,0.0,0,0.0,0.308823529,0,0,13.94117647,1,0.9412
7,4,0,19,38,7,0,19,5,0.458333333,272,1.0,1,0.941176471,0.285714286,3,13,37.28571429,12,3.2857
6,3,0,1,19,15,1,0,4,1.12,184,0.0,0,0.8125,0.5,1,1,28.83333333,14,2.8333
10,2,0,6,19,33,2,4,8,0.833333333,101,0.5,0,0.578947368,0.266666667,1,4,8.9,2,1.1
8,5,0,29,45,0,1,29,8,0.142857143,241,1.0,1,0.933962264,0.270833333,4,5,29.0,6,1.875
1,1,0,0,1,0,0,0,1,2.0,1,0.0,0,0.0,1.0,0,0,0.0,1,1.0
3,1,0,0,8,3,0,0,2,2.0,25,0.0,0,0.0,0.333333333,0,0,7.333333333,1,0.6667
3,1,0,11,22,3,0,0,3,2.0,101,0.0,0,0.0,0.416666667,0,0,32.66666667,2,1.3333
2,2,0,12,10,1,1,11,1,1.125,136,0.625,4,0.944444444,0.625,1,1,63.0,1,0.5
3,1,0,3,8,0,3,0,3,0.0,24,0.0,0,0.0,0.666666667,0,0,6.666666667,1,0.6667
5,4,0,3,8,10,0,3,5,2.0,28,0.0,0,0.953488372,0.6,1,4,4.6,1,0.8
25,1,0,12,64,230,0,12,22,0.65,318,1.0,2,0.0,0.13,0,0,11.52,3,1.04
13,1,0,14,23,68,12,2,12,0.697916667,357,1.0,0,0.0,0.708333333,0,0,25.84615385,44,4.0769
4,3,0,13,14,0,0,13,4,0.333333333,44,1.0,0,0.959459459,0.4,2,7,9.75,1,0.75
1,3,0,3,2,0,1,2,1,2.0,5,0.0,0,1.0,1.0,0,0,4.0,0,0.0
3,7,0,9,14,0,1,8,3,0.0,119,1.0,0,0.985185185,0.555555556,3,3,38.33333333,5,2.3333
3,2,0,5,15,0,1,4,2,0.25,116,1.0,1,0.666666667,0.611111111,0,0,37.0,2,1.0
9,1,1,63,15,14,61,2,9,0.4375,103,1.0,1,0.0,0.555555556,0,0,10.22222222,1,0.6667
9,5,0,10,20,4,3,7,9,0.6875,110,1.0,0,0.919191919,0.388888889,2,7,10.77777778,3,1.2222
12,1,0,5,44,64,3,2,0,0.981818182,586,1.0,0,0.0,0.318181818,0,0,47.41666667,8,1.8333
6,4,0,18,21,15,7,11,6,1.0,80,0.0,0,0.981900452,0.375,3,8,12.16666667,1,0.6667
9,3,0,8,24,16,3,8,7,0.125,108,1.0,1,0.85,0.333333333,2,3,10.88888889,1,0.6667
6,1,0,8,29,0,2,6,0,0.436363636,383,0.727272727,5,0.0,0.479166667,0,0,61.0,1,0.6667
12,4,0,3,22,66,0,3,12,2.0,97,0.0,0,0.895238095,0.316666667,1,1,7.083333333,3,1.25
11,3,0,4,15,35,1,4,10,0.2,62,1.0,0,0.71875,0.590909091,2,5,4.545454545,1,0.8182
9,2,0,9,23,36,9,9,0,2.0,82,0.0,0,0.529411765,0.444444444,0,0,8.111111111,1,0.8889
9,1,0,8,12,0,8,0,7,0.40625,117,1.0,0,0.0,0.5,1,2,11.55555556,4,1.1111
3,3,0,4,7,3,1,4,2,2.0,23,0.0,0,0.971428571,0.5,1,2,6.666666667,1,0.3333
11,2,1,5,16,21,2,4,11,0.85,86,0.75,0,0.4375,0.257575758,1,2,6.454545455,1,0.8182
4,3,0,11,12,6,2,10,3,2.0,43,0.0,0,0.949152542,0.4,1,4,9.75,1,0.75
2,1,1,6,4,1,3,3,2,2.0,8,0.0,0,0.0,0.625,0,0,3.0,1,0.5
4,1,0,4,4,6,4,1,4,2.0,4,0.0,0,0.0,0.55,0,0,0.0,1,1.0
2,2,0,10,22,1,1,9,2,1.25,163,0.25,0,0.958333333,1.0,0,0,78.5,1,0.5
14,2,0,10,38,43,3,7,14,0.75,246,1.0,2,0.458333333,0.595238095,0,0,16.28571429,1,0.9286
8,1,0,80,19,18,79,1,6,0.428571429,99,0.75,1,0.0,0.392857143,0,0,10.875,3,0.625
8,1,0,1,29,16,0,1,6,0.142857143,330,1.0,0,0.0,0.314285714,0,0,40.125,8,2.5
14,6,0,11,32,0,1,11,11,0.730769231,163,1.0,2,0.914285714,0.234693878,4,8,10.35714286,3,1.2143
2,1,0,10,7,1,6,4,1,2.0,23,0.0,0,0.0,0.5,0,0,10.5,1,0.5
30,3,0,51,102,301,40,13,24,0.603448276,1238,0.5,1,0.526315789,0.12183908,2,6,40.2,15,2.6333
5,1,0,2,10,0,1,2,4,0.375,60,1.0,1,0.0,0.6,0,0,10.6,2,1.2
14,6,0,15,32,0,1,15,11,0.730769231,163,1.0,2,0.914285714,0.234693878,4,8,10.35714286,3,1.2143
3,1,0,0,6,3,0,0,3,2.0,12,0.0,0,0.0,0.833333333,0,0,3.0,1,0.6667
48,1,0,16,109,118,3,15,39,0.795744681,719,1.0,5,0.0,0.147569444,0,0,13.77083333,6,1.625
32,4,0,16,81,406,2,0,27,0.925558313,504,1.0,0,0.683673469,0.3,1,3,14.34375,1,0.9688
1,1,0,3,1,0,2,1,1,2.0,1,0.0,0,0.0,1.0,0,0,0.0,1,1.0
5,1,0,1,11,0,0,1,5,0.0,41,1.0,0,0.0,0.36,0,0,7.0,1,0.8
2,1,0,4,2,1,2,2,2,2.0,2,0.0,0,0.0,0.625,0,0,0.0,1,1.0
3,2,0,1,5,3,0,1,3,2.0,12,0.0,0,0.954545455,0.555555556,1,12,3.0,1,0.6667
20,1,0,4,53,70,1,3,16,0.795321637,451,0.888888889,0,0.0,0.214285714,0,0,21.1,3,1.25
12,3,0,8,30,64,1,7,11,1.0,93,1.0,0,0.920454545,0.606060606,1,2,6.583333333,1,0.5833
2,2,0,3,8,1,2,1,1,2.0,40,0.0,0,0.941176471,1.0,0,0,19.0,1,0.5
6,5,2,8,21,15,2,6,5,2.0,83,0.0,0,0.955357143,0.416666667,1,1,12.83333333,3,1.1667
4,1,0,6,4,6,4,2,4,2.0,4,0.0,0,0.0,0.5,0,0,0.0,1,1.0
1,1,0,1,2,0,1,0,0,2.0,27,0.0,0,0.0,0.0,0,0,10.0,0,0.0
3,2,0,11,10,3,4,7,2,2.0,81,0.0,0,0.9,0.533333333,1,1,26.0,1,0.6667
13,2,0,13,25,46,3,11,3,0.833333333,364,0.0,5,0.352941176,0.196969697,0,0,26.30769231,14,2.4615
9,1,0,9,27,36,4,6,9,2.0,204,0.0,0,0.0,0.25,0,0,21.66666667,1,0.8889
10,2,0,13,39,43,2,11,7,0.777777778,276,1.0,0,0.466666667,0.24691358,0,0,26.5,5,1.5
4,2,0,4,9,0,1,3,0,0.444444444,80,1.0,0,0.7,0.357142857,1,2,18.25,5,1.75
3,1,0,0,9,1,0,0,2,0.5,44,1.0,0,0.0,0.5,0,0,12.66666667,2,0.6667
13,1,0,9,51,24,7,3,12,0.65,297,1.0,0,0.0,0.346153846,0,0,21.46153846,4,1.8462
5,3,0,4,12,10,1,3,5,1.25,42,0.0,0,0.842105263,0.36,2,2,7.2,1,0.6
5,3,0,1,16,8,0,1,3,1.246296296,2125,0.0,0,0.926829268,0.333333333,0,0,397.0,2,0.8
2,1,0,6,2,1,6,0,2,2.0,2,0.0,0,0.0,1.0,0,0,0.0,1,1.0
8,1,0,7,51,14,3,4,4,0.80952381,419,0.333333333,1,0.0,0.619047619,0,0,50.25,6,1.375
6,2,0,15,35,13,0,15,3,0.866666667,173,0.333333333,0,0.6,0.4,1,2,27.33333333,8,2.0
13,1,0,15,65,30,5,13,7,0.796875,1525,0.9375,4,0.0,0.215384615,0,0,115.0769231,42,8.8462
107,1,1,2,117,5671,1,1,107,2.0,648,0.0,0,0.0,0.191069574,0,0,5.056074766,1,0.9907
16,2,0,4,24,120,2,2,14,2.0,229,0.0,0,0.821428571,0.3046875,1,7,13.3125,1,0.9375
9,3,0,21,45,6,1,20,8,0.375,217,0.0,1,0.960784314,0.238095238,2,6,23.0,2,1.0
5,1,0,5,18,4,2,3,5,0.25,82,1.0,1,0.0,0.533333333,0,0,15.2,1,0.6
4,1,0,1,5,0,1,0,0,0.0,28,1.0,0,0.0,0.625,0,0,5.75,2,1.0
2,4,0,5,4,0,3,2,2,0.0,14,1.0,1,0.944444444,0.75,0,0,5.5,1,0.5
9,2,0,4,17,36,1,3,7,1.125,72,0.0,0,0.647058824,0.555555556,1,6,6.888888889,2,0.7778
3,4,0,6,5,3,3,3,3,2.0,12,0.0,0,0.987096774,0.666666667,1,2,3.0,1,0.6667
8,1,0,4,19,2,1,3,6,0.178571429,116,1.0,2,0.0,0.34375,0,0,13.0,2,1.0
5,4,0,1,9,10,1,0,3,0.75,81,0.0,0,0.924528302,0.44,2,2,15.0,5,2.0
5,1,0,1,11,0,0,1,5,0.0,41,1.0,0,0.0,0.36,0,0,7.0,1,0.8
6,0,0,20,55,7,2,18,3,0.6,323,0.5,0,0.0,0.457142857,0,0,52.5,4,1.6667
11,3,15,22,20,0,15,7,10,0.3,113,0.0,1,0.791666667,0.345454545,2,4,9.181818182,6,1.5455
12,1,0,10,12,66,7,3,12,2.0,12,0.0,0,0.0,0.285714286,0,0,0.0,1,1.0
2,5,0,5,7,1,0,5,2,2.0,36,0.0,0,0.982142857,0.75,2,7,16.5,1,0.5
17,2,0,9,64,76,7,2,9,0.879166667,713,0.6,2,0.708333333,0.339285714,1,3,40.05882353,9,1.4118
11,2,0,4,22,43,0,4,9,0.85,117,0.5,0,0.578947368,0.522727273,1,6,9.454545455,2,0.8182
6,1,48,49,56,15,49,46,6,1.2,923,1.0,0,0.0,0.666666667,0,0,152.5,1,0.8333
11,2,0,5,21,43,2,3,9,0.85,116,0.5,0,0.578947368,0.418181818,1,6,9.363636364,2,1.0
1,1,0,4,1,0,4,1,1,2.0,1,0.0,0,0.0,1.0,0,0,0.0,1,1.0
5,3,0,1,16,8,0,1,3,1.243589744,1171,0.0,0,0.926829268,0.333333333,0,0,217.6,2,0.8
25,1,0,57,66,190,18,39,17,0.901515152,1159,0.409090909,14,0.0,0.136111111,0,0,44.48,3,1.08
6,1,0,4,30,9,0,4,2,0.666666667,144,0.0,1,0.0,0.333333333,0,0,22.5,2,1.0
18,1,0,21,36,153,5,17,17,2.0,154,0.0,0,0.0,0.166666667,0,0,7.555555556,3,1.0556
15,1,0,11,65,75,0,11,11,0.693877551,443,1.0,0,0.0,0.295238095,0,0,28.06666667,5,1.6
7,2,0,3,8,21,0,3,7,1.0,26,1.0,0,0.583333333,0.314285714,1,2,2.571428571,1,0.7143
6,1,0,0,13,15,0,0,6,2.0,53,0.0,0,0.0,0.25,0,0,7.833333333,2,1.1667
2,1,0,2,5,1,1,1,1,2.0,22,0.0,0,0.0,0.5,0,0,7.0,3,1.5
12,2,0,5,24,46,1,4,10,0.981818182,144,0.2,0,0.55,0.5,1,6,10.58333333,2,0.8333
16,3,0,4,28,120,1,3,16,1.066666667,104,0.0,0,0.625,0.53125,0,0,5.4375,1,0.9375
2,1,0,1,7,1,1,0,2,2.0,37,0.0,0,0.0,0.5,0,0,17.5,3,1.5
16,2,0,14,111,24,8,9,8,0.818181818,1304,0.636363636,1,0.831168831,0.373333333,1,7,79.8125,14,2.6875
13,1,15,54,39,72,51,7,12,0.833333333,249,1.0,0,0.0,0.230769231,0,0,18.07692308,9,1.8462
2,4,0,3,6,0,3,0,2,0.0,20,1.0,0,0.944444444,0.75,0,0,8.5,1,0.5
11,1,0,7,17,9,4,3,11,0.25,85,1.0,0,0.0,0.522727273,0,0,6.545454545,1,0.6364
22,1,1,8,49,41,6,2,9,0.843537415,596,0.857142857,1,0.0,0.227272727,0,0,25.77272727,11,2.4545
2,5,0,2,7,0,1,1,2,0.0,25,1.0,0,0.944444444,0.666666667,0,0,11.0,1,0.5
5,3,0,4,8,10,1,4,4,1.0,35,1.0,0,0.945454545,0.44,0,0,5.8,1,0.6
9,1,0,9,36,26,7,3,8,0.75,166,0.666666667,0,0.0,0.25,0,0,17.11111111,4,1.1111
11,1,0,2,24,53,1,2,6,1.033333333,241,1.0,0,0.0,0.157142857,0,0,20.63636364,4,1.6364
2,3,0,3,4,0,1,3,2,0.0,16,1.0,0,0.985915493,0.666666667,1,1,6.5,1,0.5
17,1,0,3,39,62,2,1,16,0.7578125,276,1.0,1,0.0,0.441176471,0,0,14.76470588,4,1.4706
5,2,0,9,8,10,0,9,5,2.0,22,0.0,0,0.692307692,0.44,0,0,3.4,1,0.8
5,3,0,9,17,8,1,8,5,0.5,92,1.0,0,0.904761905,0.4,1,6,17.2,8,2.4
4,1,0,3,22,6,2,2,2,2.0,105,0.0,0,0.0,0.666666667,0,0,25.25,4,2.0
17,2,0,5,27,112,2,3,15,0.8125,208,0.8,0,0.44,0.470588235,1,6,10.94117647,2,0.8824
26,3,0,12,85,217,7,7,19,0.777142857,811,0.785714286,1,0.555555556,0.21978022,2,3,29.65384615,7,1.9615
1,1,0,0,2,0,0,0,1,2.0,51,0.0,0,0.0,1.0,0,0,3.0,0,0.0
3,5,0,6,10,3,1,5,1,2.0,30,0.0,0,0.990697674,0.583333333,1,2,9.0,1,0.6667
9,6,0,10,24,36,4,7,8,2.0,104,0.0,0,0.888888889,0.407407407,3,8,10.55555556,2,1.6667
1,1,0,1,1,0,1,0,1,2.0,1,0.0,0,0.0,1.0,0,0,0.0,1,1.0
16,4,0,17,29,72,7,14,16,0.813333333,150,0.8,0,0.682926829,0.21875,1,1,8.0625,1,0.8125
18,4,0,12,82,83,1,12,11,0.960151803,1238,1.0,1,0.821052632,0.181818182,2,2,66.05555556,8,1.8333
3,1,0,3,18,0,2,1,3,0.25,204,1.0,0,0.0,0.666666667,0,0,65.66666667,2,1.0
10,2,0,6,19,39,2,4,8,0.925925926,92,0.333333333,0,0.578947368,0.32,1,4,7.9,2,0.9
4,4,0,12,13,6,0,12,4,2.0,59,0.0,0,0.96969697,0.4375,2,4,13.75,3,1.25
7,3,0,11,31,9,0,11,5,0.5,285,1.0,0,0.571428571,0.428571429,0,0,39.42857143,1,0.8571
8,1,0,5,15,0,4,2,6,0.428571429,139,1.0,1,0.0,0.395833333,0,0,16.0,5,1.375
5,1,19,128,8,4,128,1,5,0.25,37,1.0,1,0.0,0.45,0,0,6.2,3,1.2
6,4,0,18,21,15,7,11,6,1.0,85,0.0,0,0.981900452,0.375,3,8,13.0,1,0.6667
2,2,0,9,14,1,1,9,0,2.0,109,0.0,0,0.909090909,0.583333333,1,1,53.5,6,3.0
11,1,0,8,75,53,7,1,9,0.825,968,0.5,0,0.0,0.183333333,0,0,86.27272727,17,3.1818
3,2,2,5,4,3,4,1,3,2.0,10,0.0,0,0.942857143,1.0,0,0,2.333333333,1,0.6667
14,2,0,9,17,85,3,8,14,0.769230769,83,1.0,3,0.717391304,0.303571429,1,20,4.714285714,1,0.9286
22,3,0,15,42,211,12,6,18,0.896825397,187,1.0,2,0.3,0.227272727,0,0,7.227272727,2,1.0909
6,4,0,15,18,15,4,15,5,2.0,69,0.0,0,0.861111111,0.366666667,0,0,10.5,1,0.8333
8,1,0,1,13,4,1,0,7,0.571428571,424,1.0,0,0.0,0.5,0,0,51.75,1,0.75
8,1,0,1,8,28,0,1,8,2.0,8,0.0,0,0.0,0.28125,0,0,0.0,1,1.0
12,6,0,7,39,28,3,6,1,0.397727273,573,1.0,2,0.983655275,0.5,1,3,45.41666667,2,1.1667
2,3,0,3,4,1,0,3,2,2.0,11,0.0,0,1.0,0.833333333,0,0,4.5,0,0.0
8,3,0,12,28,6,3,10,5,0.571428571,111,1.0,1,0.807692308,0.333333333,0,0,12.625,4,1.25
5,1,0,4,21,6,4,0,3,0.958333333,135,1.0,1,0.0,0.5,0,0,24.8,2,0.8
9,2,0,9,23,36,9,9,0,2.0,82,0.0,0,0.529411765,0.444444444,0,0,8.111111111,1,0.8889
11,1,0,5,59,25,1,4,2,1.075609756,1312,0.975609756,0,0.0,0.271428571,0,0,114.5454545,10,4.1818
7,3,0,18,28,0,0,18,7,0.0,143,1.0,1,0.934210526,0.285714286,2,7,19.28571429,2,1.1429
5,3,0,4,8,10,1,4,4,1.0,35,1.0,0,0.947368421,0.44,0,0,5.8,1,0.6
2,1,0,2,4,1,2,0,2,2.0,55,0.0,0,0.0,0.5,0,0,26.5,5,2.5
21,1,0,17,67,4,10,11,19,0.764285714,492,0.857142857,2,0.0,0.19375,0,0,22.0952381,6,1.7143
6,3,1,4,18,3,2,3,4,0.8,165,0.666666667,0,0.947368421,0.611111111,3,3,26.0,3,1.3333
24,2,0,6,41,38,1,5,22,0.75,429,0.875,4,0.34375,0.35,1,6,16.54166667,2,0.9167
1,3,0,1,2,0,0,1,1,2.0,4,0.0,0,1.0,1.0,0,0,3.0,0,0.0
6,2,0,5,28,3,1,5,4,0.771428571,230,1.0,0,0.722222222,0.722222222,1,3,36.16666667,7,3.0
11,2,1,15,51,25,2,13,11,0.6,305,1.0,0,0.64,0.227272727,1,5,26.63636364,2,0.9091
14,2,0,4,25,31,1,4,14,0.634615385,140,1.0,0,0.885714286,0.3,1,4,8.714285714,1,0.8571
5,1,0,6,5,10,6,0,5,2.0,5,0.0,0,0.0,0.333333333,0,0,0.0,1,1.0
4,3,0,3,22,0,1,3,2,0.333333333,86,1.0,0,0.884615385,0.4375,2,3,20.25,3,1.25
1,1,0,4,1,0,4,0,1,2.0,1,0.0,0,0.0,1.0,0,0,0.0,1,1.0
3,3,0,3,10,1,1,2,3,0.5,63,1.0,0,0.75,0.666666667,0,0,19.0,1,0.3333
20,4,0,6,42,190,2,6,19,1.0,284,0.0,1,0.831858407,0.275,0,0,13.15,4,2.0
1,1,0,2,1,0,2,0,1,2.0,1,0.0,0,0.0,1.0,0,0,0.0,1,1.0
23,1,0,32,57,147,28,6,19,0.805194805,441,1.0,1,0.0,0.313043478,0,0,17.86956522,8,1.8696
3,5,0,6,6,3,2,5,3,2.0,18,0.0,0,0.989690722,0.5,0,0,5.0,1,0.3333
6,1,0,10,21,3,2,8,5,1.0,232,1.0,0,0.0,0.6,0,0,37.0,10,4.5
35,2,0,5,55,217,0,5,33,0.923273657,642,0.565217391,6,0.255813953,0.280952381,1,6,16.68571429,2,0.9429
20,2,2,17,46,58,9,8,15,0.649122807,413,0.666666667,2,0.545454545,0.2375,1,3,19.2,7,1.65
3,1,0,4,9,3,1,3,3,2.0,21,0.0,0,0.0,0.533333333,0,0,6.0,1,0.6667
20,2,0,2,48,188,0,2,19,0.947368421,312,1.0,0,0.1,0.25,0,0,14.25,10,2.15
23,1,3,34,28,247,24,13,22,0.909090909,131,1.0,1,0.0,0.273913043,0,0,4.652173913,1,0.9565
1,1,0,11,1,0,10,2,1,2.0,1,0.0,0,0.0,1.0,0,0,0.0,1,1.0
13,3,0,6,30,0,1,6,11,0.416666667,176,1.0,1,0.571428571,0.192307692,2,2,12.38461538,6,1.3077
111,1,0,13,150,5301,0,13,97,0.944318182,1851,0.708333333,8,0.0,0.119886364,0,0,15.45945946,10,1.5315
9,1,0,3,24,0,2,2,0,0.892857143,353,0.0,1,0.0,0.62962963,0,0,37.44444444,3,1.4444
55,1,0,31,123,1255,17,15,41,0.87037037,1167,1.0,6,0.0,0.108932462,0,0,19.94545455,9,1.7091
3,2,0,2,4,1,1,1,3,0.5,15,1.0,0,0.666666667,0.666666667,0,0,3.666666667,1,0.6667
1,6,0,1,2,0,0,1,1,2.0,6,0.0,0,1.0,1.0,0,0,5.0,0,0.0
6,1,0,17,45,5,1,17,6,0.55,247,0.0,2,0.0,0.375,0,0,39.5,10,2.6667
3,2,0,4,23,3,1,3,0,1.0,95,0.0,1,0.933333333,1.0,2,2,30.33333333,3,1.0
3,1,0,9,18,0,2,7,2,0.5,61,1.0,0,0.0,0.666666667,0,0,18.66666667,1,0.3333
35,3,0,14,77,323,8,7,35,0.205882353,571,1.0,0,0.859649123,0.234920635,0,0,15.28571429,16,2.0286
1,5,0,1,2,0,1,0,1,2.0,6,0.0,0,1.0,1.0,0,0,5.0,0,0.0
4,3,0,2,9,0,2,0,4,0.333333333,40,1.0,0,0.944444444,0.5,1,1,8.75,2,0.5
3,3,0,7,7,3,2,5,3,1.5,26,0.0,0,0.953488372,0.555555556,1,1,7.333333333,1,0.6667
3,2,0,3,5,3,1,2,0,2.0,18,0.0,0,0.5,0.555555556,0,0,5.0,2,1.0
8,1,0,33,105,28,5,28,7,2.0,455,0.0,0,0.0,0.2,0,0,55.875,6,2.875
11,4,0,18,26,33,14,5,11,0.45,141,0.0,0,0.764705882,0.363636364,1,2,11.63636364,2,1.0
17,1,0,61,64,78,46,15,17,0.96875,462,0.2,1,0.0,0.219607843,0,0,25.58823529,2,0.9412
3,4,0,2,6,3,0,2,3,2.0,17,0.0,0,0.979166667,0.5,0,0,4.666666667,1,0.6667
8,1,0,12,29,0,7,5,8,0.0,126,1.0,1,0.0,0.416666667,0,0,14.625,1,0.875
93,1,2,5,94,4278,2,3,87,1.010869565,388,1.0,0,0.0,0.09916368,0,0,3.161290323,1,0.9892
8,2,1,8,23,8,2,6,5,0.285714286,82,1.0,0,0.65,0.375,1,1,9.125,1,0.875
20,1,0,2,34,158,1,1,18,0.75,262,0.0,1,0.0,0.175,0,0,11.9,4,1.1
5,1,0,10,5,10,10,0,5,2.0,5,0.0,0,0.0,0.533333333,0,0,0.0,1,1.0
1,1,0,3,1,0,2,1,1,2.0,1,0.0,0,0.0,1.0,0,0,0.0,1,1.0
2,2,0,3,5,1,0,3,2,2.0,12,0.0,0,0.9,1.0,0,0,5.0,1,0.5
3,1,0,11,4,0,11,0,3,0.5,20,1.0,0,0.0,0.555555556,0,0,5.0,1,0.6667
9,2,0,5,16,36,1,4,7,1.125,71,0.0,0,0.611111111,0.311111111,1,4,6.777777778,2,0.8889
4,1,6,8,12,6,6,2,3,2.0,37,0.0,0,0.0,0.5625,0,0,8.25,2,1.0
5,1,0,8,5,10,8,1,5,2.0,5,0.0,0,0.0,0.6,0,0,0.0,1,1.0
16,2,1,22,53,0,2,21,14,0.466666667,577,1.0,1,0.594594595,0.23125,1,5,34.875,6,1.25
7,2,0,9,8,15,3,8,7,0.666666667,44,1.0,3,0.846153846,0.357142857,1,20,4.857142857,1,0.8571
7,2,0,3,10,9,2,2,7,0.944444444,69,0.666666667,0,0.583333333,0.428571429,1,2,8.428571429,2,1.0
32,3,0,38,97,320,3,37,20,0.85483871,834,1.0,1,0.546875,0.175953079,2,3,24.6875,7,1.7813
35,1,0,186,43,595,184,2,32,2.0,379,0.0,0,0.0,0.2,0,0,9.828571429,2,1.2
2,5,0,2,6,0,1,1,2,1.0,21,1.0,0,0.944444444,0.75,0,0,8.5,1,0.5
4,2,0,3,8,0,1,2,3,0.333333333,62,1.0,1,0.5,0.583333333,0,0,14.0,4,1.5
11,2,0,8,20,35,4,4,9,0.8,112,0.5,0,0.55,0.257575758,1,4,9.0,2,1.0909
1,1,0,3,1,0,3,0,0,2.0,87,0.0,0,0.0,0.0,0,0,68.0,0,0.0
14,2,0,7,35,37,4,4,11,0.760683761,429,0.888888889,1,0.824324324,0.224489796,0,0,29.0,5,1.5
2,2,0,4,3,1,3,1,1,1.0,10,0.0,0,0.944444444,0.75,0,0,3.5,1,0.5
23,1,0,22,40,247,11,21,23,0.924242424,118,1.0,3,0.0,0.178743961,0,0,4.0,1,0.9565
6,1,0,13,6,15,11,3,6,2.0,6,0.0,0,0.0,1.0,0,0,0.0,1,1.0
15,3,0,24,60,87,3,23,0,0.964285714,1645,1.0,1,0.535714286,0.344155844,2,4,108.5333333,12,2.0667
3,1,0,5,3,3,4,1,3,2.0,3,0.0,0,0.0,0.777777778,0,0,0.0,1,1.0
4,3,0,4,18,2,0,4,2,0.777777778,78,0.333333333,1,0.777777778,0.416666667,1,2,17.75,1,0.5
6,1,0,4,6,15,3,1,6,2.0,6,0.0,0,0.0,0.555555556,0,0,0.0,1,1.0
8,3,0,5,23,26,0,5,2,1.142857143,265,1.0,0,0.963157895,0.296875,0,0,32.0,8,3.0
5,4,0,3,8,10,0,3,5,2.0,28,0.0,0,0.953488372,0.6,1,4,4.6,1,0.8
1,1,0,4,1,0,3,1,1,2.0,1,0.0,0,0.0,1.0,0,0,0.0,1,1.0
12,2,0,10,35,24,0,10,11,0.994134897,531,0.064516129,2,0.666666667,0.366666667,2,4,40.66666667,23,5.0833
5,6,0,14,26,10,1,14,4,2.0,77,0.0,0,0.933333333,0.366666667,0,0,14.4,1,0.6
3,2,2,5,4,3,4,1,3,2.0,10,0.0,0,0.942857143,1.0,0,0,2.333333333,1,0.6667
9,1,0,3,34,34,0,3,2,0.875,167,0.0,1,0.0,0.175,0,0,17.33333333,3,1.4444
26,1,1,9,47,0,4,5,24,0.08,236,1.0,1,0.0,0.258241758,0,0,8.038461538,2,1.0
4,4,0,4,8,6,3,1,4,2.0,20,0.0,0,1.0,0.666666667,0,0,4.0,0,0.0
2,1,0,4,2,1,3,2,2,2.0,2,0.0,0,0.0,1.0,0,0,0.0,1,1.0
11,2,0,5,21,49,2,3,9,0.85,106,0.5,0,0.578947368,0.522727273,1,6,8.454545455,2,0.8182
2,5,0,7,6,1,0,7,2,2.0,21,0.0,0,0.98245614,0.75,1,6,9.5,1,0.5
2,4,0,7,6,1,0,7,2,2.0,13,0.0,0,0.989690722,0.625,2,4,5.5,1,0.5
9,0,0,24,57,28,1,23,7,0.75,262,1.0,0,0.0,0.611111111,0,0,27.88888889,2,1.1111
2,3,0,8,11,0,1,8,2,0.0,37,1.0,1,0.954545455,0.666666667,0,0,17.0,1,0.5
10,2,0,9,31,23,3,7,3,0.777777778,182,1.0,0,0.55,0.242857143,1,5,17.1,3,1.5
56,2,2,20,207,778,4,17,37,0.856643357,4705,0.961538462,6,0.704918033,0.183471074,2,14,82.55357143,14,1.7679
7,1,0,2,10,13,0,2,2,0.861111111,99,0.75,2,0.0,0.571428571,0,0,11.42857143,1,0.8571
23,1,0,12,66,99,3,9,2,0.847593583,1164,0.470588235,4,0.0,0.231404959,0,0,48.86956522,2,0.8696
13,3,0,41,36,22,37,5,12,0.416666667,307,0.0,0,0.865853659,0.182692308,2,22,22.53846154,11,2.3077
3,3,0,8,10,3,6,2,1,2.0,27,0.0,0,0.971428571,0.666666667,1,1,8.0,1,0.3333
6,1,0,13,45,11,5,10,5,0.8,545,0.5,0,0.0,0.277777778,0,0,89.5,20,5.8333
4,1,2,6,5,0,5,1,4,0.666666667,25,1.0,1,0.0,0.625,0,0,4.75,2,1.0
15,4,0,3,38,105,1,2,15,2.0,195,0.0,0,0.87037037,0.32,1,1,12.0,6,1.7333
21,1,0,272,21,210,270,4,21,2.0,21,0.0,0,0.0,0.196428571,0,0,0.0,1,1.0
7,3,0,13,30,0,0,13,7,0.0,106,1.0,1,0.922077922,0.285714286,2,8,14.0,1,0.8571
3,4,0,16,17,0,0,16,3,0.0,108,1.0,2,0.979591837,0.444444444,3,13,34.33333333,1,0.6667
21,2,0,21,114,122,3,19,9,0.9,1472,1.0,6,0.472222222,0.238888889,1,2,68.0952381,8,1.7619
11,3,0,8,30,37,1,8,10,0.525,212,1.0,1,0.907407407,0.272727273,1,14,17.90909091,6,1.6364
11,1,0,18,24,11,17,1,9,0.977777778,170,1.0,0,0.0,0.1,0,0,13.63636364,3,1.7273
4,3,0,3,22,0,1,3,2,0.333333333,86,1.0,0,0.921052632,0.4375,2,3,20.25,3,1.25
2,5,0,5,7,1,0,5,2,2.0,37,0.0,0,0.98245614,0.75,1,6,17.0,1,0.5
25,1,0,4,29,0,4,0,24,0.388888889,629,1.0,0,0.0,0.36,1,1,24.04,9,2.6
2,3,0,6,7,0,1,6,2,0.0,24,1.0,1,0.958333333,0.6,0,0,10.5,1,0.5
14,3,0,10,41,27,1,9,14,0.666666667,290,1.0,2,0.937799043,0.25,3,4,19.5,2,1.0714
22,4,0,7,36,161,0,7,22,0.895238095,243,1.0,0,0.743902439,0.363636364,2,2,9.590909091,1,0.9545
18,2,1,7,79,109,2,5,11,0.588235294,1196,0.5,0,0.823529412,0.18627451,1,8,65.33333333,37,7.1111
2,1,0,7,6,0,1,6,2,0.0,27,1.0,0,0.0,0.666666667,0,0,11.5,1,0.5
9,1,7,11,17,24,7,4,5,0.375,125,1.0,2,0.0,0.444444444,0,0,12.66666667,2,1.0
16,1,0,0,16,120,0,0,16,2.0,16,0.0,0,0.0,0.6875,0,0,0.0,1,1.0
19,3,0,4,30,171,1,3,19,2.0,126,0.0,0,0.581395349,0.526315789,0,0,5.631578947,1,0.9474
6,2,0,4,14,0,2,2,2,0.2,154,1.0,2,0.615384615,0.416666667,1,2,24.33333333,7,2.8333
2,1,0,8,2,1,7,1,2,2.0,7,0.0,0,0.0,0.625,0,0,0.0,1,1.0
15,1,0,8,36,35,2,6,15,0.666666667,214,1.0,3,0.0,0.25,1,1,12.86666667,3,1.0667
1,1,0,9,1,0,4,5,1,2.0,1,0.0,0,0.0,1.0,0,0,0.0,1,1.0
1,1,0,3,1,0,3,1,1,2.0,1,0.0,0,0.0,1.0,0,0,0.0,1,1.0
2,1,0,5,5,1,1,4,1,2.0,23,0.0,0,0.0,0.5,0,0,10.5,3,1.5
5,4,0,19,19,10,0,19,5,2.0,85,0.0,0,0.96,0.333333333,3,12,16.0,2,1.2
15,1,0,6,59,105,6,1,13,2.0,519,0.0,0,0.0,0.28,0,0,33.6,5,1.5333
3,1,3,4,4,1,3,1,2,0.0,16,1.0,0,0.0,0.666666667,0,0,4.0,1,0.6667
3,4,0,3,9,3,0,3,3,2.0,33,0.0,0,0.972222222,0.555555556,0,0,10.0,4,1.3333
13,1,0,10,35,58,7,3,13,0.666666667,260,0.0,0,0.0,0.307692308,0,0,18.92307692,11,2.0
49,1,9,16,88,866,15,11,2,0.996975806,2101,0.35483871,20,0.0,0.1875,0,0,40.6122449,27,2.551
87,2,29,95,125,3307,84,17,77,0.925249169,1274,0.785714286,3,0.558974359,0.09127789,1,12,13.48275862,7,1.4483
3,2,0,4,9,1,1,3,0,0.5,106,1.0,0,0.777777778,0.444444444,1,2,34.0,11,4.0
28,1,0,8,44,300,3,7,27,0.910493827,248,1.0,0,0.0,0.136363636,0,0,7.428571429,4,1.1429
7,1,0,28,7,21,26,2,7,2.0,7,0.0,0,0.0,1.0,0,0,0.0,1,1.0
2,2,0,7,6,1,1,6,1,2.0,28,0.0,0,0.944444444,0.625,1,1,13.0,1,0.5
3,1,0,3,21,1,1,2,1,0.5,88,1.0,0,0.0,0.5,0,0,28.0,5,1.6667
2,1,0,8,13,1,0,8,1,2.0,152,0.0,0,0.0,0.5,0,0,75.0,17,8.5
21,1,1,29,50,156,22,8,18,0.85,601,1.0,1,0.0,0.244897959,0,0,27.23809524,11,2.4286
32,1,3,19,65,290,13,6,18,0.962648557,732,1.0,16,0.0,0.17578125,0,0,20.6875,3,1.1563
4,1,0,2,7,0,1,1,3,0.0,59,1.0,0,0.0,0.666666667,0,0,13.25,3,1.75
4,1,0,4,16,0,1,3,3,0.5,242,1.0,0,0.0,0.4375,0,0,58.5,6,3.0
3,1,0,5,5,0,1,4,3,0.0,24,1.0,0,0.0,1.0,0,0,6.666666667,1,0.6667
3,3,0,1,4,3,0,1,3,2.0,10,0.0,0,0.98989899,1.0,2,4,2.333333333,1,0.6667
1,3,0,2,2,0,1,1,1,2.0,5,0.0,0,1.0,1.0,0,0,4.0,0,0.0
4,3,0,11,14,0,0,11,4,0.333333333,44,1.0,0,0.959459459,0.4,2,7,9.75,1,0.75
21,3,0,12,62,134,7,6,15,0.6,630,1.0,0,0.6,0.272108844,1,1,28.80952381,9,3.0
23,4,0,5,41,253,0,5,23,0.954545455,183,1.0,1,0.810344828,0.246376812,1,1,6.913043478,3,1.2174
16,4,0,17,29,72,7,14,16,0.813333333,150,0.8,0,0.69047619,0.21875,1,1,8.0625,1,0.8125
6,2,0,4,15,7,0,4,4,0.3,71,1.0,0,0.764705882,0.375,1,1,10.5,2,1.0
5,3,0,11,6,2,11,0,5,0.75,36,1.0,0,0.80952381,0.466666667,1,1,5.4,1,0.8
1,1,0,0,1,0,0,0,1,2.0,1,0.0,0,0.0,1.0,0,0,0.0,1,1.0
5,4,0,9,21,8,0,9,3,0.5,91,1.0,1,0.902439024,0.44,2,5,17.0,1,0.8
63,3,1,30,147,1929,6,28,57,0.788306452,692,1.0,4,0.372340426,0.084485407,2,4,9.857142857,5,1.0476
2,3,0,6,7,1,2,4,2,2.0,18,0.0,0,0.9375,0.625,0,0,8.0,1,0.5
90,6,0,234,339,3509,207,55,65,0.969731713,3081,0.551020408,12,0.878746594,0.069082126,3,13,32.68888889,10,2.7667
8,4,0,6,26,20,2,4,2,0.714285714,1028,1.0,0,0.932432432,0.317460317,1,10,127.25,9,2.625
4,1,0,3,7,2,1,2,4,0.666666667,34,1.0,0,0.0,0.75,0,0,7.0,1,0.75
21,1,0,1,31,208,0,1,20,0.0,215,1.0,0,0.0,0.40952381,0,0,9.142857143,5,1.1905
7,1,0,6,52,1,0,6,4,0.714285714,341,0.285714286,0,0.0,0.2,0,0,46.71428571,11,3.5714
4,2,0,4,8,4,0,4,3,0.666666667,27,1.0,0,0.6,0.666666667,0,0,5.5,1,0.5
2,2,0,3,4,1,0,3,2,2.0,10,0.0,0,0.666666667,0.666666667,0,0,4.0,1,0.5
14,3,0,7,32,0,1,7,12,0.423076923,224,1.0,2,0.566666667,0.214285714,2,2,14.85714286,6,1.2857
8,2,0,5,32,20,0,5,4,0.5,222,1.0,0,0.416666667,0.4,0,0,26.5,5,2.0
2,1,2,6,4,1,4,2,2,1.0,11,1.0,1,0.0,0.666666667,0,0,4.0,1,0.5
5,2,1,10,13,4,8,3,4,0.928571429,61,0.142857143,0,0.5,0.5,1,1,9.8,1,0.6
33,4,0,16,65,490,4,13,29,0.87890625,352,1.0,3,0.863849765,0.128205128,2,3,9.424242424,4,1.0606
38,1,0,0,38,703,0,0,38,2.0,38,0.0,0,0.0,0.355263158,0,0,0.0,1,1.0
3,2,0,2,12,0,2,0,1,0.5,79,1.0,0,0.944444444,0.75,0,0,24.66666667,1,0.3333
7,2,1,8,15,1,7,1,4,0.583333333,92,1.0,1,0.454545455,0.464285714,1,1,11.57142857,1,0.8571
110,1,1,2,133,5985,1,1,110,0.990825688,820,1.0,0,0.0,0.190909091,0,0,6.409090909,18,1.3364
2,3,2,11,8,1,8,5,1,2.0,44,0.0,0,0.986111111,0.5,0,0,21.0,3,1.5
1,1,0,5,1,0,4,1,1,2.0,1,0.0,0,0.0,1.0,0,0,0.0,1,1.0
8,1,0,1,20,26,1,0,3,1.047619048,169,1.0,0,0.0,0.2,0,0,19.75,2,1.25
2,1,0,3,3,1,1,2,2,2.0,7,0.0,0,0.0,0.75,0,0,2.5,1,0.5
1,5,0,1,2,0,0,1,1,2.0,4,0.0,0,1.0,1.0,0,0,3.0,0,0.0
5,3,2,4,17,8,4,0,4,1.1,148,0.4,0,0.951219512,0.357142857,1,3,27.6,7,1.6
1,1,0,5,1,0,4,1,1,2.0,1,0.0,0,0.0,1.0,0,0,0.0,1,1.0
3,3,0,2,8,3,1,1,3,1.5,60,0.0,0,1.0,0.555555556,0,0,15.0,0,0.0
4,1,0,1,12,0,1,0,4,0.333333333,52,1.0,0,0.0,0.5,0,0,11.5,1,0.75
25,3,0,7,57,232,2,5,18,0.901041667,807,1.0,1,0.676923077,0.217592593,2,6,30.96,18,2.24
3,2,0,11,14,1,2,10,2,0.875,134,0.0,2,0.9,0.555555556,1,3,42.33333333,1,0.6667
3,3,0,3,10,3,0,3,2,2.0,30,0.0,0,0.980769231,0.666666667,0,0,9.0,1,0.3333
3,1,0,9,15,1,1,8,2,0.5,50,1.0,0,0.0,0.5,0,0,15.33333333,3,1.0
10,2,0,9,27,15,0,9,4,0.333333333,382,1.0,0,0.842105263,0.3375,1,6,37.1,1,0.9
1,4,3,4,2,0,4,0,1,2.0,7,1.0,0,1.0,1.0,0,0,5.0,0,0.0
3,1,0,2,4,1,2,0,3,0.5,14,1.0,0,0.0,0.666666667,0,0,3.333333333,1,0.6667
7,3,0,27,64,1,1,27,3,0.555555556,357,1.0,2,0.76,0.314285714,0,0,49.57142857,3,1.1429
7,3,0,21,48,17,0,21,5,0.888888889,237,1.0,1,0.903225806,0.30952381,1,4,32.42857143,6,1.7143
1,1,0,0,1,0,0,0,1,2.0,17,0.0,0,0.0,1.0,0,0,0.0,1,1.0
1,1,1,8,2,0,4,4,1,2.0,28,0.0,4,0.0,1.0,0,0,21.0,0,0.0
4,3,0,6,14,0,4,2,4,0.0,52,1.0,0,0.88,0.4375,0,0,11.75,2,1.0
21,1,2,43,49,196,36,8,17,0.975,299,0.4,1,0.0,0.15,0,0,12.76190476,10,1.3333
6,8,0,10,22,15,1,10,4,2.0,128,0.0,0,0.994206257,0.333333333,1,7,20.33333333,5,2.1667
7,2,0,4,21,0,1,3,0,0.541666667,299,1.0,1,0.538461538,0.333333333,1,3,41.14285714,16,4.7143
67,1,0,95,67,2211,92,4,67,1.015151515,83,0.0,0,0.0,0.242537313,0,0,0.0,1,1.0
2,5,0,2,3,1,0,2,2,2.0,6,0.0,0,0.995833333,0.75,1,1,2.0,1,0.5
13,2,0,4,30,34,1,3,11,0.75,191,0.0,0,0.47826087,0.294871795,1,5,13.30769231,6,1.6923
1,5,0,4,2,0,3,1,1,2.0,5,0.0,0,1.0,1.0,0,0,4.0,0,0.0
2,0,0,5,10,1,1,4,2,2.0,58,0.0,0,0.0,0.75,0,0,28.0,1,0.5
6,1,0,6,38,13,2,4,5,0.2,180,1.0,0,0.0,0.666666667,0,0,28.83333333,1,0.6667
2,5,0,1,7,0,1,0,2,0.0,20,1.0,0,0.928571429,0.75,0,0,8.5,1,0.5
14,2,0,6,38,0,1,6,11,0.384615385,318,1.0,0,0.5,0.171428571,2,5,21.57142857,6,1.5714
3,1,0,4,3,3,2,2,3,2.0,3,0.0,0,0.0,0.666666667,0,0,0.0,1,1.0
3,3,0,2,11,3,1,1,3,2.0,25,0.0,0,0.8,0.666666667,2,2,7.333333333,1,0.6667
27,3,0,11,87,201,5,10,24,0.783653846,697,1.0,0,0.444444444,0.171328671,1,2,24.51851852,3,1.0741
6,1,0,9,17,9,1,8,4,0.685714286,188,1.0,2,0.0,0.5,0,0,29.16666667,1,0.5
16,7,0,8,91,82,3,8,3,0.777777778,780,1.0,1,0.977645306,0.21875,2,2,47.1875,13,2.125
6,1,0,14,21,0,12,2,5,0.88,286,0.2,0,0.0,0.466666667,0,0,45.0,6,3.0
4,1,0,11,5,0,11,0,4,0.666666667,28,1.0,0,0.0,0.5,0,0,5.25,1,0.75
11,1,0,7,17,9,4,3,11,0.25,85,1.0,0,0.0,0.522727273,0,0,6.545454545,1,0.6364
9,1,0,4,18,14,3,1,4,0.65625,88,1.0,0,0.0,0.518518519,0,0,8.333333333,1,0.8889
12,5,0,6,37,0,1,5,7,0.696969697,308,1.0,0,0.736842105,0.3,2,5,24.16666667,7,1.3333
1,2,0,14,2,0,13,1,1,2.0,4,0.0,0,1.0,1.0,0,0,3.0,0,0.0
2,1,0,2,2,1,1,1,2,2.0,2,0.0,0,0.0,0.75,0,0,0.0,1,1.0
1,1,0,0,2,0,0,0,1,2.0,8,0.0,0,0.0,1.0,0,0,3.0,0,0.0
1,1,0,8,1,0,7,1,1,2.0,1,0.0,0,0.0,1.0,0,0,0.0,1,1.0
3,5,0,7,14,0,4,3,2,0.25,92,1.0,1,0.953488372,0.555555556,1,1,29.0,8,3.0
6,3,0,37,56,0,1,36,5,0.55,586,1.0,4,0.923076923,0.361111111,2,5,96.0,5,1.6667
3,2,0,11,17,3,1,10,2,2.0,149,0.0,0,0.9,0.5,1,1,48.66666667,1,0.6667
2,4,1,2,4,1,1,1,1,2.0,9,0.0,0,0.923076923,0.666666667,1,1,3.5,1,0.5
4,4,0,4,14,0,0,4,4,0.5,108,0.5,0,0.944444444,0.75,3,3,25.5,1,0.75
9,1,3,10,25,22,9,5,6,0.583333333,121,1.0,0,0.0,0.208333333,0,0,12.11111111,3,1.3333
13,1,0,4,22,32,3,1,10,0.783333333,135,0.8,1,0.0,0.269230769,1,1,9.0,7,1.3846
1,1,0,8,1,0,7,1,1,2.0,1,0.0,0,0.0,1.0,0,0,0.0,1,1.0
6,2,0,7,20,9,1,7,3,0.0,136,1.0,0,0.545454545,0.433333333,1,2,21.5,5,1.5
7,1,0,6,8,0,6,0,7,0.0,89,1.0,0,0.0,0.428571429,1,1,11.57142857,4,1.0
3,4,0,6,6,3,3,5,0,2.0,22,0.0,0,0.992366412,0.571428571,1,2,6.333333333,1,0.3333
7,3,0,7,28,0,0,7,6,0.666666667,191,1.0,1,0.860465116,0.314285714,0,0,25.71428571,2,1.0
3,2,0,9,26,0,1,9,2,0.0,172,1.0,1,0.888888889,1.0,1,2,56.0,7,3.3333
2,1,0,12,2,1,12,0,2,2.0,3,0.0,0,0.0,1.0,0,0,0.0,1,1.0
4,2,0,10,22,4,0,10,3,0.666666667,174,1.0,0,0.6,0.666666667,0,0,42.0,15,4.0
4,3,2,17,5,6,11,6,4,2.0,7,0.0,0,0.959459459,0.4375,2,4,0.75,1,0.75
7,1,0,6,31,15,1,6,4,0.833333333,189,0.5,0,0.0,0.233333333,0,0,25.71428571,2,0.8571
1,1,0,7,1,0,7,0,1,2.0,1,0.0,0,0.0,1.0,0,0,0.0,1,1.0
2,1,0,1,13,1,1,0,2,2.0,103,0.0,0,0.0,0.5,0,0,49.5,10,5.0
9,4,0,9,61,14,0,9,7,0.770833333,586,1.0,1,0.906976744,0.333333333,4,4,63.44444444,8,2.1111
2,1,0,6,2,1,4,2,2,2.0,2,0.0,0,0.0,1.0,0,0,0.0,1,1.0
2,1,0,34,2,1,33,1,2,2.0,7,0.0,0,0.0,0.75,0,0,0.0,1,1.0
23,2,0,5,68,181,2,3,17,0.806818182,462,0.875,0,0.547619048,0.140909091,0,0,18.73913043,5,1.4783
11,1,1,2,20,53,2,1,0,0.9,90,1.0,0,0.0,0.4,0,0,7.090909091,2,0.9091
16,1,0,29,40,72,27,2,11,0.929166667,463,0.5625,1,0.0,0.177777778,0,0,26.9375,5,1.9375
47,1,0,7,81,829,5,3,45,0.939958592,700,0.857142857,0,0.0,0.183510638,0,0,13.44680851,9,1.4468
4,1,0,5,5,0,3,2,3,0.666666667,28,1.0,2,0.0,0.4375,0,0,5.25,1,0.75
25,1,0,48,72,200,41,16,18,0.871212121,375,0.909090909,3,0.0,0.113095238,0,0,13.56,8,1.56
8,1,0,1,8,28,0,1,8,2.0,8,0.0,0,0.0,0.28125,0,0,0.0,1,1.0
5,3,2,2,7,10,2,0,5,2.0,20,0.0,0,0.944444444,0.6,0,0,3.0,1,0.2
8,1,0,2,8,28,1,1,8,2.0,8,0.0,0,0.0,0.5,0,0,0.0,1,1.0
9,3,0,7,61,28,0,7,3,0.925,749,0.6,0,0.822222222,0.285714286,0,0,81.11111111,7,2.2222
17,7,0,5,76,98,3,4,4,0.875,629,1.0,0,0.97754491,0.1875,1,3,35.35294118,5,1.1765
6,1,0,4,33,0,1,3,6,0.4,195,1.0,1,0.0,0.5,0,0,30.83333333,2,1.1667
8,1,0,2,8,28,1,1,8,2.0,8,0.0,0,0.0,0.75,0,0,0.0,1,1.0
10,1,0,3,13,31,1,2,10,0.703703704,76,1.0,1,0.0,0.375,0,0,6.3,2,1.1
4,1,0,3,11,4,1,3,0,1.095238095,357,0.428571429,3,0.0,0.428571429,0,0,86.5,7,3.5
8,1,2,11,11,26,10,2,7,0.857142857,28,1.0,1,0.0,0.275,0,0,2.375,1,0.875
9,3,0,24,68,18,1,24,4,0.9375,442,0.333333333,0,0.75,0.35,0,0,47.44444444,8,1.7778
4,3,0,39,23,4,37,3,2,0.982905983,580,0.051282051,0,0.977777778,0.555555556,1,1,134.25,1,0.5
22,1,0,3,56,221,1,2,20,0.964285714,402,1.0,1,0.0,0.143939394,0,0,17.09090909,2,1.0
35,1,0,156,43,595,154,2,32,2.0,379,0.0,0,0.0,0.2,0,0,9.828571429,2,1.2
2,1,0,2,2,1,1,1,2,2.0,2,0.0,0,0.0,0.75,0,0,0.0,1,1.0
4,3,0,4,19,6,1,4,3,2.0,62,0.0,0,0.92,0.375,1,1,14.5,1,0.5
7,1,4,20,32,9,17,4,5,0.5,220,1.0,0,0.0,0.333333333,0,0,30.14285714,7,2.5714
18,1,0,13,18,153,10,3,18,1.058823529,20,0.0,0,0.0,0.342592593,0,0,0.0,1,1.0
2,1,0,2,3,1,1,1,1,2.0,7,0.0,0,0.857142857,0.75,0,0,2.5,1,0.5
4,1,1,2,19,0,1,1,2,0.0,101,1.0,0,0.0,0.5,0,0,23.75,1,0.75
3,2,0,3,5,3,2,1,3,2.0,12,0.0,0,0.956521739,0.666666667,1,2,3.0,1,0.3333
13,2,0,5,35,48,0,5,11,0.791666667,259,0.0,0,0.6,0.292307692,1,2,18.46153846,5,1.5385
12,2,24,36,28,48,26,11,7,0.727272727,139,1.0,1,0.565217391,0.277777778,1,1,10.33333333,2,0.9167
8,1,0,6,49,6,0,6,2,0.666666667,389,0.0,3,0.0,0.257142857,0,0,46.5,3,1.75
3,1,0,0,8,3,0,0,3,2.0,25,0.0,0,0.0,0.333333333,0,0,7.333333333,1,0.6667
7,2,0,4,21,3,2,4,7,0.666666667,108,1.0,0,0.5,0.428571429,1,1,13.71428571,2,1.0
2,4,0,3,5,1,0,3,2,2.0,12,0.0,0,0.977777778,0.75,0,0,5.0,1,0.5
43,1,0,9,101,815,4,7,35,0.833333333,792,0.8,1,0.0,0.261904762,0,0,17.18604651,1,0.8372
11,4,0,3,14,55,0,3,11,2.0,61,0.0,0,0.891304348,0.545454545,1,4,4.545454545,1,0.9091
6,4,0,8,16,15,2,6,6,2.0,39,0.0,0,0.98136646,0.375,2,3,5.5,1,0.5
4,1,0,2,7,0,1,1,3,0.222222222,62,1.0,0,0.0,0.666666667,0,0,13.75,3,1.75
5,2,2,5,17,2,4,1,2,0.625,95,0.333333333,0,0.938461538,0.466666667,1,1,16.8,3,1.4
1,5,3,7,2,0,6,1,0,2.0,4,0.0,0,1.0,1.0,0,0,3.0,0,0.0
0,1,0,0,0,0,0,0,0,2.0,0,0.0,0,0.0,0.0,0,0,0.0,0,0.0
2,3,0,4,4,1,1,3,2,2.0,14,0.0,0,0.976190476,0.75,1,1,5.5,1,0.5
16,5,0,13,95,18,1,13,9,0.8,1467,1.0,4,0.926470588,0.205357143,2,8,86.625,23,3.6875
2,1,0,0,17,1,0,0,2,2.0,103,0.0,0,0.0,0.5,0,0,50.0,10,5.0
4,1,0,5,15,2,3,2,1,0.555555556,226,1.0,0,0.0,0.333333333,0,0,54.75,6,1.75
2,3,0,7,4,1,7,0,2,2.0,9,0.0,0,1.0,0.75,0,0,3.5,0,0.0
4,1,0,6,16,0,5,1,3,1.095238095,222,1.0,0,0.0,0.333333333,0,0,52.75,60,20.0
3,2,0,10,21,3,0,10,3,2.0,107,0.0,0,0.75,0.555555556,0,0,34.66666667,11,4.0
12,1,0,3,24,0,1,3,11,0.303030303,222,1.0,1,0.0,0.316666667,0,0,17.0,2,1.0
6,1,0,12,6,15,12,0,6,1.2,18,0.0,0,0.0,0.533333333,0,0,0.0,1,1.0
11,2,0,6,21,49,3,3,9,0.85,106,0.5,0,0.578947368,0.522727273,1,6,8.454545455,2,0.8182
13,1,0,3,49,64,1,2,0,0.916666667,699,0.833333333,0,0.0,0.3125,0,0,52.30769231,16,2.4615
9,5,0,11,39,36,1,10,6,2.0,195,0.0,0,0.963800905,0.314814815,4,7,20.66666667,16,3.0
7,2,0,2,9,1,1,1,7,0.972222222,70,0.0,1,0.6,0.314285714,0,0,7.285714286,1,0.8571
2,3,0,4,5,1,1,3,2,2.0,21,0.0,0,0.75,0.75,0,0,9.5,1,0.5
3,1,0,5,6,1,2,3,3,0.0,31,1.0,1,0.0,0.5,0,0,9.0,1,0.6667
4,1,0,2,5,0,2,0,4,0.666666667,28,1.0,0,0.0,0.5,0,0,5.25,1,0.75
7,1,0,7,30,0,4,3,4,0.333333333,212,0.0,1,0.0,0.476190476,0,0,29.0,7,2.1429
3,4,0,22,22,3,0,22,3,2.0,131,0.0,0,0.979591837,0.444444444,3,14,42.66666667,5,2.0
9,1,0,10,9,36,8,2,9,2.0,9,0.0,0,0.0,0.555555556,0,0,0.0,1,1.0
6,1,0,5,30,9,0,5,2,0.666666667,144,0.0,1,0.0,0.333333333,0,0,22.5,2,1.0
6,1,1,3,16,0,1,2,0,0.466666667,178,1.0,1,0.0,0.611111111,0,0,28.16666667,3,1.3333
3,5,0,9,11,3,0,9,3,2.0,37,0.0,0,0.99,0.533333333,3,5,11.33333333,1,0.3333
6,1,1,6,12,0,1,5,6,0.0,39,1.0,1,0.0,0.30952381,0,0,5.333333333,1,0.8333
4,1,0,2,9,4,1,1,3,0.666666667,29,0.0,0,0.0,0.555555556,0,0,5.75,2,0.75
57,1,0,24,146,1224,19,9,50,0.895408163,1289,0.828571429,3,0.0,0.115288221,0,0,21.0,16,1.7018
6,3,0,12,48,0,0,12,6,0.2,861,1.0,0,0.615384615,0.388888889,2,6,142.1666667,6,2.0
29,3,0,5,56,318,1,5,29,0.86038961,342,1.0,0,0.852272727,0.199233716,1,3,10.4137931,1,0.8966
2,3,0,4,4,1,0,4,1,2.0,9,0.0,0,0.923076923,0.75,1,1,3.5,1,0.5
13,2,0,3,24,64,1,2,11,0.883333333,143,0.6,0,0.523809524,0.5,1,6,9.615384615,1,0.7692
12,1,0,14,59,18,5,9,6,0.741258741,1572,1.0,4,0.0,0.1875,0,0,128.9166667,45,9.3333
10,2,0,8,11,39,3,7,10,0.740740741,62,1.0,3,0.785714286,0.3,1,20,4.9,1,0.9
2,2,0,12,19,1,1,11,1,2.0,91,0.0,0,0.947368421,0.625,1,1,44.5,1,0.5
21,4,0,3,28,210,0,3,21,2.0,118,0.0,0,0.803921569,0.314285714,1,7,4.619047619,1,0.9524
12,1,0,15,34,26,3,14,5,0.675324675,480,0.928571429,6,0.0,0.321428571,0,0,37.83333333,4,1.1667
5,1,3,8,6,10,6,2,5,1.25,13,0.0,1,0.0,0.466666667,0,0,0.8,1,0.8
3,2,0,7,19,3,1,6,2,1.0,93,0.0,0,0.866666667,0.5,0,0,29.66666667,1,0.6667
2,1,0,4,2,1,2,2,2,2.0,2,0.0,0,0.0,0.75,0,0,0.0,1,1.0
0,1,0,0,0,0,0,0,0,2.0,0,0.0,0,0.0,0.0,0,0,0.0,0,0.0
4,1,0,6,4,6,3,4,4,2.0,4,0.0,0,0.0,0.625,0,0,0.0,1,1.0
6,1,0,2,40,13,0,2,5,0.6,375,0.0,0,0.0,0.28,0,0,61.33333333,11,3.0
17,1,0,5,43,54,1,4,10,0.741071429,647,1.0,2,0.0,0.218487395,0,0,36.64705882,5,1.5294
0,1,0,0,0,0,0,0,0,2.0,7,0.0,0,0.0,0.0,0,0,0.0,0,0.0
6,1,0,19,81,15,3,17,5,2.0,681,0.0,0,0.0,0.285714286,0,0,112.5,19,4.3333
9,2,0,5,13,36,2,3,9,1.125,62,0.0,0,0.3,0.259259259,0,0,5.666666667,1,0.7778
3,1,1,7,9,0,5,2,3,0.0,47,1.0,0,0.0,0.666666667,0,0,14.33333333,1,0.6667
8,1,0,5,16,6,5,0,7,0.571428571,284,1.0,0,0.0,0.541666667,0,0,34.25,13,2.375
7,3,0,8,18,5,1,7,7,0.80952381,153,1.0,2,0.727272727,0.392857143,2,2,19.85714286,2,1.2857
6,1,0,6,25,0,1,5,6,0.4,83,1.0,1,0.0,0.458333333,0,0,12.5,2,1.0
3,2,0,5,11,0,1,4,0,0.0,87,0.0,1,0.777777778,0.444444444,1,2,27.33333333,7,3.0
2,5,0,4,5,1,0,4,2,2.0,12,0.0,0,0.982142857,0.75,2,7,5.0,1,0.5
1,3,0,12,2,0,12,0,1,2.0,6,0.0,0,1.0,1.0,0,0,4.0,0,0.0
5,4,0,8,21,10,0,8,3,1.0,110,0.0,0,0.947368421,0.5,3,3,20.6,5,1.4
2,3,0,3,4,0,1,3,2,0.0,16,1.0,0,0.985915493,0.666666667,1,1,6.5,1,0.5
10,1,0,0,15,37,0,0,10,0.777777778,64,1.0,0,0.0,0.375,0,0,5.0,1,0.8
5,2,0,7,24,0,1,6,3,0.625,99,1.0,0,0.636363636,0.6,0,0,18.4,4,1.4
10,1,0,10,29,43,7,3,8,0.833333333,91,0.5,1,0.0,0.2,0,0,7.9,3,1.2
6,3,0,24,31,0,2,22,6,0.333333333,213,1.0,2,0.934210526,0.305555556,2,7,34.0,4,1.3333
4,4,0,33,45,0,1,32,3,0.083333333,524,1.0,4,0.96969697,0.458333333,3,7,129.0,8,2.5
11,1,0,16,45,33,3,14,5,0.72,302,1.0,2,0.0,0.3,0,0,26.0,5,2.0909
1,1,0,6,1,0,6,1,1,2.0,1,0.0,0,0.0,1.0,0,0,0.0,1,1.0
13,2,0,3,24,64,1,2,11,0.883333333,143,0.6,0,0.523809524,0.5,1,6,9.615384615,1,0.7692
16,3,1,18,80,86,1,17,11,0.878787879,631,0.909090909,3,0.725490196,0.188888889,2,2,37.75,4,1.1875
10,3,0,7,60,41,0,7,3,0.9,748,0.6,0,0.804347826,0.285714286,0,0,72.8,7,2.1
5,1,0,10,48,10,1,9,4,2.0,489,0.0,0,0.0,0.314285714,0,0,96.8,13,3.4
11,2,0,6,28,31,1,5,7,0.8,223,1.0,1,0.565217391,0.333333333,1,3,18.54545455,8,2.2727
3,4,0,1,4,1,0,1,2,1.3,875,0.0,0,0.976190476,1.0,0,0,289.0,1,0.3333
4,1,0,7,13,4,4,3,2,0.333333333,46,1.0,0,0.0,0.333333333,0,0,10.0,2,0.75
10,1,0,48,10,45,42,6,10,2.0,10,0.0,0,0.0,0.242857143,0,0,0.0,1,1.0
7,2,1,8,13,0,1,7,7,0.166666667,71,1.0,1,0.571428571,0.476190476,0,0,9.0,1,0.8571
7,1,0,14,14,19,6,8,6,0.966666667,63,0.4,2,0.0,0.3,0,0,7.285714286,2,1.1429
9,1,4,8,15,18,5,3,5,0.708333333,98,1.0,1,0.0,0.288888889,0,0,9.555555556,2,1.0
23,4,1,23,39,205,10,18,23,0.840909091,185,1.0,3,0.58,0.152173913,1,1,6.782608696,3,1.087
21,2,0,49,56,208,17,36,19,0.95,317,0.0,0,0.622641509,0.216450216,1,2,14.04761905,4,1.4762
2,2,0,4,3,1,3,1,2,2.0,10,0.0,0,0.75,0.666666667,1,1,3.5,1,0.5
9,1,0,7,9,36,4,3,9,2.0,9,0.0,0,0.0,0.311111111,0,0,0.0,1,1.0
16,1,0,0,16,120,0,0,16,2.0,16,0.0,0,0.0,0.645833333,0,0,0.0,1,1.0
4,1,1,3,16,2,3,0,3,1.272727273,798,0.036363636,0,0.0,0.5,0,0,184.75,2,1.0
7,1,0,3,11,15,3,1,7,0.666666667,49,1.0,0,0.0,0.642857143,0,0,5.857142857,2,0.8571
11,1,0,6,12,25,4,2,11,0.8,78,1.0,1,0.0,0.363636364,0,0,5.636363636,2,1.0
4,1,0,0,4,6,0,0,4,2.0,4,0.0,0,0.0,0.5,0,0,0.0,1,1.0
36,1,0,18,90,252,11,8,29,0.742857143,1699,0.888888889,3,0.0,0.16,1,1,45.94444444,25,4.1667
18,2,0,6,35,0,6,1,1,0.680672269,2128,0.142857143,1,0.734375,0.361111111,1,7,116.8333333,17,8.0
7,1,0,2,24,15,0,2,2,0.611111111,117,0.0,1,0.0,0.277777778,0,0,15.28571429,2,1.1429
10,3,0,10,33,25,3,10,7,0.222222222,165,1.0,1,0.833333333,0.3,2,3,15.4,3,0.9
10,4,0,13,13,0,13,0,10,0.592592593,75,1.0,0,0.769230769,0.425,0,0,6.2,1,0.6
4,1,0,2,6,0,2,0,4,0.416666667,87,1.0,0,0.0,1.0,0,0,19.75,2,1.0
12,3,0,5,32,10,3,3,9,0.977272727,245,0.1875,1,0.4375,0.287878788,2,3,18.08333333,1,0.75
3,1,0,3,3,3,2,1,3,2.0,3,0.0,0,0.0,0.666666667,0,0,0.0,1,1.0
4,1,0,3,12,2,3,0,2,0.666666667,427,1.0,0,0.0,0.5,0,0,105.25,1,0.5
12,1,6,14,18,50,8,6,11,0.936363636,98,0.9,4,0.0,0.25,0,0,6.333333333,1,0.9167
2,2,0,7,7,1,1,6,1,2.0,32,0.0,0,0.944444444,0.625,1,1,15.0,1,0.5
5,2,0,9,13,8,4,7,5,0.75,41,1.0,0,0.903225806,0.4,0,0,7.0,1,0.6
42,1,0,10,85,0,4,6,42,0.783972125,437,1.0,2,0.0,0.235449735,0,0,9.238095238,6,1.1905
7,5,0,15,59,5,4,15,2,0.633333333,389,1.0,1,0.990895296,0.371428571,0,0,53.85714286,8,2.0
14,1,0,0,14,91,0,0,14,2.0,14,0.0,0,0.0,0.5,0,0,0.0,1,1.0
1,3,0,6,2,0,6,0,1,2.0,5,0.0,0,1.0,1.0,0,0,4.0,0,0.0
18,1,1,8,20,129,3,5,17,0.952941176,134,1.0,3,0.0,0.229166667,0,0,5.611111111,1,0.9444
4,2,0,8,10,0,6,2,4,0.333333333,125,1.0,0,0.75,0.5,0,0,29.5,2,1.0
7,1,1,6,9,21,2,5,1,2.0,15,0.0,0,0.0,0.428571429,0,0,1.142857143,1,0.8571
10,1,0,10,28,0,5,5,10,0.518518519,136,1.0,1,0.0,0.257142857,0,0,12.3,2,0.9
4,2,0,4,17,0,0,4,4,0.333333333,57,1.0,0,0.842105263,0.875,1,1,13.0,5,1.75
5,2,0,7,14,2,2,6,3,0.625,60,1.0,0,0.555555556,0.44,1,2,10.6,1,0.8
4,4,0,3,6,0,3,0,3,0.666666667,37,1.0,0,0.972222222,0.45,0,0,7.75,2,0.75
3,1,0,8,4,0,8,0,3,0.5,20,1.0,0,0.0,0.666666667,0,0,5.0,1,0.6667
2,0,0,2,3,1,1,1,2,2.0,7,0.0,0,0.0,1.0,0,0,2.5,1,0.5
47,4,0,15,108,865,1,0,45,0.920652174,896,1.0,0,0.592920354,0.221884498,2,4,17.63829787,3,1.0426
8,1,0,6,17,4,3,3,8,0.653061224,184,1.0,2,0.0,0.303571429,0,0,21.125,2,1.5
21,2,1,14,46,162,1,13,15,0.985714286,323,1.0,4,0.307692308,0.12585034,2,7,13.71428571,2,0.9048
7,3,0,10,22,0,2,10,2,0.733333333,88,1.0,4,0.814814815,0.3,1,1,10.85714286,1,0.7143
6,2,0,5,16,7,1,5,2,0.7,59,1.0,0,0.6,0.36,1,1,8.5,2,0.8333
45,2,0,34,107,928,13,25,26,0.93006993,2533,0.461538462,2,0.152173913,0.231060606,1,2,55.0,9,1.7778
8,2,0,12,29,26,3,0,6,0.714285714,99,1.0,1,0.142857143,0.238095238,1,1,11.25,1,0.75
1,1,0,3,1,0,3,1,1,2.0,1,0.0,0,0.0,1.0,0,0,0.0,1,1.0
3,2,0,4,6,0,1,3,3,0.0,34,1.0,0,0.818181818,0.666666667,0,0,10.0,2,1.0
4,1,0,4,10,0,1,3,4,0.0,37,1.0,0,0.0,0.583333333,0,0,8.0,1,0.75
3,3,0,4,6,3,1,4,2,2.0,16,0.0,0,0.958333333,0.5,1,1,4.333333333,1,0.3333
1,8,0,4,15,0,2,4,1,2.0,83,0.0,0,1.0,1.0,0,0,82.0,0,0.0
6,1,0,3,25,13,0,3,2,0.7,202,0.0,0,0.0,0.277777778,0,0,32.33333333,2,1.3333
2,2,0,1,4,1,0,1,2,2.0,16,0.0,0,0.75,0.75,1,1,7.0,2,1.0
12,6,0,3,31,28,1,3,3,0.818181818,269,1.0,0,0.983823529,0.5,2,4,20.66666667,1,0.9167
2,1,1,6,4,1,3,3,2,2.0,8,0.0,0,0.0,0.625,0,0,3.0,1,0.5
2,1,0,1,7,1,0,1,2,2.0,26,0.0,0,0.0,0.75,0,0,12.0,1,0.5
2,1,0,2,3,1,2,0,0,1.0,16,0.0,0,0.0,0.75,0,0,6.0,0,0.0
2,2,0,2,3,1,0,2,2,2.0,6,0.0,0,0.8,0.666666667,0,0,2.0,1,0.5
0,1,0,2,0,0,1,1,0,2.0,0,0.0,0,0.0,0.0,0,0,0.0,0,0.0
18,5,0,14,60,51,1,14,10,0.722689076,369,1.0,1,0.693877551,0.209150327,1,1,19.11111111,3,0.9444
15,1,0,7,34,15,4,6,8,0.619047619,331,1.0,1,0.0,0.19047619,0,0,20.46666667,1,0.8667
6,1,3,4,12,15,3,1,6,2.0,49,0.0,0,0.0,0.416666667,0,0,7.166666667,2,1.5
19,3,1,20,42,83,5,15,18,0.6,332,0.2,3,0.816091954,0.184210526,2,24,16.21052632,9,1.6842
11,2,0,5,21,49,2,3,9,0.975,108,0.25,0,0.578947368,0.522727273,1,6,8.454545455,2,0.8182
16,1,2,42,25,108,40,4,15,0.866666667,91,1.0,1,0.0,0.185185185,0,0,4.5625,1,0.875
20,3,0,34,126,130,3,32,10,1.047117794,1170,0.019047619,2,0.558139535,0.161538462,2,7,47.0,11,2.4
3,6,0,3,17,1,1,2,3,0.5,307,1.0,0,0.996987952,1.0,2,4,98.0,5,2.0
5,1,0,2,15,0,1,1,4,0.5,137,1.0,0,0.0,0.9,0,0,25.2,4,1.8
3,1,6,13,4,3,12,1,3,2.0,8,0.0,0,0.0,0.666666667,0,0,1.666666667,1,0.6667
16,2,0,17,49,106,13,5,14,0.8,426,1.0,0,0.673913043,0.285714286,0,0,25.4375,6,2.375
23,1,3,40,28,247,29,14,22,0.909090909,131,1.0,1,0.0,0.273913043,0,0,4.652173913,1,0.9565
29,3,0,25,109,268,1,25,20,0.851190476,879,1.0,6,0.578125,0.125,1,1,28.68965517,29,3.0
5,5,0,5,28,0,2,5,2,0.666666667,119,1.0,0,0.99391172,0.4,0,0,22.2,1,0.8
6,3,0,7,23,9,1,7,6,0.833333333,134,1.0,1,0.934210526,0.361111111,2,12,20.33333333,1,0.8333
6,2,0,9,28,0,1,8,6,0.0,149,1.0,1,0.705882353,0.333333333,2,3,23.66666667,4,1.5
25,1,0,0,29,0,0,0,24,0.388888889,629,1.0,0,0.0,0.313333333,1,1,24.04,9,2.6
22,2,0,40,59,185,9,33,21,0.523809524,751,1.0,0,0.622641509,0.199300699,2,4,33.09090909,7,1.5909
24,2,0,6,41,82,1,5,22,0.766304348,438,0.875,3,0.34375,0.35,1,6,16.91666667,2,0.9167
2,1,0,0,6,1,0,0,2,2.0,45,0.0,0,0.0,0.666666667,0,0,21.5,8,4.0
4,2,1,4,7,6,2,3,4,1.333333333,24,0.0,0,0.936170213,0.5,1,3,4.75,1,0.75
5,3,0,9,9,4,2,9,2,0.75,36,1.0,1,0.869565217,0.3,0,0,5.6,1,0.6
3,1,0,3,3,3,2,1,3,2.0,3,0.0,0,0.0,0.833333333,0,0,0.0,1,1.0
22,1,0,27,44,0,18,11,21,0.734693878,477,0.285714286,2,0.0,0.365079365,0,0,20.36363636,3,1.0
4,2,0,1,5,6,1,0,3,2.0,10,0.0,0,0.8125,0.5,1,1,1.5,1,0.75
23,1,0,0,23,253,0,0,23,2.0,23,0.0,0,0.0,0.347826087,0,0,0.0,1,1.0
6,3,0,5,11,7,2,3,5,0.866666667,46,0.666666667,1,0.761904762,0.583333333,0,0,6.166666667,2,1.0
3,1,0,1,4,1,1,0,3,0.5,14,1.0,0,0.0,0.666666667,0,0,3.333333333,1,0.6667
3,3,0,0,4,1,0,0,2,0.5,325,0.0,0,0.974358974,1.0,0,0,107.0,1,0.3333
15,5,0,27,107,67,17,25,2,0.907142857,564,0.8,4,0.98048048,0.183673469,0,0,35.93333333,3,1.0667
2,5,0,3,7,0,1,2,2,0.0,21,1.0,0,0.947368421,0.666666667,0,0,9.0,1,0.5
19,1,0,1,46,149,1,0,11,0.984126984,713,0.761904762,0,0.0,0.233333333,0,0,35.42105263,15,2.7895
6,3,0,7,24,9,4,4,5,0.8,231,0.5,0,0.880952381,0.266666667,1,1,37.16666667,1,0.8333
2,1,0,4,2,1,4,0,2,2.0,2,0.0,0,0.0,0.666666667,0,0,0.0,1,1.0
8,3,0,10,37,0,0,10,6,0.628571429,315,1.0,1,0.840909091,0.325,0,0,37.75,1,0.875
10,2,0,6,19,0,2,4,10,0.111111111,58,0.0,1,0.689655172,0.325,1,1,4.7,1,0.9
29,3,0,21,97,316,4,0,20,0.853571429,677,0.9,1,0.517241379,0.206896552,2,2,22.0,8,1.931
3,1,0,5,19,1,0,5,2,0.5,89,1.0,0,0.0,0.5,0,0,28.33333333,1,0.3333
17,1,0,2,37,100,2,0,16,0.7,679,0.8,0,0.0,0.323529412,0,0,38.35294118,12,2.0
1,2,0,9,3,0,6,3,1,2.0,14,0.0,0,1.0,1.0,0,0,13.0,0,0.0
5,1,0,7,13,4,5,2,3,0.75,44,0.5,1,0.0,0.25,0,0,7.4,1,0.6
4,4,0,5,18,0,1,5,1,0.666666667,123,0.5,0,0.955223881,0.5,4,9,29.25,9,2.75
13,2,0,10,29,68,3,7,10,0.883333333,134,1.0,2,0.214285714,0.213675214,0,0,8.923076923,3,1.0
2,1,0,1,7,0,0,1,2,0.0,35,1.0,2,0.0,0.666666667,0,0,15.5,2,1.0
4,1,0,5,10,0,1,4,4,0.333333333,36,1.0,0,0.0,0.4375,0,0,7.75,1,0.75
5,1,0,4,22,6,4,0,3,0.958333333,136,1.0,1,0.0,0.5,0,0,25.0,3,1.0
12,2,0,6,23,46,2,4,10,0.818181818,122,0.5,0,0.55,0.4,1,6,9.0,2,0.8333
4,1,0,8,18,2,1,7,2,0.5,131,1.0,2,0.0,0.777777778,0,0,31.25,3,1.5
3,1,1,14,4,0,13,1,2,0.666666667,25,0.333333333,1,0.0,0.583333333,0,0,6.333333333,1,0.6667
3,3,0,0,4,1,0,0,2,0.5,286,0.0,0,0.974358974,1.0,0,0,94.0,1,0.3333
15,1,1,28,47,69,12,19,10,0.635714286,523,0.7,3,0.0,0.195833333,0,0,33.2,3,0.9333
14,1,0,6,18,61,2,5,14,0.830769231,81,1.0,5,0.0,0.297619048,0,0,4.428571429,1,0.9286
4,4,0,5,6,4,1,4,4,0.666666667,26,1.0,0,0.964285714,0.45,0,0,5.25,1,0.75
3,1,0,6,6,3,0,6,3,2.0,41,0.0,0,0.0,0.444444444,0,0,12.66666667,6,2.3333
9,1,0,22,117,36,1,21,3,1.125,1209,0.0,0,0.0,0.476190476,0,0,133.2222222,16,4.6667
22,2,0,14,90,73,2,13,18,0.720238095,663,0.875,3,0.603773585,0.204545455,1,6,28.77272727,15,2.0
5,1,0,44,5,10,44,0,5,2.0,5,0.0,0,0.0,0.6,0,0,0.0,1,1.0
12,1,0,19,12,66,13,6,12,2.0,12,0.0,0,0.0,0.316666667,0,0,0.0,1,1.0
4,3,0,3,7,0,0,3,4,0.0,26,1.0,0,0.869565217,0.625,0,0,5.25,1,0.75
3,4,0,1,4,1,0,1,2,0.5,599,0.0,0,0.976190476,1.0,0,0,198.3333333,1,0.3333
1,2,1,2,2,0,1,1,1,2.0,4,0.0,0,1.0,1.0,0,0,3.0,0,0.0
5,3,3,4,7,4,4,0,5,0.5,29,1.0,0,0.944444444,0.6,0,0,4.6,1,0.2
4,3,0,1,15,6,0,1,3,1.333333333,1166,0.0,0,0.926829268,0.333333333,0,0,271.25,2,1.0
8,1,0,1,15,4,0,1,6,0.547619048,240,0.5,1,0.0,0.30952381,0,0,28.25,8,2.75
5,3,0,1,16,8,0,1,3,1.24795082,4275,0.0,0,0.926829268,0.333333333,0,0,805.2,2,0.8
10,2,0,8,29,3,4,5,8,0.333333333,189,0.0,0,0.666666667,0.425,1,2,17.8,4,1.9
2,1,0,4,4,1,0,4,2,2.0,12,0.0,0,0.0,0.75,0,0,5.0,1,0.5
6,1,0,3,16,0,1,2,5,0.3,69,0.0,0,0.0,0.6,0,0,10.16666667,3,1.3333
15,4,1,12,37,0,11,1,15,0.392857143,357,0.0,0,0.62962963,0.311111111,1,2,22.66666667,8,2.0
2,5,0,8,8,1,1,7,2,2.0,57,0.0,0,0.995327103,0.625,1,1,27.5,1,0.5
7,1,0,4,41,15,1,3,6,0.833333333,388,0.333333333,0,0.0,0.2,0,0,54.0,3,1.2857
3,1,0,2,3,3,2,0,3,2.0,3,0.0,0,0.0,0.5,0,0,0.0,1,1.0
62,2,0,6,85,611,1,5,60,0.953972257,1390,0.5,14,0.157142857,0.266129032,1,6,20.58064516,2,0.9677
1,1,0,6,1,0,4,2,1,2.0,1,0.0,0,0.0,1.0,0,0,0.0,1,1.0
2,1,0,6,6,0,0,6,2,0.0,38,1.0,3,0.0,0.6,0,0,16.5,1,0.5
4,1,0,29,5,0,29,0,1,0.148148148,172,0.0,0,0.0,0.45,0,0,39.75,8,4.25
9,3,0,6,18,16,1,6,7,0.791666667,77,0.333333333,1,0.727272727,0.311111111,1,1,7.222222222,1,0.6667
9,2,0,4,13,36,2,2,9,1.125,62,0.0,0,0.3,0.333333333,0,0,5.666666667,1,0.7778
5,1,16,19,6,10,17,2,5,1.25,13,1.0,0,0.0,0.533333333,0,0,1.4,1,0.8
5,2,1,6,13,4,5,1,4,0.875,115,1.0,0,0.666666667,0.5,0,0,21.6,7,2.6
3,5,0,4,10,0,1,3,3,0.5,34,1.0,1,0.894736842,0.555555556,0,0,9.666666667,1,0.6667
14,7,0,28,108,69,3,28,8,0.869230769,732,1.0,2,0.98048048,0.174603175,0,0,50.57142857,9,2.1429
4,1,0,1,13,6,0,1,4,2.0,45,0.0,0,0.0,0.625,0,0,10.25,2,1.0
2,2,0,9,7,1,1,8,1,1.0,28,0.0,0,0.947368421,0.625,1,1,12.5,1,0.5
13,2,0,18,42,0,12,6,11,0.666666667,235,0.5,0,0.5,0.269230769,1,4,16.92307692,3,1.3846
0,1,0,5,0,0,5,0,0,2.0,60,0.0,0,0.0,0.0,0,0,0.0,0,0.0
2,1,0,2,5,1,1,1,2,2.0,16,0.0,0,0.0,0.666666667,0,0,7.0,3,1.5
6,3,0,5,11,7,2,3,5,0.866666667,46,0.666666667,1,0.761904762,0.583333333,0,0,6.166666667,2,1.0
1,1,0,4,2,0,1,3,0,2.0,4,0.0,0,0.0,1.0,0,0,3.0,0,0.0
84,1,0,87,269,2582,45,43,46,0.907321594,3213,1.0,4,0.0,0.168674699,0,0,37.0952381,19,1.9286
39,1,0,4,68,727,2,2,38,0.963157895,537,0.0,0,0.0,0.160818713,0,0,12.64102564,3,1.1026
19,1,0,18,47,97,16,5,16,0.833333333,273,1.0,1,0.0,0.305263158,0,0,13.0,3,1.4211
9,6,0,8,33,28,0,8,6,0.8125,163,1.0,0,0.950617284,0.4,4,9,16.88888889,2,1.0
2,1,0,4,5,1,0,4,1,2.0,15,0.0,0,0.0,0.5,0,0,6.5,1,0.5
15,1,4,12,53,71,5,8,5,0.976190476,390,0.333333333,2,0.0,0.228571429,0,0,24.4,18,2.3333
11,3,0,3,16,55,1,2,11,2.0,44,0.0,0,0.830188679,0.348484848,0,0,3.0,1,0.8182
6,1,0,5,32,9,0,5,2,0.666666667,148,0.0,1,0.0,0.333333333,0,0,23.16666667,2,1.0
3,1,0,17,3,3,17,0,3,2.0,3,0.0,0,0.0,1.0,0,0,0.0,1,1.0
6,2,0,5,8,0,3,2,6,0.981818182,62,0.0,1,0.642857143,0.375,0,0,7.5,1,0.8333
4,3,0,7,11,6,1,6,2,1.0,39,0.5,0,0.6,0.333333333,1,1,8.25,1,0.5
6,3,0,28,60,0,3,27,5,0.65,375,1.0,3,0.918032787,0.305555556,1,5,60.83333333,13,3.5
17,2,0,15,58,100,2,13,11,0.90625,446,1.0,0,0.464285714,0.3,0,0,24.76470588,12,2.0588
2,1,0,15,2,1,14,1,2,2.0,2,0.0,0,0.0,1.0,0,0,0.0,1,1.0
2,1,1,2,3,1,2,0,2,2.0,7,0.0,0,0.0,1.0,0,0,2.5,1,0.5
8,3,2,5,21,18,2,3,4,0.714285714,145,1.0,0,0.840909091,0.4375,1,1,16.875,1,0.875
10,2,0,6,33,33,0,6,9,0.933333333,321,0.6,0,0.470588235,0.325,1,1,30.6,5,1.7
15,2,0,7,32,43,1,6,15,0.833333333,253,0.666666667,0,0.575757576,0.333333333,1,5,15.46666667,2,1.0
1,1,0,6,1,0,4,2,1,2.0,1,0.0,0,0.0,1.0,0,0,0.0,1,1.0
9,3,0,9,20,26,1,9,6,0.84375,81,0.75,0,0.85,0.325,1,1,7.555555556,2,0.7778
13,6,0,9,56,44,3,9,1,0.763888889,316,1.0,1,0.982378855,0.384615385,4,12,22.84615385,5,1.2308
2,1,0,7,7,1,0,7,2,2.0,15,0.0,0,0.0,0.666666667,0,0,6.5,1,0.5
8,3,0,11,33,0,6,5,6,0.428571429,181,1.0,0,0.833333333,0.3125,1,1,21.375,5,2.0
3,1,0,10,4,0,10,1,3,0.5,20,1.0,1,0.0,0.555555556,0,0,5.0,1,0.6667
5,4,3,17,21,0,3,14,5,0.25,149,1.0,2,0.96969697,0.366666667,3,14,28.4,4,1.2
6,2,0,1,12,0,1,0,6,0.0,62,1.0,0,0.5,0.458333333,1,1,9.0,1,0.8333
12,4,1,11,27,0,2,9,11,0.545454545,90,1.0,1,0.788461538,0.333333333,0,0,6.333333333,3,1.0833
1,5,3,7,2,0,6,1,0,2.0,4,0.0,0,1.0,1.0,0,0,3.0,0,0.0
14,2,0,11,29,0,9,2,14,0.269230769,332,1.0,1,0.785714286,0.410714286,1,1,22.57142857,6,1.6429
12,1,0,7,63,64,2,0,5,1.049586777,939,1.0,0,0.0,0.345238095,0,0,76.33333333,1,0.9167
25,3,1,15,85,210,1,0,10,0.75,542,1.0,0,0.783018868,0.192307692,1,5,20.52,6,1.6
4,4,0,11,19,2,0,11,4,0.666666667,102,1.0,1,0.931818182,0.5,0,0,24.0,4,2.0
3,1,0,5,11,0,1,4,3,0.0,53,1.0,0,0.0,0.5,0,0,16.33333333,1,0.6667
5,2,10,24,17,10,14,10,4,2.0,56,0.0,0,0.931034483,0.44,1,4,10.2,1,0.8
22,1,0,0,43,127,0,0,20,0.698412698,161,0.0,3,0.0,0.15034965,0,0,6.181818182,2,0.9545
6,3,0,8,37,3,1,8,4,0.666666667,150,1.0,1,0.814814815,0.305555556,1,1,23.5,1,0.8333
2,2,0,7,6,1,1,6,1,2.0,36,0.0,0,0.944444444,0.625,1,1,17.0,1,0.5
1,1,0,8,1,0,7,1,1,2.0,1,0.0,0,0.0,1.0,0,0,0.0,1,1.0
19,6,0,14,64,125,13,9,8,0.916666667,342,1.0,1,0.97309417,0.203947368,3,6,16.47368421,3,1.0526
5,2,0,8,11,10,4,6,5,2.0,31,0.0,0,0.9,0.4,1,2,5.2,1,0.6
8,2,0,10,28,0,1,9,3,0.357142857,224,1.0,3,0.684210526,0.371428571,1,1,26.5,2,1.0
16,4,0,7,38,84,0,7,14,0.943589744,234,0.461538462,0,0.761904762,0.375,2,3,12.8125,6,1.3125
3,2,0,3,5,3,1,2,0,2.0,22,0.0,0,0.5,0.555555556,0,0,6.333333333,2,1.3333
3,2,0,11,14,3,3,8,2,1.0,61,0.0,0,0.9,0.466666667,1,3,19.0,1,0.6667
2,1,0,0,2,1,0,0,2,2.0,2,0.0,0,0.0,0.75,0,0,0.0,1,1.0
6,2,0,4,15,7,0,4,4,0.3,71,1.0,0,0.777777778,0.375,1,1,10.5,2,1.0
3,3,0,6,7,0,1,5,3,0.0,29,1.0,0,0.909090909,0.533333333,0,0,8.333333333,1,0.6667
70,2,0,46,152,2107,25,24,33,0.93812709,1315,0.730769231,5,0.2,0.108695652,1,1,17.41428571,7,1.3
4,3,0,3,17,4,0,3,3,0.666666667,152,1.0,0,0.925,0.75,1,1,36.75,1,0.75
8,1,0,0,8,28,0,0,8,2.0,8,0.0,0,0.0,0.354166667,0,0,0.0,1,1.0
2,1,0,6,9,0,1,5,2,0.0,32,1.0,1,0.0,0.666666667,0,0,14.5,1,0.5
43,1,0,14,93,783,4,10,1,0.962585034,1969,0.166666667,2,0.0,0.328042328,0,0,43.81395349,19,1.5349
2,1,0,4,2,1,3,1,2,2.0,2,0.0,0,0.0,1.0,0,0,0.0,1,1.0
17,1,0,0,17,136,0,0,17,2.0,17,0.0,0,0.0,0.455882353,0,0,0.0,1,1.0
3,3,0,26,36,3,1,25,2,2.0,245,0.0,0,0.965517241,0.5,2,4,80.66666667,15,5.3333
25,1,0,0,25,300,0,0,25,1.041666667,37,0.0,0,0.0,0.33,0,0,0.0,1,1.0
9,1,0,47,9,36,41,6,9,2.0,9,0.0,0,0.0,0.238095238,0,0,0.0,1,1.0
8,1,0,2,12,0,2,0,8,0.523809524,217,0.833333333,0,0.0,0.583333333,0,0,25.375,4,1.875
6,1,5,33,8,15,32,1,6,2.0,21,0.0,0,0.0,0.583333333,0,0,2.5,1,0.8333
5,5,0,6,13,6,4,2,3,0.916666667,67,1.0,0,0.826086957,0.36,0,0,11.8,2,1.0
3,1,0,3,8,1,1,2,2,0.5,52,1.0,1,0.0,0.5,0,0,15.66666667,3,1.3333
3,4,0,9,29,3,2,9,2,2.0,107,0.0,0,0.990566038,0.666666667,1,1,34.66666667,1,0.6667
4,1,0,8,4,6,6,2,4,2.0,4,0.0,0,0.0,0.666666667,0,0,0.0,1,1.0
1,1,0,4,1,0,3,1,1,2.0,1,0.0,0,0.0,1.0,0,0,0.0,1,1.0
15,4,0,13,64,57,0,0,14,0.821428571,411,1.0,0,0.827160494,0.306666667,1,2,26.0,5,1.2
6,3,0,2,15,0,1,1,5,0.0,66,1.0,0,0.919354839,0.375,0,0,9.833333333,2,1.0
2,8,0,11,33,1,3,11,2,2.0,206,0.0,0,0.998835856,0.75,2,4,102.0,16,8.0
1,1,0,5,1,0,5,0,1,2.0,1,0.0,0,0.0,1.0,0,0,0.0,1,1.0
4,6,0,8,16,6,0,8,3,2.0,113,0.0,0,0.955223881,0.5,2,8,27.25,1,0.75
2,1,0,0,2,1,0,0,2,2.0,2,0.0,0,0.0,0.75,0,0,0.0,1,1.0
3,5,0,4,10,0,1,3,3,0.5,37,1.0,0,0.9,0.5,0,0,10.66666667,1,0.6667
1,1,0,13,1,0,13,0,0,2.0,617,0.0,0,0.0,0.0,0,0,496.0,0,0.0
3,3,0,7,6,3,4,4,3,2.0,16,0.0,0,0.972222222,0.533333333,1,1,4.333333333,1,0.3333
2,4,0,5,7,1,0,5,2,2.0,16,0.0,0,0.979591837,0.75,1,6,6.5,1,0.5
4,1,0,9,28,2,2,8,2,0.333333333,475,0.0,1,0.0,0.583333333,0,0,117.25,1,0.75
31,1,0,3,44,139,3,0,25,0.470588235,1283,0.705882353,0,0.0,0.301075269,0,0,39.83870968,7,1.4516
76,1,0,97,205,2560,86,24,59,0.933777778,3305,1.0,9,0.0,0.093421053,0,0,42.09210526,13,2.25
5,1,0,4,5,10,2,2,5,2.0,5,0.0,0,0.0,0.5,0,0,0.0,1,1.0
62,2,0,14,108,1491,5,10,56,0.957965532,1287,0.487179487,0,0.15942029,0.203629032,1,6,19.12903226,6,1.4194
1,5,0,1,2,0,1,0,1,2.0,5,0.0,0,1.0,1.0,0,0,4.0,0,0.0
16,3,2,24,56,0,16,8,14,0.6,353,1.0,1,0.681818182,0.2265625,1,1,20.8125,4,1.75
10,4,0,7,17,13,1,6,10,0.555555556,82,1.0,1,0.962365591,0.375,1,1,7.0,2,0.8
5,1,0,44,5,10,44,0,5,2.0,5,0.0,0,0.0,0.6,0,0,0.0,1,1.0
4,1,0,6,37,6,0,6,3,2.0,325,0.0,0,0.0,0.4375,0,0,80.25,19,5.75
10,2,0,13,35,0,3,10,8,0.377777778,537,1.0,0,0.611111111,0.3,1,2,52.2,4,1.3
1,2,0,2,4,0,1,1,1,2.0,14,0.0,0,1.0,1.0,0,0,13.0,0,0.0
3,2,0,4,9,1,1,3,0,0.5,106,1.0,0,0.777777778,0.444444444,1,2,34.0,11,4.0
2,1,0,4,7,0,1,3,2,0.0,46,1.0,1,0.0,0.75,0,0,21.5,2,1.0
5,2,0,5,10,10,1,4,5,2.0,32,0.0,0,0.833333333,0.666666667,0,0,5.4,1,0.8
7,4,0,9,21,21,2,8,7,2.0,57,0.0,0,0.978723404,0.392857143,3,4,7.142857143,2,0.7143
8,1,0,2,8,28,1,1,8,2.0,8,0.0,0,0.0,0.5,0,0,0.0,1,1.0
28,1,0,2,35,198,1,1,28,0.841750842,388,1.0,0,0.0,0.383928571,0,0,12.46428571,12,1.75
7,3,2,4,21,13,2,2,3,0.875,185,0.75,0,0.583333333,0.366666667,1,2,24.28571429,1,0.7143
6,1,0,8,14,13,1,7,6,0.4,54,1.0,0,0.0,0.433333333,0,0,7.833333333,2,1.0
14,1,0,2,25,3,1,1,13,0.602564103,237,0.0,0,0.0,0.404761905,0,0,15.5,1,0.9286
9,1,1,12,51,0,1,11,6,0.714285714,316,0.571428571,1,0.0,0.377777778,0,0,33.33333333,3,1.6667
37,2,1,34,97,562,2,32,32,0.918209877,628,1.0,3,0.054054054,0.108974359,0,0,15.48648649,5,1.2432
7,2,0,6,14,9,5,2,5,0.5,48,1.0,1,0.848484848,0.342857143,0,0,5.714285714,1,0.7143
12,2,0,7,22,46,4,3,10,0.818181818,127,0.5,0,0.55,0.4,1,6,9.416666667,2,1.0
5,1,0,12,15,0,11,1,4,0.963235294,429,0.088235294,0,0.0,0.5,0,0,78.0,1,0.6
3,3,0,2,11,3,1,1,3,2.0,25,0.0,0,0.8,0.666666667,2,2,7.333333333,1,0.6667
6,3,0,8,23,9,4,6,4,0.6,111,1.0,0,0.875,0.375,2,4,17.33333333,4,1.3333
5,4,0,2,11,10,0,2,5,2.0,30,0.0,0,0.959183673,0.45,0,0,5.0,1,0.8
14,4,0,25,59,67,3,25,8,0.8,304,1.0,5,0.866666667,0.261538462,1,2,20.35714286,4,1.2857
2,3,0,5,5,0,1,4,2,1.0,22,0.5,1,0.933333333,0.625,0,0,9.0,1,0.5
12,7,0,7,58,52,1,7,10,0.709090909,284,1.0,2,0.983433735,0.277777778,0,0,22.25,3,1.3333
11,1,0,8,30,43,4,4,11,1.014285714,163,0.142857143,0,0.0,0.4,0,0,13.18181818,4,1.2727
5,2,0,6,25,0,3,3,0,0.375,378,0.0,1,0.75,0.5,1,3,74.2,26,6.6
18,2,0,17,62,103,2,15,11,0.909090909,459,0.909090909,0,0.272727273,0.294117647,0,0,23.88888889,13,2.0556
10,2,0,5,14,45,2,3,10,1.111111111,67,0.333333333,0,0.272727273,0.25,0,0,5.4,1,0.8
9,1,7,11,17,24,7,4,5,0.375,118,1.0,2,0.0,0.444444444,0,0,11.88888889,2,1.0
7,2,0,12,15,11,4,12,5,0.766666667,84,0.4,5,0.705882353,0.6,0,0,10.28571429,1,0.7143
54,1,0,16,115,277,4,14,52,0.870283019,803,1.0,4,0.0,0.171296296,0,0,13.72222222,11,1.6111
31,1,0,6,65,243,4,2,30,0.726666667,747,1.0,0,0.0,0.182795699,1,1,22.61290323,4,1.1613
2,1,0,4,2,1,2,3,2,2.0,2,0.0,0,0.0,0.833333333,0,0,0.0,1,1.0
4,5,0,19,5,0,18,1,4,0.833333333,34,0.5,0,0.9,0.666666667,0,0,6.5,1,0.5
38,1,2,28,77,569,9,19,13,0.900900901,2197,1.0,9,0.0,0.152631579,0,0,55.94736842,6,1.9737
2,2,0,3,5,1,1,2,2,2.0,74,0.0,0,0.888888889,0.625,0,0,36.0,9,4.5
5,2,0,5,29,2,1,4,4,0.5625,198,0.75,0,0.935483871,0.466666667,1,7,37.8,8,2.2
10,3,0,6,38,9,0,6,10,0.796296296,260,0.833333333,1,0.804347826,0.34,3,3,24.4,16,2.7
5,4,0,1,9,10,1,0,3,0.75,81,0.0,0,0.924528302,0.44,2,2,15.0,5,2.0
9,1,0,3,18,16,2,2,9,0.625,184,0.0,1,0.0,0.4,0,0,19.11111111,7,2.2222
1,1,0,5,1,0,5,0,1,2.0,1,0.0,0,0.0,1.0,0,0,0.0,1,1.0
11,0,0,14,22,29,0,14,11,0.82,105,1.0,2,0.0,0.340909091,0,0,8.090909091,1,0.9091
6,3,0,8,18,15,0,8,5,1.0,160,0.0,0,0.907407407,0.5,0,0,25.5,2,1.0
17,2,0,25,53,104,8,17,13,0.866071429,305,0.714285714,1,0.538461538,0.18125,1,1,16.52941176,2,0.7647
4,3,0,5,9,4,0,5,3,0.666666667,30,1.0,0,0.666666667,0.666666667,0,0,6.25,1,0.5
6,3,1,3,21,3,2,2,4,0.9,196,0.5,0,0.947368421,0.611111111,3,3,31.0,3,1.3333
8,2,2,12,60,12,4,9,1,0.75,709,0.0,0,0.333333333,0.678571429,0,0,86.125,23,5.0
3,2,0,14,10,3,5,9,2,2.0,71,0.0,0,0.9,0.6,1,1,22.66666667,1,0.6667
2,2,0,1,4,1,0,1,2,2.0,16,0.0,0,0.75,0.75,1,1,7.0,2,1.0
17,1,0,36,95,106,9,28,13,0.354166667,461,1.0,2,0.0,0.14479638,0,0,25.94117647,2,1.1176
34,1,1,33,67,437,27,6,21,0.752525253,1171,1.0,2,0.0,0.257575758,0,0,32.91176471,23,2.5
3,3,0,7,15,3,0,7,3,2.0,46,0.0,0,0.777777778,0.555555556,0,0,14.33333333,3,1.3333
8,1,1,10,41,20,1,9,5,0.857142857,220,0.666666667,0,0.0,0.357142857,0,0,26.125,14,2.375
3,3,0,7,7,3,2,5,3,2.0,25,0.0,0,0.953488372,0.555555556,1,1,7.333333333,1,0.6667
2,2,0,2,6,1,1,2,2,2.0,85,0.0,0,0.875,0.625,0,0,41.5,5,2.5
8,2,0,2,14,0,0,2,8,0.666666667,152,1.0,1,0.588235294,0.416666667,1,5,17.25,5,1.5
16,1,0,6,16,120,0,6,16,2.0,16,0.0,0,0.0,0.294642857,0,0,0.0,1,1.0
4,4,0,9,37,0,0,9,4,0.0,190,1.0,0,0.953125,0.625,3,5,46.25,1,0.75
4,4,0,6,20,0,1,6,1,0.666666667,118,0.5,0,0.962025316,0.5,3,11,28.0,6,2.0
4,3,0,6,17,0,1,6,1,0.666666667,75,0.5,0,0.96,0.5,2,8,17.25,3,1.25
4,2,0,13,28,2,0,13,3,0.666666667,175,1.0,0,0.6,0.666666667,0,0,42.0,5,1.5
23,1,0,16,74,171,7,12,22,0.828282828,610,1.0,2,0.0,0.147826087,0,0,25.13043478,4,1.8261
8,1,0,16,44,8,2,15,4,0.607142857,268,1.0,1,0.0,0.321428571,0,0,32.0,5,2.0
7,4,0,3,10,21,0,3,7,2.0,39,0.0,0,0.931818182,0.571428571,1,4,4.571428571,1,0.8571
7,1,0,4,32,17,0,4,2,0.666666667,155,0.0,1,0.0,0.277777778,0,0,20.85714286,2,1.0
18,3,0,59,109,93,2,59,13,0.847058824,1436,0.8,4,0.767123288,0.232323232,1,4,78.22222222,9,3.0556
23,1,0,6,23,253,5,1,23,2.0,23,0.0,0,0.0,0.376811594,0,0,0.0,1,1.0
20,1,14,32,36,164,31,4,18,0.842105263,141,1.0,0,0.0,0.2375,0,0,5.95,2,1.05
11,2,0,5,22,35,0,5,9,0.8,122,0.5,0,0.55,0.309090909,1,4,9.909090909,2,0.9091
3,2,0,2,5,0,1,1,3,0.0,34,1.0,1,0.818181818,0.5,1,2,10.0,1,0.6667
14,3,0,9,38,59,1,9,9,0.692307692,250,1.0,0,0.65625,0.243589744,2,4,16.71428571,3,1.3571
8,3,0,1,14,16,1,1,8,0.714285714,49,1.0,0,0.911392405,1.0,0,0,4.875,1,0.875
4,5,0,6,16,0,4,5,2,0.5,62,1.0,1,0.995856354,0.416666667,0,0,14.0,2,1.0
1,1,0,3,1,0,2,1,1,2.0,1,0.0,0,0.0,1.0,0,0,0.0,1,1.0
4,1,0,21,5,0,21,0,4,0.666666667,28,1.0,0,0.0,0.5,0,0,5.25,1,0.75
9,1,0,3,18,30,1,2,8,0.375,79,1.0,0,0.0,0.355555556,0,0,7.666666667,1,0.7778
4,1,0,8,39,0,2,6,0,0.888888889,235,0.5,3,0.0,0.375,0,0,56.25,2,1.0
3,1,0,0,15,1,0,0,2,0.75,53,0.0,0,0.0,0.5,0,0,16.0,1,0.3333
6,3,0,5,20,5,1,4,5,0.825,247,0.0,1,0.722222222,0.333333333,1,4,38.83333333,16,3.6667
1,1,0,1,1,0,1,0,1,2.0,1,0.0,0,0.0,1.0,0,0,0.0,1,1.0
7,2,0,11,21,17,6,5,6,0.666666667,90,1.0,0,0.375,0.375,0,0,11.57142857,2,1.0
4,2,0,4,13,0,1,3,4,0.333333333,85,1.0,0,0.75,0.5,0,0,19.75,1,0.75
5,3,0,4,18,8,0,4,5,0.375,173,1.0,2,0.818181818,0.366666667,2,3,32.4,7,2.6
1,1,0,3,1,0,2,1,1,2.0,1,0.0,0,0.0,1.0,0,0,0.0,1,1.0
5,3,0,1,16,8,0,1,3,1.243589744,1171,0.0,0,0.926829268,0.333333333,0,0,217.6,2,0.8
2,1,0,2,4,1,2,0,1,2.0,39,0.0,0,0.0,0.5,0,0,18.5,3,1.5
3,2,0,4,19,0,1,3,3,0.0,57,1.0,0,0.75,0.5,0,0,17.66666667,2,1.0
4,1,0,20,25,2,1,20,2,0.5,174,1.0,0,0.0,0.555555556,0,0,42.0,8,2.25
3,1,0,3,5,1,1,2,1,0.5,14,1.0,0,0.8,1.0,0,0,3.333333333,1,0.3333
4,1,0,5,5,0,5,0,4,0.666666667,28,1.0,0,0.0,0.4375,0,0,5.25,1,0.75
5,3,0,6,10,4,1,6,4,0.75,47,1.0,1,0.826086957,0.533333333,0,0,8.0,1,0.8
19,1,35,50,30,147,46,7,19,0.888888889,240,0.5,4,0.0,0.233082707,0,0,11.31578947,6,1.6316
10,1,0,15,39,19,4,12,8,0.888888889,344,0.25,1,0.0,0.228571429,0,0,32.6,3,1.1
10,2,17,27,21,17,18,9,7,0.777777778,90,1.0,4,0.590909091,0.28,1,1,7.6,2,1.1
30,2,0,11,64,0,1,10,22,0.522988506,2603,0.833333333,3,0.2,0.201149425,1,2,85.36666667,4,1.3
12,1,0,21,35,66,6,15,9,2.0,337,0.0,0,0.0,0.295454545,0,0,27.08333333,7,2.0
7,1,0,24,8,3,24,0,7,0.666666667,43,1.0,0,0.0,0.714285714,0,0,4.714285714,1,0.8571
8,1,0,2,12,8,0,2,7,0.821428571,129,0.083333333,0,0.0,0.642857143,0,0,13.625,1,0.625
19,4,0,19,41,23,5,17,19,0.688888889,319,1.0,1,0.604651163,0.119298246,2,4,15.52631579,6,1.2105
5,1,0,1,14,8,0,1,2,0.875,45,0.0,1,0.0,0.333333333,0,0,7.6,1,0.6
6,1,2,3,7,3,2,1,4,0.6,36,1.0,0,0.0,0.444444444,0,0,4.666666667,1,0.6667
29,2,0,21,104,236,1,20,22,0.767857143,733,1.0,0,0.695652174,0.143236074,1,4,24.13793103,5,1.7586
11,2,0,6,27,0,1,5,11,0.45,348,1.0,0,0.571428571,0.287878788,2,3,30.09090909,15,3.0909
2,3,0,0,3,1,0,0,2,2.0,229,0.0,0,0.974358974,1.0,0,0,113.5,1,0.5
7,1,0,7,16,21,1,6,7,2.0,78,0.0,0,0.0,0.464285714,0,0,10.14285714,2,1.0
6,2,0,2,14,0,2,0,6,0.0,52,1.0,0,0.692307692,0.5,0,0,7.5,1,0.6667
9,2,0,11,28,22,4,8,7,0.5,127,1.0,1,0.125,0.25,1,1,12.88888889,2,1.0
11,3,0,21,33,15,2,19,10,0.825,168,0.5,2,0.951456311,0.191919192,2,9,13.90909091,3,1.0909
3,4,0,2,6,3,0,2,3,2.0,17,0.0,0,0.979166667,0.666666667,0,0,4.666666667,1,0.6667
2,1,0,2,19,1,1,1,2,2.0,121,0.0,0,0.0,0.666666667,0,0,59.5,13,6.5
11,2,0,6,20,43,2,4,9,0.8,102,0.5,0,0.55,0.309090909,1,4,8.090909091,2,0.9091
5,5,0,7,8,6,0,7,5,0.916666667,41,1.0,0,0.971830986,0.325,1,2,6.6,1,0.8
1,1,0,20,1,0,19,1,1,2.0,1,0.0,0,0.0,1.0,0,0,0.0,1,1.0
8,2,0,5,15,26,1,4,7,0.714285714,49,1.0,1,0.4,0.285714286,0,0,5.0,1,0.75
0,1,0,5,0,0,4,1,0,2.0,0,0.0,0,0.0,0.0,0,0,0.0,0,0.0
2,1,0,3,6,0,1,2,2,0.0,26,1.0,0,0.0,0.666666667,0,0,11.5,2,1.0
18,5,0,11,60,39,0,11,16,0.607843137,305,1.0,1,0.862903226,0.268518519,4,7,15.77777778,4,1.2222
5,1,1,4,22,8,3,1,5,0.75,122,0.0,0,0.0,0.6,0,0,23.2,13,3.2
2,3,0,4,6,1,1,4,1,2.0,14,0.0,0,0.984848485,0.75,1,1,6.0,1,0.5
1,1,0,7,1,0,5,2,1,2.0,1,0.0,0,0.0,1.0,0,0,0.0,1,1.0
2,1,0,0,2,1,0,0,2,2.0,2,0.0,0,0.0,0.75,0,0,0.0,1,1.0
2,1,0,0,2,1,0,0,2,2.0,2,0.0,0,0.0,0.75,0,0,0.0,1,1.0
45,2,0,21,67,916,8,16,38,0.686363636,461,1.0,3,0.232142857,0.252525253,1,1,9.133333333,5,1.0889
30,1,0,3,53,331,3,0,24,0.873563218,773,0.0,0,0.0,0.391666667,0,0,24.56666667,6,2.6667
3,2,0,3,5,3,1,2,3,2.0,12,0.0,0,0.666666667,0.777777778,0,0,3.0,1,0.6667
7,2,1,2,8,9,1,1,7,0.666666667,40,1.0,0,0.333333333,0.642857143,0,0,4.428571429,2,1.1429
9,1,7,11,17,24,7,4,5,0.375,125,1.0,2,0.0,0.444444444,0,0,12.66666667,2,1.0
14,1,0,5,14,91,5,0,14,2.0,14,0.0,0,0.0,0.273809524,0,0,0.0,1,1.0
2,3,0,3,7,1,1,3,2,2.0,23,0.0,0,0.96969697,1.0,0,0,10.5,1,0.5
1,1,0,8,1,0,7,1,1,2.0,1,0.0,0,0.0,1.0,0,0,0.0,1,1.0
3,0,0,5,18,3,2,3,3,2.0,65,0.0,0,0.0,0.416666667,0,0,20.66666667,4,1.6667
32,2,0,4,40,330,2,2,2,0.772759857,2011,0.777777778,1,0.225,0.20625,1,1,60.4375,26,4.0938
9,1,0,10,12,26,8,2,8,0.928571429,70,0.428571429,1,0.0,0.375,0,0,6.0,1,0.7778
2,1,0,2,2,1,1,1,2,2.0,2,0.0,0,0.0,1.0,0,0,0.0,1,1.0
6,1,0,3,11,1,1,2,6,0.7,74,1.0,0,0.0,0.555555556,0,0,10.66666667,1,0.8333
2,1,0,9,8,1,2,7,2,2.0,24,0.0,0,0.0,0.5,0,0,11.0,1,0.5
7,2,0,7,32,9,1,7,5,0.75,128,0.5,1,0.545454545,0.5,0,0,17.0,2,0.8571
33,2,0,33,45,390,26,7,32,0.9296875,350,0.8125,1,0.0625,0.163194444,0,0,9.121212121,4,1.0303
5,1,0,10,5,10,6,4,5,2.0,5,0.0,0,0.0,0.4,0,0,0.0,1,1.0
2,2,0,8,8,1,1,7,1,2.0,50,0.0,0,0.947368421,0.625,1,1,24.0,1,0.5
3,3,0,4,10,0,1,4,1,0.75,50,0.5,0,0.961538462,0.555555556,2,3,15.0,1,0.6667
6,3,0,3,9,13,0,3,4,0.4,34,1.0,0,0.791666667,0.375,1,1,4.5,2,1.0
9,4,0,3,12,36,0,3,9,2.0,50,0.0,0,0.911111111,0.555555556,1,5,4.555555556,1,0.8889
6,1,0,4,6,15,4,1,6,2.0,6,0.0,0,0.0,0.888888889,0,0,0.0,1,1.0
20,2,0,23,47,0,10,16,7,0.785087719,1605,0.291666667,11,0.181818182,0.157894737,0,0,78.05,12,3.75
3,5,1,5,10,0,3,2,3,0.75,33,1.0,1,0.944444444,0.583333333,0,0,9.333333333,1,0.3333
14,3,0,7,46,27,0,7,8,0.837606838,372,0.666666667,0,0.74,0.214285714,1,1,24.92857143,5,1.8571
10,3,0,6,12,37,6,2,10,0.888888889,52,1.0,0,0.956097561,0.4,1,1,3.8,1,0.9
0,1,0,2,0,0,1,1,0,2.0,0,0.0,0,0.0,0.0,0,0,0.0,0,0.0
21,4,0,11,56,24,0,11,19,0.7875,715,1.0,0,0.795918367,0.285714286,3,4,32.66666667,16,2.1905
7,3,0,10,16,9,1,9,6,0.5,55,1.0,1,0.97029703,0.314285714,2,5,6.714285714,2,1.0
5,1,0,1,6,6,1,0,5,0.75,24,1.0,0,0.0,0.7,0,0,3.4,1,0.8
10,1,0,5,21,45,0,5,10,2.0,116,0.0,0,0.0,0.5,0,0,10.6,1,0.9
13,1,0,6,43,76,3,3,11,0.916666667,180,1.0,0,0.0,0.1,0,0,12.76923077,1,0.8462
12,1,0,4,37,0,3,1,1,0.766233766,340,1.0,0,0.0,0.818181818,0,0,26.16666667,3,1.6667
11,4,0,8,38,55,0,8,10,2.0,122,0.0,0,0.900990099,0.303030303,1,1,10.09090909,2,1.0
4,3,2,6,12,0,5,1,4,0.0,57,1.0,1,0.857142857,0.5,2,2,13.0,2,1.0
54,1,0,32,140,651,3,29,7,0.766925638,1806,0.705882353,1,0.0,0.174004193,0,0,32.12962963,14,3.0556
14,5,0,12,41,29,6,6,13,0.875739645,377,0.538461538,2,0.76,0.196581197,1,4,25.0,9,2.2857
8,2,0,20,59,20,2,19,4,0.821428571,267,1.0,4,0.416666667,0.666666667,1,1,31.875,1,0.875
4,3,0,1,15,6,0,1,3,1.333333333,2120,0.0,0,0.926829268,0.333333333,0,0,495.5,2,1.0
16,2,1,22,53,0,2,21,14,0.466666667,577,1.0,1,0.605263158,0.23125,1,5,34.875,6,1.25
10,6,0,30,48,1,2,28,10,0.518518519,302,1.0,2,0.925233645,0.242857143,4,5,28.9,8,1.6
5,1,0,8,18,0,2,6,5,0.25,143,1.0,0,0.0,0.6,0,0,27.4,5,3.0
1,1,0,1,2,0,1,0,1,2.0,12,0.0,0,0.0,1.0,0,0,9.0,0,0.0
13,2,0,18,42,26,1,18,9,0.738095238,183,1.0,2,0.333333333,0.230769231,0,0,12.53846154,5,1.3077
7,1,0,19,48,21,0,19,3,1.166666667,393,1.0,0,0.0,0.469387755,0,0,55.0,1,0.8571
13,2,0,7,52,58,1,6,8,0.76984127,1337,1.0,3,0.266666667,0.2,0,0,100.2307692,4,1.0769
1,1,0,0,1,0,0,0,1,2.0,1,0.0,0,0.0,1.0,0,0,0.0,1,1.0
11,1,0,31,14,15,31,0,9,0.792307692,174,0.0,5,0.0,0.35,0,0,13.63636364,7,2.0
10,3,0,9,70,1,1,8,8,0.703703704,440,0.666666667,1,0.804347826,0.466666667,1,1,42.4,6,1.9
19,3,0,10,61,135,0,10,16,0.888888889,504,1.0,0,0.672727273,0.378947368,1,1,24.78947368,13,1.9474
22,4,0,14,66,151,3,14,11,0.852813853,603,1.0,1,0.62962963,0.164502165,1,1,25.90909091,15,2.6818
12,1,0,15,37,0,15,1,5,0.709090909,344,1.0,0,0.0,0.4375,0,0,27.25,5,2.0833
10,2,0,4,29,17,1,4,6,0.728395062,278,1.0,1,0.653846154,0.3,1,3,25.9,10,2.5
2,5,0,4,7,0,2,2,2,0.0,23,1.0,0,0.95,0.666666667,0,0,10.0,1,0.5
12,3,0,8,19,60,1,8,9,0.363636364,101,1.0,0,0.633333333,0.354166667,1,1,7.333333333,3,1.1667
4,3,0,12,12,6,3,10,3,2.0,43,0.0,0,0.949152542,0.4,1,4,9.75,1,0.75
1,1,0,5,1,0,3,2,1,2.0,1,0.0,0,0.0,1.0,0,0,0.0,1,1.0
13,3,0,10,65,0,3,7,9,0.375,644,0.0,1,0.821428571,0.369230769,3,5,48.38461538,4,1.5385
6,6,0,6,36,3,3,4,3,0.533333333,203,1.0,1,0.994993742,0.32,2,11,31.83333333,8,2.3333
4,1,0,13,21,4,4,9,3,0.666666667,132,1.0,0,0.0,0.4,0,0,31.75,6,2.75
11,1,0,7,51,31,5,2,8,0.927272727,489,0.454545455,1,0.0,0.3,0,0,42.45454545,15,3.4545
35,3,0,15,75,323,9,7,35,0.205882353,556,1.0,0,0.859649123,0.234920635,0,0,14.85714286,13,1.9429
42,3,0,29,135,617,5,27,27,0.860310421,2384,1.0,9,0.830508475,0.136298422,2,7,55.5,26,2.0952
13,1,0,28,13,78,24,9,13,2.0,13,0.0,0,0.0,0.185897436,0,0,0.0,1,1.0
17,1,0,24,34,136,7,17,16,2.0,138,0.0,0,0.0,0.196078431,0,0,7.117647059,1,0.9412
4,3,0,1,15,6,0,1,3,1.333333333,1166,0.0,0,0.926829268,0.333333333,0,0,271.25,2,1.0
2,1,0,3,2,1,2,1,2,2.0,2,0.0,0,0.0,1.0,0,0,0.0,1,1.0
10,1,4,26,13,45,24,2,9,1.0,28,0.0,0,0.0,0.407407407,0,0,1.6,1,0.8
3,1,0,2,5,3,2,0,3,2.0,19,0.0,0,0.0,0.5,0,0,5.333333333,1,0.6667
3,3,0,6,7,3,1,5,3,2.0,24,0.0,0,0.952380952,0.555555556,1,1,7.0,1,0.6667
16,1,2,23,25,106,21,2,15,0.8,128,1.0,0,0.0,0.205357143,0,0,6.875,3,1.1875
8,1,1,0,27,28,0,0,7,2.0,128,0.0,0,0.0,0.333333333,0,0,15.0,1,0.875
11,2,0,10,96,21,2,10,3,0.828571429,1272,0.5,3,0.333333333,0.236363636,0,0,113.3636364,17,4.9091
6,3,0,5,21,1,0,5,6,0.7,136,1.0,0,0.880952381,0.416666667,2,2,21.0,1,0.8333
3,1,0,4,3,3,2,2,3,2.0,3,0.0,0,0.0,0.666666667,0,0,0.0,1,1.0
4,3,0,21,30,0,5,17,4,0.833333333,127,1.0,0,0.949152542,0.416666667,1,3,30.25,4,2.0
5,2,0,4,11,10,0,4,5,2.0,44,0.0,0,0.6,0.9,1,1,7.8,2,1.0
2,1,0,9,2,1,8,1,2,2.0,2,0.0,0,0.0,0.75,0,0,0.0,1,1.0
14,1,0,12,29,1,2,11,13,0.794871795,193,0.0,1,0.0,0.328571429,0,0,12.35714286,2,1.0
5,1,0,4,5,10,3,1,5,2.0,5,0.0,0,0.0,0.55,0,0,0.0,1,1.0
41,3,2,17,105,700,2,15,32,0.925,988,0.956521739,2,0.480519481,0.195121951,0,0,22.53658537,10,1.6341
3,2,0,2,6,3,0,2,1,2.0,12,0.0,0,0.714285714,0.666666667,1,2,3.0,1,0.6667
4,4,0,13,13,6,1,12,4,2.0,59,0.0,0,0.96969697,0.4375,2,4,13.75,3,1.25
3,1,0,0,4,3,0,0,3,2.0,20,0.0,0,0.0,0.5,0,0,5.666666667,2,1.0
16,2,1,26,51,50,8,19,16,0.746666667,356,0.8,1,0.666666667,0.1875,2,10,20.9375,9,2.25
6,1,0,8,23,3,4,4,5,0.68,128,0.0,1,0.0,0.458333333,0,0,19.5,2,1.3333
16,1,0,0,16,120,0,0,16,2.0,16,0.0,0,0.0,0.645833333,0,0,0.0,1,1.0
43,4,0,15,111,759,6,14,37,0.956190476,981,0.88,3,0.938953488,0.121645796,3,17,21.23255814,31,1.8837
4,4,0,3,11,0,0,3,4,0.0,84,1.0,0,0.945945946,0.4375,0,0,19.75,12,3.25
9,1,0,3,20,36,0,3,9,2.0,204,0.0,0,0.0,0.333333333,0,0,21.66666667,4,2.6667
40,1,0,19,123,340,2,19,33,0.733974359,1685,1.0,4,0.0,0.211363636,0,0,40.725,13,2.3
11,1,0,5,22,55,2,3,10,2.0,86,0.0,0,0.0,0.181818182,0,0,6.818181818,1,0.9091
1,1,0,3,1,0,1,2,1,2.0,1,0.0,0,0.0,1.0,0,0,0.0,1,1.0
4,2,0,5,11,4,1,4,2,0.833333333,108,1.0,1,0.5,0.4,1,1,25.5,3,1.25
11,2,0,9,31,23,0,9,5,0.55,410,1.0,0,0.869565217,0.313131313,1,5,36.09090909,1,0.8182
10,4,0,17,36,3,5,12,10,0.583333333,253,1.0,2,0.795454545,0.266666667,1,3,23.9,7,2.3
32,4,2,18,88,354,6,13,28,0.88172043,686,1.0,2,0.86695279,0.180555556,3,19,20.15625,10,1.8438
9,5,0,23,82,20,2,22,9,0.6875,593,1.0,1,0.965811966,0.311111111,5,10,64.66666667,1,0.8889
5,2,0,5,12,0,1,4,4,0.0,34,0.0,0,0.75,0.4,0,0,5.6,1,0.8
4,3,0,5,15,0,1,5,1,0.666666667,95,0.5,0,0.946428571,0.5,2,17,22.25,2,1.0
23,2,0,8,48,235,2,6,21,0.924242424,379,0.444444444,0,0.35483871,0.289855072,1,5,15.08695652,6,1.4783
19,5,0,13,77,71,8,10,8,0.813131313,498,1.0,3,0.973174367,0.198830409,0,0,24.63157895,9,2.0526
4,3,0,6,17,0,1,6,1,0.666666667,75,0.5,0,0.96,0.5,2,8,17.25,3,1.25
7,3,0,17,16,1,1,16,7,0.333333333,70,1.0,0,0.922077922,0.371428571,2,8,8.857142857,2,1.1429
5,1,0,14,21,0,11,3,5,0.0,75,1.0,0,0.0,0.4,0,0,13.8,2,1.0
2,1,0,4,2,1,2,2,2,2.0,2,0.0,0,0.0,0.666666667,0,0,0.0,1,1.0
7,4,0,3,10,21,0,3,7,2.0,39,0.0,0,0.931818182,0.571428571,1,6,4.571428571,1,0.8571
10,3,0,21,32,0,4,18,7,0.583333333,262,1.0,0,0.875,0.266666667,2,6,24.8,10,2.1
0,1,0,0,0,0,0,0,0,2.0,0,0.0,0,0.0,0.0,0,0,0.0,0,0.0
7,1,0,8,19,0,3,7,5,0.5,157,0.0,1,0.0,0.458333333,0,0,21.14285714,4,1.4286
11,1,0,0,11,55,0,0,11,2.0,11,0.0,0,0.0,0.348484848,0,0,0.0,1,1.0
37,1,0,47,37,666,47,0,37,2.0,37,0.0,0,0.0,0.191891892,1,1,0.0,1,1.0
17,1,0,4,52,50,0,4,16,0.65625,569,1.0,0,0.0,0.196078431,0,0,32.23529412,14,1.8824
6,2,4,9,14,7,4,5,5,0.6,49,1.0,2,0.722222222,0.375,0,0,6.833333333,2,1.0
31,2,0,13,58,0,1,12,24,0.814583333,2499,0.625,3,0.194444444,0.203030303,1,4,79.09677419,5,1.2581
5,3,0,20,30,0,0,20,4,0.75,144,1.0,1,0.933333333,0.333333333,2,6,27.4,3,1.2
1,6,0,17,2,0,16,1,1,2.0,6,0.0,0,1.0,1.0,0,0,5.0,0,0.0
1,1,0,10,1,0,8,2,1,2.0,1,0.0,0,0.0,1.0,0,0,0.0,1,1.0
7,3,0,17,16,1,1,16,7,0.333333333,70,1.0,0,0.922077922,0.371428571,2,8,8.857142857,2,1.1429
3,1,0,5,13,3,1,4,3,2.0,58,0.0,0,0.0,0.666666667,0,0,18.33333333,3,1.3333
6,2,0,16,14,3,8,8,5,0.666666667,92,1.0,0,0.782608696,0.444444444,0,0,13.83333333,1,0.8333
2,4,0,20,32,0,1,20,1,0.333333333,202,1.0,2,0.971428571,0.666666667,1,1,97.0,1,0.5
2,3,0,0,4,1,0,0,2,2.0,9,0.0,0,1.0,0.75,0,0,3.5,0,0.0
2,2,0,2,5,1,1,1,1,2.0,11,0.0,0,0.947368421,0.833333333,1,2,4.5,1,0.5
9,1,0,11,9,36,6,5,9,2.0,9,0.0,0,0.0,0.349206349,0,0,0.0,1,1.0
2,1,0,18,15,1,6,15,2,2.0,63,0.0,0,0.0,0.5,0,0,30.5,7,3.5
8,1,0,15,31,28,13,2,6,2.0,287,0.0,0,0.0,0.5,0,0,34.875,7,3.5
7,1,0,1,8,0,1,0,7,0.722222222,104,1.0,0,0.0,0.428571429,0,0,13.0,5,1.4286
76,1,0,97,204,2562,87,23,59,0.933777778,3281,1.0,9,0.0,0.093421053,0,0,41.77631579,13,2.25
7,1,0,6,30,17,0,6,2,0.75,144,0.0,1,0.0,0.277777778,0,0,19.28571429,2,0.8571
15,2,0,6,28,85,2,4,13,0.814285714,209,0.8,0,0.47826087,0.322222222,1,6,12.6,2,0.8667
9,1,0,9,30,22,1,8,5,0.8125,138,1.0,2,0.0,0.265625,0,0,13.66666667,3,1.2222
1,1,0,0,2,0,0,0,0,2.0,24,0.0,0,0.0,1.0,0,0,3.0,0,0.0
3,2,0,10,16,3,0,10,3,2.0,56,0.0,0,0.75,0.555555556,0,0,17.66666667,4,1.6667
12,6,0,12,59,38,5,11,1,0.8,307,1.0,1,0.983823529,0.25,4,12,24.16666667,3,1.5833
19,2,0,13,47,79,5,8,17,0.638888889,552,0.75,1,0.470588235,0.378947368,1,1,27.84210526,6,2.1053
6,1,0,7,12,1,6,2,6,0.666666667,56,0.0,0,0.0,0.555555556,0,0,7.833333333,1,0.8333
6,5,0,11,33,7,5,7,2,0.85,397,1.0,3,0.993055556,0.3,0,0,64.5,2,1.0
13,1,0,17,38,72,13,7,2,1.008333333,644,0.0,2,0.0,0.208333333,0,0,47.76923077,33,5.0769
76,1,4,128,131,2812,104,25,62,0.946666667,722,0.571428571,1,0.0,0.100833333,0,0,8.407894737,12,1.1579
23,1,0,18,70,143,2,17,22,0.878787879,537,0.0,0,0.0,0.181818182,0,0,21.95652174,5,2.2174
20,4,0,6,42,190,2,6,19,1.0,284,0.0,1,0.831858407,0.275,0,0,13.15,4,2.0
42,1,0,11,86,0,4,9,41,0.887195122,572,1.0,2,0.0,0.19047619,0,0,12.42857143,3,1.1429
3,1,0,13,19,3,1,13,3,2.0,207,0.0,0,0.0,0.444444444,0,0,68.0,11,5.3333
12,2,0,16,51,10,2,14,10,0.818181818,435,0.666666667,1,0.541666667,0.238095238,0,0,34.75,27,3.5833
16,1,0,8,36,62,2,6,11,0.72,184,1.0,3,0.0,0.229166667,0,0,10.1875,4,1.3125
4,2,0,4,13,0,1,0,3,0.333333333,41,1.0,1,0.8125,0.583333333,1,2,9.0,1,0.75
8,2,0,2,32,10,1,2,7,1.040816327,223,0.214285714,0,0.588235294,0.46875,1,1,25.125,6,1.5
31,1,0,10,49,379,8,2,29,0.855555556,328,1.0,0,0.0,0.3,0,0,9.290322581,8,1.3548
32,2,0,7,64,312,1,6,32,0.909274194,614,0.8125,0,0.38,0.265625,1,5,17.6875,1,0.9688
12,1,0,0,12,66,0,0,12,2.0,12,0.0,0,0.0,0.5,0,0,0.0,1,1.0
5,3,0,7,23,8,3,5,2,0.875,198,0.5,1,0.904761905,0.44,0,0,38.2,2,1.2
6,3,0,3,19,7,0,3,3,0.8,107,0.5,0,0.636363636,0.4,2,3,16.16666667,1,0.6667
10,1,1,10,20,23,3,9,3,0.777777778,107,1.0,1,0.0,0.351851852,0,0,9.3,1,0.7
7,2,0,4,23,21,1,3,7,2.0,258,0.0,0,0.25,0.5,0,0,35.85714286,6,3.5714
4,4,17,60,8,6,60,0,4,1.333333333,21,1.0,0,1.0,0.666666667,0,0,4.0,0,0.0
18,5,0,16,76,89,5,16,6,0.789915966,348,1.0,2,0.974626866,0.233333333,3,16,17.94444444,2,1.1667
3,5,0,38,6,3,37,1,3,1.5,17,1.0,0,1.0,0.777777778,0,0,4.333333333,0,0.0
4,2,0,8,6,0,1,7,4,0.0,37,1.0,0,0.8,0.45,0,0,8.0,3,1.25
5,1,0,2,14,0,1,1,4,1.178571429,221,0.071428571,0,0.0,0.5,0,0,37.6,9,2.2
4,1,0,36,4,6,36,0,4,2.0,4,0.0,0,0.0,0.75,0,0,0.0,1,1.0
19,6,0,10,62,119,1,0,17,0.931623932,309,1.0,0,0.904255319,0.289473684,3,4,14.57894737,8,1.6316
3,4,0,1,4,1,0,1,2,0.5,499,0.0,0,0.976190476,1.0,0,0,165.0,1,0.3333
4,5,1,18,73,6,2,17,3,2.0,462,0.0,0,0.986111111,0.5,4,6,114.5,3,1.25
2,1,0,3,2,1,3,0,2,2.0,10,0.0,0,0.0,0.666666667,0,0,0.0,1,1.0
19,1,2,54,26,157,46,10,17,0.99382716,96,0.444444444,1,0.0,0.157407407,0,0,3.578947368,1,0.8947
41,1,0,6,54,516,5,1,41,0.875,507,0.0,0,0.0,0.297560976,0,0,10.95121951,1,0.9268
3,3,2,6,6,1,5,1,3,0.5,25,1.0,0,0.882352941,0.833333333,1,1,7.0,3,1.3333
4,1,0,4,4,6,3,1,4,2.0,4,0.0,0,0.0,0.5,0,0,0.0,1,1.0
14,2,6,15,44,81,6,9,6,0.964102564,1123,0.333333333,0,0.47826087,0.295918367,1,1,78.14285714,2,0.9286
11,2,0,2,24,35,1,1,7,0.866666667,163,0.666666667,0,0.64,0.303030303,2,3,13.54545455,4,1.4545
37,1,1,8,57,440,6,4,0,0.793209877,812,0.722222222,3,0.0,0.289189189,0,0,20.45945946,15,2.2162
22,7,0,8,85,187,4,7,3,0.761904762,695,1.0,1,0.97473997,0.174603175,3,5,30.04545455,5,1.0
6,8,0,7,14,15,3,4,4,1.0,147,1.0,2,0.997028232,0.5,1,2,23.16666667,1,0.3333
11,2,0,6,22,35,1,5,9,0.8,122,0.5,0,0.55,0.309090909,1,4,9.909090909,2,0.9091
4,1,0,3,11,4,1,3,0,1.095238095,357,0.428571429,3,0.0,0.428571429,0,0,86.5,7,3.5
3,1,0,9,3,3,6,3,3,2.0,3,0.0,0,0.0,0.933333333,0,0,0.0,1,1.0
3,5,0,5,9,0,4,1,3,0.0,44,1.0,0,0.944444444,0.666666667,0,0,13.33333333,1,0.3333
12,1,0,8,30,54,1,0,10,0.840909091,169,1.0,0,0.0,0.5,0,0,12.75,3,1.4167
14,1,0,0,15,81,0,0,14,0.876923077,75,1.0,0,0.0,0.392857143,0,0,4.0,1,0.7143
8,2,0,17,29,0,17,0,8,0.714285714,120,0.0,0,0.666666667,0.34375,0,0,13.75,2,1.0
4,2,0,3,6,6,1,3,4,2.0,14,0.0,0,0.96875,0.625,1,4,2.5,1,0.75
130,2,0,117,391,7393,66,68,122,0.942357384,3398,0.743589744,16,0.092198582,0.053123575,1,2,24.83846154,4,1.3231
4,4,0,6,21,6,2,4,2,1.333333333,198,1.0,0,0.971830986,0.392857143,1,9,48.25,1,0.5
13,2,0,16,27,34,9,11,10,0.869047619,126,1.0,3,0.388888889,0.185185185,1,1,8.153846154,2,1.0
7,1,0,1,11,7,1,0,7,0.333333333,98,0.0,0,0.0,0.714285714,0,0,12.57142857,7,1.4286
6,1,0,1,16,11,1,0,2,0.85,202,1.0,0,0.0,0.361111111,0,0,32.0,1,0.8333
0,1,0,0,0,0,0,0,0,2.0,0,0.0,0,0.0,0.0,0,0,0.0,0,0.0
3,3,0,6,5,1,3,3,2,1.357142857,25,0.0,0,0.9,0.5,0,0,5.0,1,0.6667
5,1,0,4,20,0,0,4,4,0.333333333,144,1.0,1,0.0,0.9,0,0,27.2,5,2.2
17,4,0,15,62,78,4,14,12,0.8125,416,0.8,1,0.719298246,0.205882353,0,0,23.17647059,16,2.8235
7,1,1,5,10,13,3,2,2,0.861111111,99,0.75,2,0.0,0.571428571,0,0,11.42857143,1,0.8571
12,1,0,3,44,64,1,2,0,0.981818182,586,1.0,0,0.0,0.318181818,0,0,47.41666667,8,1.8333
13,1,0,2,27,0,1,1,13,0.694444444,168,0.0,1,0.0,0.4,0,0,11.69230769,6,1.6923
3,3,2,6,6,1,5,1,3,0.5,25,1.0,0,0.882352941,0.833333333,1,1,7.0,3,1.3333
10,1,0,5,29,33,0,5,5,0.777777778,235,1.0,2,0.0,0.422222222,0,0,22.2,4,1.2
11,2,0,5,21,49,2,3,9,1.0,109,0.2,0,0.578947368,0.522727273,1,6,8.454545455,2,0.8182
3,1,0,5,4,3,5,0,2,1.4375,23,0.0,2,0.0,0.5,0,0,4.0,2,1.0
6,1,0,1,15,13,0,1,5,0.6,68,1.0,1,0.0,0.444444444,0,0,10.16666667,2,1.0
12,1,0,71,21,0,71,0,9,0.136363636,138,0.0,0,0.0,0.291666667,1,1,10.33333333,6,1.3333
3,1,0,3,6,3,1,2,3,2.0,14,0.0,0,0.0,1.0,0,0,3.666666667,1,0.6667
6,2,0,2,11,9,1,1,6,0.2,45,1.0,0,0.5,0.416666667,0,0,6.333333333,2,0.8333
1,1,0,0,1,0,0,0,1,2.0,1,0.0,0,0.0,1.0,0,0,0.0,1,1.0
16,1,0,7,34,10,4,6,7,0.586666667,399,1.0,2,0.0,0.214814815,0,0,23.3125,1,0.75
13,5,0,11,34,68,5,7,12,0.75,199,1.0,0,0.837837838,0.292307692,2,8,14.15384615,5,2.1538
14,1,0,9,16,91,9,0,14,2.0,228,0.0,0,0.0,0.261904762,0,0,15.28571429,2,1.6429
12,2,0,4,24,46,0,4,10,0.818181818,141,0.5,0,0.55,0.5,1,6,10.58333333,2,0.8333
61,1,0,11,77,714,7,4,60,0.629166667,1486,0.875,0,0.0,0.219262295,0,0,23.2295082,9,2.2459
1,1,0,6,1,0,6,0,1,2.0,1,0.0,0,0.0,1.0,0,0,0.0,1,1.0
35,1,0,0,35,595,0,0,35,2.0,35,0.0,0,0.0,0.371428571,0,0,0.0,1,1.0
1,1,0,6,10,0,3,4,0,2.0,80,0.0,3,0.0,1.0,0,0,71.0,0,0.0
11,1,0,5,21,9,2,3,11,0.25,92,1.0,0,0.0,0.454545455,0,0,7.181818182,1,0.6364
42,3,0,6,69,763,2,4,40,0.902439024,386,1.0,0,0.735099338,0.146520147,3,16,8.166666667,2,0.9762
13,1,9,12,14,8,12,0,9,0.444444444,293,1.0,0,0.0,0.461538462,0,0,21.30769231,7,2.0769
4,3,0,1,15,6,0,1,3,1.333333333,1166,0.0,0,0.926829268,0.333333333,0,0,271.25,2,1.0
8,3,0,4,19,0,2,2,7,1.142857143,161,0.5,0,0.772727273,0.35,1,5,18.875,1,0.625
43,3,1,25,120,451,9,16,30,0.893374741,920,1.0,5,0.480519481,0.146825397,0,0,19.86046512,15,1.5116
9,5,2,25,29,22,3,23,9,0.75,214,1.0,1,0.925233645,0.259259259,3,4,22.44444444,2,1.0
20,1,0,13,20,190,5,9,20,2.0,20,0.0,0,0.0,0.3,0,0,0.0,1,1.0
5,2,0,1,15,10,0,1,5,2.0,305,0.0,0,0.5,0.35,2,5,60.0,8,2.2
3,5,0,5,14,3,1,4,3,2.0,55,0.0,0,0.996946565,1.0,0,0,17.33333333,1,0.6667
2,1,0,4,2,1,3,2,2,2.0,2,0.0,0,0.0,0.75,0,0,0.0,1,1.0
3,1,0,4,9,1,1,3,3,0.0,47,1.0,0,0.0,0.5,0,0,14.33333333,2,1.0
13,4,0,2,21,78,0,2,13,2.0,103,0.0,0,0.886792453,0.403846154,0,0,6.923076923,3,1.2308
10,1,0,16,10,45,6,10,10,2.0,10,0.0,0,0.0,0.288888889,0,0,0.0,1,1.0
1,1,0,3,1,0,3,0,1,2.0,1,0.0,0,0.0,1.0,0,0,0.0,1,1.0
26,1,15,42,51,279,32,10,21,0.792,326,1.0,3,0.0,0.205128205,0,0,11.34615385,3,1.1923
10,1,0,46,16,15,46,0,10,0.055555556,235,0.0,0,0.0,0.375,1,1,22.1,8,2.1
7,4,0,3,10,21,0,3,7,2.0,39,0.0,0,0.931818182,0.571428571,1,6,4.571428571,1,0.8571
2,5,0,3,7,0,2,1,2,0.0,25,1.0,0,0.944444444,0.666666667,0,0,11.0,1,0.5
2,1,0,1,23,1,1,0,2,2.0,145,0.0,0,0.0,0.5,0,0,71.5,8,4.0
4,4,12,33,8,6,33,0,4,1.333333333,21,1.0,0,1.0,0.666666667,0,0,4.0,0,0.0
5,2,0,11,38,8,1,11,1,0.75,220,1.0,1,0.75,0.4375,2,4,42.8,12,2.8
14,2,0,6,33,65,2,4,12,0.743589744,229,0.666666667,0,0.5,0.4,1,6,15.14285714,2,1.0714
4,3,0,1,5,4,0,1,3,0.666666667,16,1.0,1,0.948717949,0.666666667,1,1,2.75,1,0.5
23,1,0,24,41,247,11,23,23,0.893939394,127,1.0,3,0.0,0.178743961,0,0,4.391304348,1,0.9565
1,1,0,1,2,0,1,0,0,2.0,6,0.0,0,0.0,1.0,0,0,3.0,0,0.0
3,1,0,4,6,0,2,2,2,0.5,33,1.0,1,0.0,0.666666667,0,0,9.0,2,1.0
2,1,0,3,5,1,3,2,2,2.0,17,0.0,0,0.0,0.666666667,0,0,7.5,2,1.0
3,3,0,6,8,3,1,6,2,2.0,22,0.0,0,0.970588235,0.666666667,1,1,6.333333333,1,0.3333
9,1,0,22,9,36,18,4,9,2.0,9,0.0,0,0.0,0.259259259,0,0,0.0,1,1.0
8,4,0,10,24,16,6,7,8,0.571428571,97,0.0,1,0.966507177,0.3,2,4,11.0,3,1.125
3,4,2,3,4,0,2,1,3,0.5,21,1.0,0,0.9,0.5,0,0,5.333333333,1,0.6667
6,2,0,16,14,3,8,8,5,0.666666667,93,1.0,0,0.782608696,0.444444444,0,0,14.0,1,0.8333
1,8,0,4,15,0,2,4,1,2.0,79,0.0,0,1.0,1.0,0,0,78.0,0,0.0
26,2,0,6,41,217,2,4,23,0.864,341,0.9,3,0.333333333,0.352,1,6,11.73076923,2,0.8846
4,1,0,2,13,6,1,1,4,2.0,45,0.0,0,0.0,0.625,0,0,10.25,2,1.0
10,2,0,4,14,45,2,2,10,1.111111111,63,0.333333333,0,0.272727273,0.32,0,0,5.0,1,0.8
5,2,0,5,37,4,0,5,2,0.5,250,1.0,0,0.8,0.5,1,3,48.8,11,2.8
4,1,0,4,31,0,4,0,2,0.5,179,1.0,0,0.0,0.333333333,0,0,42.75,4,2.0
7,3,0,89,13,0,88,2,7,0.083333333,98,0.0,2,0.85,0.371428571,1,2,12.71428571,3,0.7143
8,2,0,9,21,0,2,7,6,0.285714286,167,1.0,0,0.695652174,0.40625,1,2,19.75,4,1.875
17,2,0,8,41,66,4,4,15,0.85,319,0.4,0,0.44,0.31372549,1,6,17.47058824,3,1.2353
1,1,0,5,1,0,5,0,1,2.0,1,0.0,0,0.0,1.0,0,0,0.0,1,1.0
1,1,0,0,1,0,0,0,1,2.0,1,0.0,0,0.0,1.0,0,0,0.0,1,1.0
9,2,0,3,24,22,1,2,5,0.708333333,113,1.0,1,0.787878788,0.34375,2,3,11.22222222,2,1.0
6,1,0,14,28,7,2,12,3,0.666666667,213,1.0,0,0.5,0.4,1,1,34.0,1,0.6667
2,1,0,2,2,1,1,1,2,2.0,2,0.0,0,0.0,0.75,0,0,0.0,1,1.0
7,1,0,3,12,9,1,2,7,0.0,59,1.0,1,0.0,0.5,0,0,7.285714286,1,0.8571
6,1,0,3,14,7,2,2,6,0.5,63,1.0,1,0.0,0.4,0,0,9.166666667,2,1.0
3,4,0,7,8,3,3,4,2,2.0,27,0.0,0,0.988636364,0.666666667,3,4,8.0,2,0.6667
4,5,0,5,21,0,0,5,4,0.333333333,87,1.0,0,0.98089172,1.0,1,1,20.5,3,1.25
6,2,0,7,20,9,1,7,3,0.0,136,1.0,0,0.545454545,0.433333333,1,2,21.5,5,1.5
23,1,0,63,23,253,55,11,23,1.045454545,25,0.0,0,0.0,0.168478261,0,0,0.0,1,1.0
5,3,0,1,16,8,0,1,3,1.246296296,2125,0.0,0,0.926829268,0.333333333,0,0,397.0,2,0.8
4,1,0,6,21,6,2,4,2,2.0,91,0.0,0,0.0,0.75,0,0,21.75,4,1.5
11,2,0,7,21,35,2,5,9,0.8,107,0.5,0,0.55,0.257575758,1,4,8.545454545,2,0.9091
2,1,0,4,15,0,1,3,2,0.25,77,0.0,1,0.0,0.666666667,0,0,35.5,2,1.0
25,2,0,18,117,230,2,17,14,0.958333333,877,0.789473684,0,0.571428571,0.222222222,1,4,33.32,5,1.64
5,2,1,8,23,4,2,6,3,0.25,118,1.0,1,0.571428571,0.457142857,0,0,22.4,2,0.8
1,4,0,0,2,0,0,0,1,2.0,24,0.0,0,1.0,1.0,0,0,7.0,0,0.0
10,1,1,12,46,0,1,11,7,0.814814815,357,0.5,1,0.0,0.422222222,0,0,34.1,2,1.1
2,3,0,5,30,1,3,3,1,2.0,183,0.0,0,0.962962963,0.666666667,2,5,90.5,9,4.5
7,1,0,48,7,21,48,1,7,2.0,7,0.0,0,0.0,0.428571429,0,0,0.0,1,1.0
42,2,0,18,89,673,2,16,35,0.951219512,1494,0.75,7,0.601941748,0.177489177,2,12,33.80952381,5,1.2619
31,3,0,19,107,391,0,19,28,0.922807018,977,0.894736842,5,0.560606061,0.15,3,3,29.90322581,3,1.129
9,6,0,12,28,6,4,8,4,0.125,143,1.0,0,0.953125,0.288888889,5,18,14.77777778,4,1.5556
4,1,0,23,4,6,22,1,4,2.0,4,0.0,0,0.0,0.5,0,0,0.0,1,1.0
3,3,0,7,7,3,2,5,3,2.0,25,0.0,0,0.953488372,0.555555556,1,1,7.333333333,1,0.6667
3,1,0,3,7,0,1,2,3,0.0,21,1.0,0,0.0,0.666666667,0,0,5.666666667,1,0.6667
12,1,0,2,42,0,1,1,12,0.386363636,234,1.0,0,0.0,0.444444444,0,0,18.16666667,4,1.5833
2,2,0,10,9,1,1,9,1,1.0,36,0.0,0,0.947368421,0.625,1,1,16.0,1,0.5
5,1,0,7,5,10,6,1,5,2.0,5,0.0,0,0.0,0.4,0,0,0.0,1,1.0
12,2,0,5,24,46,1,4,10,1.0,145,0.166666667,0,0.55,0.5,1,6,10.58333333,2,0.8333
42,1,0,10,89,335,6,5,39,0.667917448,875,0.923076923,1,0.0,0.125396825,0,0,19.52380952,6,1.2857
23,3,0,19,75,167,7,14,20,0.909090909,797,0.222222222,0,0.487804878,0.207070707,1,2,33.26086957,17,1.6087
14,3,0,18,34,65,5,17,14,0.615384615,149,1.0,2,0.717948718,0.2,0,0,9.5,2,0.8571
3,1,0,9,15,1,1,8,3,0.5,97,0.0,3,0.0,0.458333333,0,0,30.0,1,0.6667
23,1,0,31,128,39,4,30,0,0.812937063,1901,0.884615385,10,0.0,0.169421488,0,0,80.52173913,6,1.087
11,3,0,11,19,35,7,6,11,0.875,86,0.75,3,0.951456311,0.272727273,2,6,6.454545455,1,0.9091
4,6,0,8,13,6,6,2,4,2.0,44,0.0,0,0.96969697,0.625,2,3,10.0,2,1.0
6,3,0,9,26,15,0,9,6,2.0,160,0.0,0,0.975124378,0.444444444,2,6,25.66666667,4,1.3333
3,1,6,28,5,3,25,3,3,2.0,15,0.0,0,0.0,0.833333333,0,0,4.0,1,0.6667
3,1,0,1,7,0,0,1,2,0.0,23,0.0,0,0.0,0.555555556,0,0,6.333333333,1,0.6667
2,1,0,3,2,1,3,1,2,2.0,2,0.0,0,0.0,1.0,0,0,0.0,1,1.0
2,1,0,2,3,1,2,0,0,1.0,38,0.0,1,0.0,1.0,0,0,16.0,2,1.0
3,2,0,3,5,3,1,2,0,2.0,24,0.0,0,0.5,0.555555556,0,0,7.0,2,1.3333
17,1,0,9,35,72,2,7,4,0.65,474,1.0,6,0.0,0.31372549,0,0,26.29411765,4,1.1176
17,4,0,2,27,136,0,2,17,2.0,123,0.0,0,0.854545455,0.317647059,0,0,6.235294118,3,1.1765
7,2,1,4,12,15,3,2,7,0.916666667,80,0.75,0,0.88,0.523809524,1,4,9.857142857,3,1.8571
2,5,0,5,6,1,0,5,2,2.0,14,0.0,0,0.982142857,0.75,2,7,6.0,1,0.5
9,2,0,5,19,24,1,4,7,0.875,97,0.5,0,0.611111111,0.311111111,1,4,9.555555556,2,0.8889
5,1,0,4,13,0,0,4,5,0.5,65,1.0,0,0.0,0.8,0,0,11.6,3,1.2
23,2,0,7,37,219,2,5,21,0.850649351,345,0.857142857,0,0.35483871,0.347826087,1,5,13.69565217,6,1.5652
9,2,0,4,24,0,0,4,9,0.625,109,1.0,2,0.619047619,0.288888889,1,6,10.77777778,3,1.2222
3,3,0,9,14,3,4,6,3,2.0,48,0.0,0,0.972222222,0.533333333,2,2,15.0,3,1.0
4,2,0,11,21,6,4,9,4,2.0,170,0.0,0,0.933333333,0.416666667,1,1,41.5,1,0.5
7,1,0,12,37,21,5,7,7,2.0,256,0.0,0,0.0,0.404761905,0,0,35.57142857,4,1.2857
2,2,0,7,6,1,1,6,1,2.0,36,0.0,0,0.947368421,0.625,1,1,17.0,1,0.5
5,4,0,5,21,10,0,5,4,2.0,71,0.0,0,0.957894737,0.533333333,1,1,13.2,2,1.0
2,3,0,3,5,0,1,2,1,0.0,15,1.0,0,1.0,1.0,0,0,6.0,0,0.0
10,3,0,5,41,21,0,5,5,0.666666667,214,1.0,0,0.804347826,0.433333333,0,0,20.0,2,1.0
4,2,0,17,7,0,1,16,4,0.166666667,93,1.0,0,0.8,0.4,0,0,21.75,12,4.0
3,4,0,2,6,3,0,2,3,2.0,17,0.0,0,0.979166667,0.666666667,0,0,4.666666667,1,0.6667
103,1,0,47,260,4423,21,33,71,0.903313049,3559,1.0,6,0.0,0.098039216,1,1,33.27184466,26,2.5631
2,1,0,4,2,1,4,0,2,2.0,2,0.0,0,0.0,0.666666667,0,0,0.0,1,1.0
2,1,0,0,2,1,0,0,2,2.0,2,0.0,0,0.0,0.75,0,0,0.0,1,1.0
4,5,0,7,17,0,5,5,2,0.5,61,1.0,1,0.995856354,0.416666667,0,0,13.75,2,1.0
12,2,14,23,23,0,17,8,12,0.363636364,149,1.0,2,0.731707317,0.21875,1,7,11.25,5,1.5833
1,1,0,8,1,0,8,0,1,2.0,1,0.0,0,0.0,1.0,0,0,0.0,1,1.0
3,5,0,2,4,3,1,1,0,2.0,10,0.0,0,0.990950226,1.0,1,1,2.333333333,1,0.6667
9,1,2,9,24,30,4,7,7,0.625,97,1.0,0,0.0,0.26984127,0,0,9.666666667,2,1.0
25,4,0,14,65,234,2,13,20,0.904166667,402,1.0,0,0.671232877,0.37,1,2,14.68,1,0.96
29,1,0,24,44,0,23,1,21,0.640625,1655,0.0625,1,0.0,0.242063492,0,0,55.51724138,11,3.0
3,1,6,8,4,3,7,1,0,2.0,6,0.0,0,0.0,0.555555556,0,0,1.0,1,0.6667
3,1,1,7,9,0,5,2,3,0.0,47,1.0,0,0.0,0.666666667,0,0,14.33333333,1,0.6667
1,1,0,2,1,0,1,1,1,2.0,1,0.0,0,0.0,1.0,0,0,0.0,1,1.0
9,2,0,4,19,10,1,3,6,0.729166667,159,1.0,1,0.529411765,0.277777778,1,1,16.0,3,1.1111
6,1,0,17,32,11,1,16,2,1.044444444,242,0.777777778,1,0.0,0.333333333,0,0,37.83333333,13,2.8333
12,2,0,6,18,54,4,2,8,0.924242424,222,1.0,1,0.230769231,0.3125,1,2,17.0,5,1.3333
81,3,0,35,213,2518,7,35,74,0.94,2199,0.966666667,10,0.318965517,0.1375,3,3,25.77777778,13,1.6543
8,2,0,7,41,2,0,7,6,0.6,425,0.8,0,0.631578947,0.325,1,2,51.5,6,1.875
13,5,0,7,39,0,1,6,7,0.712962963,424,1.0,0,0.717948718,0.292307692,2,5,30.92307692,9,1.4615
15,3,0,6,32,61,1,5,14,0.595238095,168,1.0,0,0.936170213,0.366666667,1,3,10.0,2,0.9333
4,1,0,16,79,0,1,15,3,0.0,435,1.0,1,0.0,0.5,0,0,107.5,1,0.75
16,4,0,8,27,68,0,0,16,0.847619048,175,1.0,0,0.817073171,0.71875,0,0,9.5,1,0.9375
13,1,0,6,13,78,6,0,13,2.0,13,0.0,0,0.0,0.430769231,0,0,0.0,1,1.0
4,2,0,4,7,4,3,1,2,0.958333333,100,0.125,8,0.857142857,0.444444444,1,1,22.0,1,0.5
20,2,0,102,55,174,99,4,20,0.729323308,548,1.0,1,0.36,0.283333333,1,1,26.05,10,2.0
2,3,0,3,7,1,1,3,2,2.0,23,0.0,0,0.96969697,1.0,0,0,10.5,1,0.5
3,3,0,0,4,1,0,0,2,0.5,234,1.0,0,0.974358974,1.0,0,0,76.66666667,1,0.3333
0,1,0,1,0,0,1,0,0,2.0,0,0.0,0,0.0,0.0,0,0,0.0,0,0.0
2,3,0,4,4,1,0,4,1,2.0,11,0.0,0,0.972222222,0.666666667,1,1,4.5,1,0.5
9,1,0,5,32,0,3,2,7,0.65625,431,1.0,1,0.0,0.25,0,0,46.44444444,8,2.3333
15,4,1,9,35,0,8,1,15,0.392857143,357,0.0,0,0.62962963,0.311111111,1,2,22.66666667,8,2.0
7,1,0,4,17,5,1,4,5,0.666666667,109,1.0,2,0.0,0.392857143,0,0,14.14285714,2,1.2857
3,2,0,6,4,3,2,4,3,2.0,10,0.0,0,0.6,0.555555556,0,0,2.333333333,1,0.6667
31,3,2,20,97,307,3,17,24,0.884126984,1137,1.0,2,0.552238806,0.209677419,2,2,35.0,18,1.871
4,1,0,0,10,0,0,0,0,1.266666667,90,0.0,0,0.0,0.833333333,0,0,15.25,4,2.0
4,1,0,6,24,4,1,5,2,0.666666667,121,1.0,0,0.0,0.4,0,0,29.0,6,2.25
20,2,0,2,48,188,0,2,19,0.947368421,312,1.0,0,0.1,0.25,0,0,14.25,10,2.15
8,2,0,14,19,28,1,14,7,2.0,82,0.0,0,0.825,0.375,2,3,9.25,2,1.25
4,1,0,2,7,6,1,1,4,2.0,20,0.0,0,0.0,0.875,0,0,4.0,1,0.75
1,1,0,23,1,0,23,0,1,2.0,1,0.0,0,0.0,1.0,0,0,0.0,1,1.0
8,2,0,7,33,26,0,7,1,0.571428571,415,1.0,0,0.588235294,0.390625,1,1,50.75,8,3.625
62,1,0,24,130,753,10,17,39,0.850197852,2272,0.862068966,12,0.0,0.138248848,0,0,35.17741935,6,1.3226
6,1,0,7,7,15,2,5,6,2.0,14,0.0,0,0.0,0.333333333,0,0,1.333333333,1,0.8333
33,2,2,16,70,0,3,14,20,0.565625,3041,1.0,2,0.184210526,0.174479167,1,3,90.84848485,2,1.0606
6,0,0,8,23,0,1,7,1,0.7,100,1.0,0,0.0,0.366666667,0,0,15.0,4,1.1667
5,3,0,4,10,8,1,4,4,0.5,36,1.0,0,0.918918919,0.36,1,2,6.0,1,0.6
5,3,0,9,21,0,1,8,4,0.875,106,0.5,1,0.88,0.4375,0,0,19.4,1,0.6
25,2,0,26,87,168,2,24,22,0.854166667,753,1.0,1,0.351351351,0.188,0,0,28.64,16,1.6
12,2,0,11,20,24,10,1,12,2.0,153,0.0,0,0.64,0.527777778,1,14,11.75,2,1.0
24,3,0,27,80,182,20,8,18,0.565217391,693,0.666666667,2,0.588235294,0.154150198,2,5,27.75,13,2.2917
2,1,0,2,2,1,2,0,2,2.0,2,0.0,0,0.0,0.666666667,0,0,0.0,1,1.0
5,1,0,5,6,10,1,4,5,1.25,47,1.0,0,0.0,0.5,0,0,8.2,2,1.2
5,3,0,4,13,10,2,2,4,1.25,40,0.0,0,0.92,0.4,1,1,6.8,1,0.4
9,2,3,4,14,0,3,1,6,0.575,204,0.8,0,0.619047619,0.416666667,1,4,21.11111111,2,1.0
11,2,0,11,37,11,2,9,8,0.5,480,1.0,2,0.333333333,0.284090909,0,0,41.81818182,4,1.0
5,2,0,4,7,0,3,1,5,0.0,45,0.0,0,0.966666667,0.4,0,0,7.8,1,0.2
2,2,0,6,9,1,0,6,2,2.0,20,0.0,0,0.875,0.75,0,0,9.0,1,0.5
5,1,0,3,14,4,2,1,4,0.583333333,145,0.666666667,1,0.0,0.5,0,0,27.4,7,2.6
1,1,0,4,1,0,3,1,1,2.0,1,0.0,0,0.0,1.0,0,0,0.0,1,1.0
19,2,0,8,35,0,1,7,17,0.703703704,262,0.833333333,4,0.392857143,0.254385965,1,4,12.47368421,2,0.9474
5,1,0,11,5,10,7,4,5,2.0,5,0.0,0,0.0,0.5,0,0,0.0,1,1.0
2,4,1,9,3,1,5,4,2,2.0,5,0.0,0,0.993506494,0.75,0,0,1.5,1,0.5
21,1,0,14,52,0,9,7,21,0.492857143,1738,1.0,3,0.0,0.25170068,0,0,81.42857143,35,9.0952
9,2,0,14,16,28,3,14,7,0.6875,66,1.0,2,0.636363636,0.266666667,1,1,6.111111111,1,0.8889
8,1,0,8,18,26,1,7,7,0.714285714,74,1.0,1,0.0,0.25,0,0,8.0,1,0.875
5,1,0,15,37,2,1,14,3,0.625,372,1.0,0,0.0,0.375,0,0,73.0,22,5.4
11,1,0,11,34,0,2,9,10,0.566666667,210,1.0,1,0.0,0.272727273,0,0,17.81818182,3,1.0909
5,2,0,16,35,10,2,14,1,1.142857143,256,0.0,0,0.818181818,0.72,0,0,48.8,1,0.8
30,3,1,14,89,301,1,13,30,0.935532234,844,0.826086957,2,0.560606061,0.207407407,3,3,26.36666667,39,2.5
6,1,0,11,39,9,1,10,3,0.4,189,1.0,0,0.428571429,0.333333333,0,0,30.33333333,5,1.3333
2,1,0,2,2,1,1,1,2,2.0,2,0.0,0,0.0,1.0,0,0,0.0,1,1.0
1,1,0,0,1,0,0,0,1,2.0,1,0.0,0,0.0,1.0,0,0,0.0,1,1.0
16,1,0,14,64,0,6,10,1,0.713333333,1130,0.9,4,0.0,0.386666667,0,0,69.0,29,5.875
14,3,0,7,31,0,1,7,12,0.461538462,182,1.0,1,0.566666667,0.196428571,2,2,11.85714286,6,1.2857
8,5,0,4,10,28,1,3,8,2.0,31,0.0,0,0.951048951,0.416666667,3,19,2.875,2,1.0
3,3,2,8,6,1,7,1,3,0.5,25,1.0,0,0.882352941,0.833333333,1,1,7.0,3,1.3333
1,5,0,2,6,0,1,1,1,2.0,14,1.0,0,1.0,1.0,0,0,12.0,0,0.0
6,4,0,7,29,0,0,7,5,0.76,195,1.0,0,0.910714286,0.416666667,0,0,30.66666667,1,0.8333
11,1,0,10,47,41,5,5,9,0.7,551,0.5,0,0.0,0.1375,0,0,48.36363636,25,5.8182
21,1,0,18,73,102,3,17,9,0.725,942,0.75,4,0.0,0.180952381,0,0,43.47619048,19,3.1905
30,3,0,12,77,365,2,10,22,0.896551724,717,1.0,3,0.578125,0.204166667,0,0,22.56666667,7,1.4667
21,2,0,49,56,208,17,36,19,0.95,317,0.0,0,0.622641509,0.216450216,1,2,14.04761905,4,1.4762
10,1,0,0,15,37,0,0,10,0.844444444,65,0.8,0,0.0,0.375,0,0,5.0,1,0.8
1,1,0,9,1,0,8,1,1,2.0,1,0.0,0,0.0,1.0,0,0,0.0,1,1.0
4,6,0,4,16,0,0,4,3,0.333333333,52,1.0,0,0.973913043,0.75,2,2,11.75,2,1.0
15,2,0,8,31,55,3,5,13,0.757142857,240,0.8,0,0.458333333,0.2,1,4,14.66666667,4,1.3333
2,3,0,0,3,1,0,0,2,2.0,229,0.0,0,0.974358974,1.0,0,0,113.5,1,0.5
1,4,0,3,2,0,3,0,0,2.0,6,0.0,0,1.0,1.0,0,0,4.0,0,0.0
4,4,0,5,8,4,2,3,3,0.833333333,42,1.0,1,0.944444444,0.583333333,1,1,9.0,2,1.0
21,3,0,10,82,184,1,9,10,0.683333333,719,1.0,2,0.6,0.226190476,1,3,33.0952381,4,1.9048
17,2,0,7,32,72,3,4,15,0.791666667,282,0.833333333,0,0.44,0.268907563,1,6,15.23529412,4,1.2941
14,2,0,8,35,37,5,4,11,0.760683761,327,0.888888889,1,0.824324324,0.224489796,0,0,21.71428571,9,1.7857
7,1,0,1,8,0,1,0,7,0.722222222,113,1.0,0,0.0,0.428571429,0,0,14.28571429,7,1.7143
7,1,0,11,38,21,4,9,3,2.0,167,0.0,0,0.0,0.3,0,0,22.85714286,3,1.4286
6,1,0,2,6,15,1,1,6,2.0,6,0.0,0,0.0,0.75,0,0,0.0,1,1.0
13,1,0,3,49,64,1,2,0,0.916666667,699,0.833333333,0,0.0,0.3125,0,0,52.30769231,16,2.4615
27,4,2,21,53,257,8,15,23,0.829059829,456,0.555555556,4,0.747572816,0.138888889,1,4,15.55555556,5,1.6667
1,1,0,0,1,0,0,0,1,2.0,1,0.0,0,0.0,1.0,0,0,0.0,1,1.0
10,1,0,15,62,15,2,13,6,0.644444444,785,1.0,0,0.0,0.172839506,0,0,77.0,8,2.0
1,1,0,0,1,0,0,0,1,2.0,1,0.0,0,0.0,1.0,0,0,0.0,1,1.0
6,3,0,10,23,13,0,10,3,0.866666667,87,0.333333333,0,0.692307692,0.4,1,2,13.0,3,1.1667
1,1,0,7,1,0,7,0,1,2.0,1,0.0,0,0.0,1.0,0,0,0.0,1,1.0
14,1,7,9,16,91,7,2,14,2.0,38,0.0,0,0.0,0.414285714,0,0,1.714285714,1,0.9286
4,4,0,1,6,0,1,0,3,0.666666667,37,1.0,0,0.972222222,0.45,0,0,7.75,2,0.75
11,3,0,5,16,51,2,4,11,0.85,77,0.5,0,0.949367089,0.484848485,1,2,5.636363636,1,0.7273
2,1,0,0,2,1,0,0,2,2.0,2,0.0,0,0.0,1.0,0,0,0.0,1,1.0
37,1,1,8,57,440,6,4,0,0.793209877,804,0.722222222,3,0.0,0.289189189,0,0,20.24324324,15,2.2162
3,3,0,8,15,0,1,7,3,0.833333333,78,0.666666667,2,0.875,0.444444444,0,0,24.0,1,0.6667
5,1,0,8,6,0,8,0,0,0.125,100,0.0,0,0.0,0.55,0,0,18.2,1,0.4
2,1,0,6,2,1,4,2,2,2.0,2,0.0,0,0.0,0.666666667,0,0,0.0,1,1.0
2,3,0,7,5,0,2,7,2,0.666666667,27,0.666666667,0,0.952380952,0.6,0,0,11.0,1,0.5
16,1,0,11,52,112,11,0,12,0.826666667,854,0.533333333,0,0.0,0.226666667,0,0,51.4375,18,4.5625
14,3,0,5,35,63,0,5,13,0.909090909,307,1.0,0,0.74,0.595238095,2,3,20.14285714,7,1.3571
9,1,0,9,9,36,8,1,9,2.0,9,0.0,0,0.0,0.4,0,0,0.0,1,1.0
15,3,11,21,50,101,16,7,10,0.821428571,294,1.0,2,0.933333333,0.348148148,0,0,18.46666667,1,0.9333
3,2,0,9,22,3,0,9,3,2.0,119,0.0,0,0.75,0.555555556,0,0,38.66666667,9,3.3333
38,2,0,6,52,479,2,4,35,0.898648649,536,0.9375,6,0.244444444,0.335135135,1,6,12.68421053,2,0.9211
74,4,2,25,188,2227,5,21,64,0.907106164,2452,0.9375,11,0.56969697,0.134246575,2,20,31.7027027,13,2.2973
32,1,0,6,53,0,2,6,17,0.853046595,2884,0.925925926,13,0.0,0.204301075,0,0,88.28125,40,6.5
3,1,2,3,4,1,2,1,2,0.0,16,1.0,0,0.0,0.666666667,0,0,4.0,1,0.6667
11,1,0,42,27,31,41,1,11,0.3,164,1.0,1,0.0,0.340909091,1,1,13.72727273,6,2.0
3,2,0,2,6,3,0,2,1,2.0,12,0.0,0,0.714285714,0.666666667,1,2,3.0,1,0.6667
0,1,0,2,0,0,1,1,0,2.0,0,0.0,0,0.0,0.0,0,0,0.0,0,0.0
8,2,3,13,24,0,9,4,8,0.142857143,121,1.0,0,0.571428571,0.375,1,1,14.0,5,1.25
100,1,0,202,247,4576,193,23,87,0.979500891,2015,0.588235294,4,0.0,0.090869565,0,0,18.81,7,1.4
6,3,0,2,7,3,1,1,6,0.8,34,0.666666667,0,0.975124378,0.666666667,1,2,4.166666667,1,0.8333
1,1,0,0,1,0,0,0,1,2.0,1,0.0,0,0.0,1.0,0,0,0.0,1,1.0
13,3,0,14,33,68,9,7,11,0.854166667,121,1.0,1,0.45,0.283333333,0,0,8.0,2,1.0
4,3,0,4,32,2,0,4,4,0.666666667,215,1.0,0,0.925,0.75,1,1,52.25,1,0.75
23,2,0,2,36,201,1,2,23,0.833333333,379,0.833333333,0,0.25,0.369565217,1,2,15.2173913,2,1.1304
7,1,2,28,17,19,26,2,5,0.833333333,72,0.0,0,0.0,0.388888889,0,0,9.0,1,0.7143
30,1,0,10,60,435,0,10,30,2.0,133,0.0,0,0.0,0.133333333,0,0,3.433333333,1,0.9667
2,2,0,3,6,1,1,2,2,2.0,48,0.0,0,0.833333333,0.666666667,0,0,23.0,6,3.0
6,1,0,2,20,3,0,2,5,0.95,110,0.25,0,0.0,0.466666667,0,0,16.66666667,3,1.5
3,2,0,4,6,0,1,3,3,0.0,30,1.0,0,0.818181818,0.666666667,0,0,8.666666667,2,1.0
1,2,0,1,2,0,0,1,1,2.0,338,0.0,0,0.0,1.0,0,0,3.0,0,0.0
19,4,0,8,69,91,2,8,13,0.777777778,632,1.0,2,0.8125,0.368421053,1,1,31.89473684,5,1.2632
5,6,0,5,22,4,2,4,1,0.25,353,1.0,2,0.994056464,0.5,1,3,67.2,5,1.6
11,1,0,4,22,55,1,3,10,2.0,86,0.0,0,0.0,0.181818182,0,0,6.818181818,1,0.9091
3,6,0,4,13,1,1,3,2,0.75,59,1.0,0,0.996992481,0.444444444,1,1,18.0,2,1.0
8,1,0,6,31,22,0,6,2,0.942857143,324,0.0,7,0.0,0.285714286,0,0,38.25,5,2.0
11,2,1,7,27,19,1,6,11,0.911111111,198,0.555555556,0,0.444444444,0.303030303,0,0,16.18181818,7,2.0
2,3,0,3,15,1,0,3,0,2.0,58,0.0,0,0.952380952,0.666666667,1,1,28.0,1,0.5
6,1,0,16,35,9,2,16,4,0.95,162,0.0,0,0.0,0.19047619,0,0,25.33333333,5,2.1667
3,1,0,3,20,3,1,2,3,2.0,127,0.0,0,0.0,0.666666667,0,0,41.33333333,13,4.6667
21,1,0,6,35,68,1,5,12,0.677272727,1458,0.727272727,4,0.0,0.271428571,0,0,67.9047619,24,4.7619
9,1,0,10,12,26,7,3,8,0.928571429,70,0.428571429,0,0.0,0.375,0,0,6.0,1,0.7778
3,3,0,7,7,3,2,5,3,2.0,25,0.0,0,0.953488372,0.555555556,1,1,7.333333333,1,0.6667
8,3,0,18,18,4,7,11,5,0.571428571,75,1.0,0,0.922077922,0.325,2,8,8.125,1,0.75
4,1,1,8,10,0,6,2,4,0.0,51,1.0,0,0.0,0.625,0,0,11.5,1,0.75
12,2,0,6,22,44,2,4,10,0.757575758,123,0.666666667,0,0.523809524,0.316666667,1,4,9.0,2,0.9167
5,1,0,3,32,4,3,0,2,0.65,198,0.8,0,0.0,0.25,0,0,37.6,5,2.0
36,1,0,8,102,0,1,8,33,0.848214286,931,0.9375,2,0.0,0.176623377,0,0,24.41666667,7,1.1944
5,6,0,8,31,4,0,8,5,0.5,108,1.0,0,0.956043956,0.466666667,1,1,20.4,2,1.0
0,1,0,0,0,0,0,0,0,2.0,4,0.0,0,0.0,0.0,0,0,0.0,0,0.0
4,3,0,1,15,6,0,1,3,1.333333333,2120,0.0,0,0.926829268,0.333333333,0,0,495.5,2,1.0
1,1,0,5,2,0,4,1,1,2.0,16,0.0,1,0.0,1.0,0,0,12.0,0,0.0
2,0,0,5,8,1,1,4,2,2.0,50,0.0,0,0.0,0.75,0,0,24.0,1,0.5
1,1,0,11,1,0,11,1,1,2.0,1,0.0,0,0.0,1.0,0,0,0.0,1,1.0
2,1,0,0,7,1,0,0,1,2.0,22,0.0,0,0.0,0.5,0,0,10.0,2,1.0
3,1,0,6,10,3,0,6,3,2.0,41,0.0,0,0.0,0.833333333,0,0,12.66666667,2,1.0
2,0,0,4,6,1,0,4,2,2.0,18,0.0,0,0.0,1.0,0,0,8.0,1,0.5
8,1,0,1,14,0,1,0,5,0.142857143,574,0.0,0,0.0,0.520833333,0,0,70.375,8,5.625
2,1,0,22,2,1,22,0,2,2.0,5,0.0,0,0.0,0.6,0,0,0.0,1,1.0
7,1,1,6,8,3,6,0,7,0.666666667,43,1.0,0,0.0,0.476190476,0,0,4.714285714,1,0.8571
11,3,15,22,20,0,15,7,10,0.7,114,0.0,1,0.791666667,0.345454545,2,4,9.181818182,6,1.5455
3,2,0,6,4,3,2,4,3,2.0,10,0.0,0,0.666666667,0.555555556,0,0,2.333333333,1,0.6667
3,2,0,5,6,3,4,3,3,2.0,17,0.0,0,0.967741935,0.533333333,0,0,4.666666667,1,0.3333
5,2,0,17,48,6,1,17,2,0.916666667,439,0.666666667,2,0.555555556,0.55,1,1,86.2,4,1.4
15,2,0,11,37,27,2,10,11,0.80952381,145,1.0,4,0.5,0.183333333,1,1,8.266666667,1,0.9333
3,4,0,1,4,1,0,1,2,1.3,875,0.0,0,0.976190476,1.0,0,0,289.0,1,0.3333
4,1,0,3,21,6,2,1,4,2.0,97,0.0,0,0.0,0.4,0,0,23.25,3,2.0
5,4,0,6,17,0,1,6,5,0.55,134,0.0,0,0.927272727,0.533333333,1,1,24.8,1,0.8
13,2,0,18,42,66,3,15,8,0.541666667,231,1.0,0,0.56,0.34375,1,1,16.61538462,2,1.0769
6,3,0,4,25,11,0,4,4,0.8,157,1.0,0,0.880952381,0.4,2,2,24.83333333,1,0.8333
6,2,0,10,20,0,4,7,4,0.533333333,106,1.0,1,0.555555556,0.4,1,2,16.16666667,2,0.8333
7,1,0,3,22,0,3,1,6,0.555555556,111,1.0,0,0.0,0.476190476,0,0,14.42857143,4,1.4286
5,4,0,9,31,2,2,7,4,0.333333333,151,1.0,1,0.981308411,0.4,1,2,28.6,1,0.8
6,7,0,8,46,9,3,8,3,0.8,299,1.0,0,0.992401216,0.388888889,0,0,48.33333333,1,0.8333
22,3,0,13,80,59,0,13,17,0.977443609,678,1.0,1,0.637931034,0.477272727,1,1,28.95454545,8,1.8182
10,4,1,5,15,37,4,2,10,0.933333333,93,0.8,0,0.897727273,0.4,2,6,7.8,2,1.6
5,3,0,7,17,10,1,6,5,2.0,69,0.0,0,0.98,0.466666667,2,6,12.8,1,0.8
6,3,1,4,18,3,2,3,4,0.8,192,0.666666667,0,0.9375,0.611111111,3,3,30.5,3,1.3333
14,2,0,14,95,21,8,9,8,0.692307692,973,1.0,1,0.853333333,0.58974359,1,6,68.07142857,11,2.0714
6,4,0,10,28,5,1,10,3,0.5,128,0.5,1,0.8,0.305555556,1,1,20.0,1,0.8333
17,2,0,14,53,78,4,10,13,0.8125,359,1.0,2,0.25,0.276785714,1,1,19.64705882,17,2.5882
3,4,1,3,4,3,2,2,3,1.5,13,0.0,0,0.967741935,0.555555556,1,4,3.0,1,0.6667
23,1,0,21,69,175,10,11,18,0.712121212,533,1.0,3,0.0,0.151515152,0,0,21.91304348,8,2.8696
10,1,0,10,31,0,6,5,10,0.555555556,182,1.0,1,0.0,0.266666667,0,0,17.0,3,1.5
21,6,0,7,71,170,4,6,5,0.9,508,1.0,2,0.970193741,0.169312169,1,1,22.71428571,8,1.8571
5,1,0,5,18,4,4,3,4,0.821428571,112,1.0,2,0.0,0.35,0,0,20.0,2,1.2
56,2,2,25,84,714,18,7,56,0.739393939,839,0.833333333,1,0.363636364,0.160714286,1,4,13.875,9,1.5714
7,2,1,2,8,9,1,1,7,0.666666667,40,1.0,0,0.333333333,0.642857143,0,0,4.428571429,2,1.1429
61,3,0,25,109,1294,16,22,48,0.89047619,2553,0.952380952,1,0.602739726,0.226229508,2,10,40.50819672,12,2.4918
2,1,0,4,2,1,4,0,2,2.0,2,0.0,0,0.0,0.666666667,0,0,0.0,1,1.0
6,1,0,7,22,3,1,6,6,0.75,111,1.0,2,0.0,0.333333333,0,0,16.83333333,1,0.8333
3,2,0,5,13,3,1,4,2,2.0,86,0.0,0,0.909090909,0.833333333,1,3,27.66666667,4,2.3333
24,1,0,23,24,276,3,20,24,2.0,24,0.0,0,0.0,0.089285714,0,0,0.0,1,1.0
9,3,0,22,44,36,11,12,8,1.1,346,0.8,0,0.813953488,0.444444444,1,5,36.88888889,18,3.0
62,1,0,26,151,1523,22,8,55,0.90811044,1407,0.842105263,3,0.0,0.115207373,0,0,21.08064516,15,1.7258
4,4,4,10,7,0,9,1,4,0.666666667,35,1.0,0,0.928571429,0.666666667,0,0,7.25,1,0.25
6,1,0,7,28,1,1,6,6,0.6,173,1.0,3,0.0,0.305555556,0,0,27.33333333,1,0.8333
6,1,0,0,6,15,0,0,6,1.2,9,0.0,0,0.0,0.333333333,0,0,0.0,1,1.0
3,1,0,5,4,3,5,0,2,1.4375,23,0.0,2,0.0,0.5,0,0,4.0,2,1.0
9,1,0,5,20,0,3,2,9,0.5,111,1.0,0,0.0,0.259259259,0,0,11.11111111,3,1.5556
33,1,0,36,121,228,10,29,30,0.646875,1520,1.0,2,0.0,0.136363636,0,0,44.75757576,27,3.7879
10,3,0,6,42,21,1,6,7,0.793650794,369,1.0,0,0.804347826,0.45,0,0,35.2,2,1.1
4,1,0,78,4,6,78,1,4,2.0,4,0.0,0,0.0,0.5,0,0,0.0,1,1.0
77,4,1,29,123,2700,14,17,68,0.977951636,1021,1.0,6,0.506493506,0.20593692,1,1,11.77922078,14,1.7532
13,0,1,14,52,60,2,13,3,0.833333333,341,1.0,2,0.0,0.240384615,0,0,24.76923077,5,1.2308
2,6,0,4,10,0,0,4,2,0.0,27,1.0,0,0.947368421,0.666666667,0,0,12.0,1,0.5
0,1,0,1,0,0,1,0,0,2.0,7,0.0,0,0.0,0.0,0,0,0.0,0,0.0
17,5,0,23,77,76,11,18,3,0.785714286,498,1.0,5,0.978229318,0.196428571,2,5,27.88235294,11,2.0
2,1,0,0,2,1,0,0,2,2.0,2,0.0,0,0.0,0.75,0,0,0.0,1,1.0
4,4,0,4,8,6,0,4,4,2.0,67,0.0,0,0.964285714,0.5,3,3,15.75,1,0.5
2,1,0,9,2,1,9,0,2,2.0,2,0.0,0,0.0,0.75,0,0,0.0,1,1.0
6,2,0,8,20,15,0,8,5,1.0,88,0.0,0,0.705882353,0.416666667,1,2,13.5,2,1.0
7,1,0,20,8,3,20,0,7,0.666666667,43,1.0,0,0.0,0.714285714,0,0,4.714285714,1,0.8571
1,1,0,2,3,0,1,1,1,2.0,7,0.0,0,1.0,1.0,0,0,6.0,0,0.0
6,1,0,1,6,15,0,1,6,2.0,6,0.0,0,0.0,0.722222222,0,0,0.0,1,1.0
6,1,0,4,22,0,1,3,0,0.333333333,163,1.0,0,0.0,0.5,0,0,25.66666667,5,2.3333
30,4,0,10,73,337,7,7,25,0.927203065,628,1.0,3,0.957037037,0.127777778,3,18,19.33333333,20,1.9
6,3,0,9,37,0,0,9,5,0.76,505,0.4,0,0.615384615,0.375,2,6,82.33333333,8,2.3333
9,3,0,58,46,0,33,25,8,0.583333333,508,1.0,2,0.91025641,0.3125,2,7,55.11111111,5,1.3333
37,2,1,8,58,246,1,7,35,0.929012346,687,0.518518519,6,0.239130435,0.252252252,1,4,16.83783784,2,0.973
18,3,0,8,55,119,0,8,15,0.882352941,474,1.0,0,0.685185185,0.472222222,0,0,24.61111111,13,2.0
36,2,0,21,124,134,1,20,11,0.851612903,3317,1.0,9,0.333333333,0.187301587,2,4,90.27777778,2,1.0556
2,5,0,6,8,1,1,5,0,2.0,19,0.0,0,0.995327103,0.666666667,1,1,8.5,1,0.5
4,3,0,1,15,6,0,1,3,1.333333333,4270,0.0,0,0.926829268,0.333333333,0,0,1005.75,2,1.0
5,1,0,10,14,0,9,1,4,1.17,206,0.08,0,0.0,0.5,0,0,35.2,9,2.2
11,1,1,2,20,53,2,1,0,0.9,90,1.0,0,0.0,0.4,0,0,7.090909091,2,0.9091
8,1,6,28,44,26,10,23,3,0.928571429,342,1.0,0,0.0,0.371428571,0,0,41.5,19,3.75
22,2,0,4,44,135,1,4,20,0.878787879,388,1.0,1,0.130434783,0.201058201,0,0,16.13636364,16,2.0
2,5,0,8,6,0,7,1,2,1.0,23,1.0,0,0.944444444,0.75,0,0,9.5,1,0.5
31,2,1,25,116,177,3,23,12,0.945736434,1419,1.0,14,0.369565217,0.126190476,2,8,43.38709677,2,0.9677
3,1,0,6,11,0,6,0,3,0.0,38,0.0,0,0.0,0.833333333,0,0,11.33333333,1,0.6667
16,1,0,112,50,62,112,2,7,0.88627451,456,0.588235294,1,0.0,0.142857143,0,0,26.4375,7,2.3125
13,3,0,12,43,36,3,10,7,0.638888889,424,1.0,0,0.755102041,0.320512821,1,6,31.38461538,4,1.8462
43,2,0,12,140,573,1,11,41,0.755102041,1105,0.785714286,2,0.236363636,0.153100775,0,0,24.37209302,2,1.0465
13,2,0,16,41,66,2,14,8,0.541666667,236,1.0,1,0.541666667,0.34375,1,1,17.0,2,1.0769
7,1,0,9,51,5,1,9,4,0.708333333,334,0.75,0,0.0,0.416666667,0,0,46.14285714,23,3.8571
11,4,1,16,45,39,9,10,9,0.86,334,0.8,0,0.964285714,0.309090909,1,2,28.90909091,4,1.5455
3,2,0,3,5,3,1,2,0,2.0,18,0.0,0,0.5,0.555555556,0,0,5.0,2,1.0
7,5,0,3,8,15,2,1,4,0.833333333,34,1.0,0,0.93814433,0.476190476,0,0,3.428571429,1,0.8571
1,1,0,2,2,0,1,1,0,2.0,18,0.0,3,0.0,1.0,0,0,12.0,0,0.0
2,4,0,5,7,1,0,5,2,2.0,618,0.0,0,0.976190476,1.0,0,0,308.0,1,0.5
14,2,0,6,34,65,2,4,12,0.794871795,234,0.666666667,0,0.5,0.4,1,6,15.5,2,1.0714
4,1,0,10,49,0,0,10,4,0.0,492,1.0,2,0.0,0.5625,0,0,121.0,8,2.0
10,6,0,30,48,1,2,28,10,0.518518519,302,1.0,2,0.925233645,0.242857143,4,5,28.9,8,1.6
2,1,0,2,4,1,1,1,1,2.0,8,0.0,0,0.0,0.75,0,0,3.0,1,0.5
14,6,0,11,57,57,5,10,10,0.8,260,0.8,2,0.980243161,0.261904762,4,4,17.21428571,4,1.2857
12,0,0,8,26,48,0,8,12,0.840909091,126,1.0,3,0.0,0.388888889,0,0,9.166666667,5,1.25
2,2,0,10,9,1,1,9,2,2.0,106,0.0,0,0.947368421,0.625,2,2,52.0,1,0.5
12,1,0,3,21,0,1,0,11,0.303030303,222,1.0,1,0.0,0.316666667,0,0,17.0,2,1.0
11,1,1,2,20,53,2,1,0,0.9,90,1.0,0,0.0,0.4,0,0,7.090909091,2,0.9091
4,2,0,8,12,6,4,6,4,2.0,43,0.0,0,0.9375,0.416666667,1,1,9.75,1,0.5
34,2,1,13,60,187,5,9,34,0.747474747,700,0.888888889,2,0.184210526,0.173202614,2,3,19.32352941,8,1.4118
3,2,0,3,8,0,2,1,3,0.0,32,1.0,0,0.75,0.555555556,0,0,9.333333333,1,0.6667
19,5,0,14,45,25,4,10,16,0.488888889,458,0.8,0,0.85046729,0.298245614,4,15,22.57894737,4,1.8421
10,2,2,7,20,0,2,5,10,0.0,53,1.0,1,0.64,0.55,1,2,4.2,1,0.9
22,2,0,5,34,141,1,4,20,0.957393484,423,0.315789474,0,0.366666667,0.443181818,1,6,17.36363636,2,0.9091
3,1,0,4,3,3,3,2,3,2.0,3,0.0,0,0.0,0.666666667,0,0,0.0,1,1.0
4,3,2,17,5,6,11,6,4,2.0,7,0.0,0,0.959459459,0.4375,2,4,0.75,1,0.75
11,1,1,7,21,17,2,5,10,0.75,92,1.0,2,0.0,0.257575758,0,0,7.0,2,1.0
2,2,0,8,5,1,2,6,1,1.0,19,0.0,0,0.947368421,0.666666667,0,0,8.0,1,0.5
1,4,0,0,2,0,0,0,1,2.0,10,0.0,0,1.0,1.0,0,0,7.0,0,0.0
2,5,0,2,6,0,1,1,2,1.0,22,1.0,0,0.944444444,0.666666667,0,0,9.0,1,0.5
33,1,4,47,67,444,41,10,31,0.929166667,529,0.2,0,0.0,0.215909091,0,0,14.57575758,9,1.8182
2,1,0,5,6,0,0,5,2,0.0,30,1.0,2,0.0,0.625,0,0,13.0,1,0.5
29,1,0,16,72,386,12,5,26,0.821428571,403,1.0,1,0.0,0.100649351,0,0,12.82758621,3,1.1034
27,1,0,3,40,25,3,0,21,0.529411765,1278,0.705882353,0,0.0,0.296296296,0,0,45.7037037,7,1.5556
8,1,0,4,39,22,1,3,6,0.785714286,377,0.5,0,0.0,0.166666667,0,0,45.875,3,1.25
11,2,0,6,21,43,3,3,9,0.85,117,0.5,0,0.578947368,0.418181818,1,6,9.454545455,2,1.0
2,1,0,0,2,1,0,0,2,2.0,2,0.0,0,0.0,1.0,0,0,0.0,1,1.0
9,2,0,7,24,2,2,6,8,0.666666667,190,0.166666667,1,0.538461538,0.259259259,1,2,19.44444444,2,0.8889
8,5,0,8,24,26,1,7,4,0.571428571,200,1.0,1,0.936363636,0.4375,2,8,23.875,4,1.875
6,2,0,6,20,0,6,0,5,0.8,124,0.666666667,0,0.827586207,0.416666667,1,2,19.16666667,3,2.0
6,1,3,6,7,7,3,3,6,0.7,28,1.0,1,0.0,0.444444444,0,0,3.333333333,1,0.8333
5,2,0,2,18,0,1,1,5,0.375,83,0.0,0,0.5,0.466666667,1,1,15.2,1,0.8
1,2,0,8,2,0,3,5,1,2.0,10,0.0,0,0.0,1.0,0,0,9.0,0,0.0
11,1,1,2,20,53,2,1,0,0.9,90,1.0,0,0.0,0.4,0,0,7.090909091,2,0.9091
14,1,0,5,50,91,3,2,13,2.0,486,0.0,0,0.0,0.410714286,0,0,33.71428571,5,3.7143
3,4,0,3,5,3,0,3,3,2.0,12,0.0,0,0.987096774,0.666666667,1,2,3.0,1,0.6667
10,1,0,11,23,0,10,1,10,0.611111111,359,0.5,0,0.0,0.45,1,1,34.7,6,2.0
13,1,0,14,58,44,1,13,6,0.592592593,478,1.0,0,0.0,0.307692308,0,0,35.07692308,5,1.9231
8,2,0,4,13,28,3,2,8,1.142857143,56,0.0,0,0.538461538,0.40625,1,2,5.75,1,0.75
9,3,0,10,31,0,1,9,7,0.545454545,409,1.0,2,0.5,0.285714286,1,3,43.22222222,2,1.0
5,2,0,6,7,4,1,5,5,0.875,23,0.5,0,0.555555556,0.325,0,0,3.2,1,0.8
6,3,2,9,21,15,7,3,6,1.2,88,0.0,0,0.915254237,0.333333333,1,4,13.5,2,1.1667
10,1,0,7,18,0,6,2,10,0.333333333,107,1.0,2,0.0,0.375,1,1,9.5,4,1.4
15,1,0,1,18,95,1,0,12,0.285714286,106,1.0,0,0.0,0.377777778,0,0,5.933333333,1,0.9333
6,1,0,12,65,3,1,11,2,0.7,585,0.5,0,0.0,0.3,0,0,96.16666667,39,7.0
3,2,0,5,8,3,1,4,3,2.0,31,0.0,0,0.714285714,0.777777778,1,2,9.333333333,1,0.6667
4,2,0,12,21,6,1,11,1,1.0,279,0.0,0,0.857142857,0.45,1,1,68.5,4,2.25
5,1,0,7,17,0,0,7,5,0.5,75,1.0,0,0.0,0.8,0,0,13.4,3,1.2
4,1,0,13,18,0,6,7,4,0.222222222,137,1.0,2,0.0,0.5,0,0,32.5,3,1.5
2,2,0,12,17,1,1,11,1,2.0,63,0.0,0,0.947368421,0.625,1,1,30.5,1,0.5
4,1,0,7,20,4,4,3,2,0.888888889,187,0.333333333,0,0.0,0.5,0,0,45.0,9,3.5
4,2,0,11,7,4,10,1,2,0.952380952,89,0.142857143,7,0.857142857,0.444444444,1,1,19.5,1,0.5
2,1,3,20,3,1,19,1,2,2.0,5,0.0,0,0.0,0.75,0,0,1.5,1,0.5
1,1,0,6,1,0,6,1,1,2.0,1,0.0,0,0.0,1.0,0,0,0.0,1,1.0
4,1,0,2,10,0,1,1,3,0.666666667,43,1.0,1,0.0,0.666666667,0,0,9.0,2,0.75
7,3,0,13,30,0,0,13,7,0.0,106,1.0,1,0.922077922,0.285714286,2,8,14.0,1,0.8571
16,5,0,18,120,88,8,13,12,0.813333333,873,0.8,2,0.982618772,0.171875,3,12,53.25,29,4.75
3,3,0,3,8,1,2,1,3,0.0,49,1.0,1,0.9375,0.666666667,0,0,14.33333333,4,1.3333
2,3,0,3,8,1,0,3,2,2.0,28,0.0,0,0.967741935,0.75,0,0,13.0,2,1.0
5,4,0,8,12,10,3,5,5,2.0,28,0.0,0,0.978142077,0.6,1,1,4.6,1,0.8
10,2,0,3,21,15,2,1,7,0.444444444,148,0.0,0,0.666666667,0.36,2,3,13.7,4,1.9
7,4,0,17,22,0,0,17,5,0.625,153,1.0,4,0.926829268,0.30952381,2,4,20.28571429,6,1.7143
7,2,1,2,8,9,1,1,7,0.666666667,40,1.0,0,0.333333333,0.642857143,0,0,4.428571429,2,1.1429
4,6,0,8,16,6,0,8,3,1.333333333,114,0.0,0,0.955223881,0.5,2,8,27.25,1,0.75
13,1,0,8,34,64,0,8,6,0.75,322,1.0,1,0.0,0.333333333,0,0,23.53846154,5,1.3077
1,1,0,6,1,0,5,1,1,2.0,1,0.0,0,0.0,1.0,0,0,0.0,1,1.0
29,3,24,64,152,128,25,39,15,0.932653061,2586,0.857142857,4,0.731958763,0.114285714,3,11,86.96551724,20,3.2759
2,3,0,5,15,1,1,4,1,2.0,72,0.0,0,0.833333333,0.8,2,5,35.0,3,1.5
2,3,0,0,3,1,0,0,2,2.0,1243,0.0,0,0.974358974,1.0,0,0,620.5,1,0.5
27,4,0,14,69,273,2,13,22,0.909090909,436,1.0,0,0.701149425,0.296296296,1,2,14.74074074,1,0.963
6,3,0,2,29,0,0,2,5,0.64,1260,1.0,0,0.880952381,0.555555556,1,1,208.1666667,2,1.0
12,4,0,6,45,66,0,6,11,2.0,173,0.0,0,0.892156863,0.305555556,1,1,13.41666667,5,1.4167
6,2,0,5,24,9,0,5,6,0.92,241,0.8,0,0.615384615,0.444444444,1,1,38.33333333,5,1.8333
6,4,0,13,30,3,9,4,5,0.6,216,0.333333333,0,0.94047619,0.5,0,0,34.5,1,0.8333
6,3,0,35,56,0,2,33,5,0.45,416,1.0,2,0.918032787,0.305555556,2,8,67.66666667,28,6.0
4,3,0,5,11,6,1,4,4,2.0,25,0.0,0,0.97029703,0.625,1,2,5.25,1,0.75
6,1,5,23,30,15,6,22,3,2.0,207,0.0,0,0.0,0.333333333,0,0,33.5,7,2.5
4,1,0,8,14,6,8,0,3,2.0,66,0.0,0,0.0,0.416666667,0,0,15.5,5,1.75
12,1,0,83,12,66,83,0,12,1.090909091,13,0.0,0,0.0,0.416666667,0,0,0.0,1,1.0
49,1,0,157,133,1164,153,4,46,0.895833333,1163,1.0,0,0.0,0.075231481,0,0,22.71428571,8,3.102
5,3,0,6,12,10,3,3,5,2.0,44,0.0,0,0.98,0.7,2,4,7.8,1,0.8
18,5,0,15,58,39,0,15,16,0.607843137,316,1.0,1,0.862903226,0.268518519,4,7,16.38888889,4,1.2222
6,6,0,9,58,5,2,9,1,0.771428571,357,1.0,1,0.992581602,0.5,4,12,57.33333333,7,2.1667
31,6,0,35,121,283,16,29,25,0.824242424,1546,0.727272727,5,0.958677686,0.108870968,5,19,48.51612903,13,3.3548
25,3,1,35,39,0,9,26,25,0.0,189,1.0,0,0.555555556,0.08,1,1,6.52,1,0.96
6,1,0,26,71,7,1,26,5,0.6,373,1.0,1,0.0,0.4,0,0,60.83333333,14,4.5
5,1,0,11,22,0,1,10,4,0.166666667,153,1.0,0,0.0,0.4,0,0,29.0,2,1.0
1,1,0,0,1,0,0,0,1,2.0,1,0.0,0,0.0,1.0,0,0,0.0,1,1.0
9,2,0,7,41,4,1,6,8,0.875,302,0.5,0,0.730769231,0.35,1,5,32.11111111,4,1.3333
1,3,0,4,2,0,2,2,1,2.0,5,0.0,0,1.0,1.0,0,0,4.0,0,0.0
3,2,0,9,16,0,2,7,2,0.5,146,0.5,2,0.5,0.75,0,0,47.0,10,3.3333
8,1,0,7,33,0,0,7,8,0.714285714,305,0.25,0,0.0,0.9375,0,0,36.625,5,3.0
4,4,0,5,26,6,0,5,1,1.166666667,129,0.5,0,0.942307692,1.0,3,5,30.75,5,2.0
3,1,0,11,3,3,10,1,3,2.0,3,0.0,0,0.0,0.666666667,0,0,0.0,1,1.0
3,3,0,2,4,1,1,1,3,0.5,15,1.0,0,0.818181818,0.666666667,0,0,3.666666667,1,0.6667
7,2,0,4,16,0,1,3,6,0.333333333,179,1.0,2,0.571428571,0.476190476,1,3,24.14285714,1,0.8571
2,1,0,2,5,1,2,0,1,2.0,36,0.0,0,0.0,0.5,0,0,17.0,4,2.0
22,4,0,9,92,129,2,9,16,0.84981685,837,1.0,3,0.787878788,0.309090909,2,2,36.45454545,5,1.2273
5,2,1,2,13,4,1,1,4,0.875,115,1.0,0,0.666666667,0.5,0,0,21.6,7,2.6
9,3,0,20,71,36,1,20,5,2.0,476,0.0,0,0.631578947,0.296296296,0,0,51.88888889,9,3.1111
16,2,0,30,47,74,8,23,14,0.6,225,1.0,0,0.70212766,0.236111111,2,3,12.9375,2,1.0625
10,3,4,16,21,23,14,2,5,0.666666667,149,1.0,1,0.692307692,0.228571429,1,2,13.7,1,0.8
10,5,0,9,44,13,0,0,9,0.722222222,176,1.0,0,0.920353982,0.466666667,2,4,16.2,1,0.9
3,1,0,0,3,3,0,0,3,2.0,3,0.0,0,0.0,0.666666667,0,0,0.0,1,1.0
5,4,0,14,10,4,1,14,4,0.5,38,1.0,0,0.947368421,0.36,2,8,6.4,1,0.8
2,2,1,17,14,0,13,5,2,0.0,103,0.0,1,0.875,0.666666667,0,0,50.0,1,0.5
9,4,0,2,13,36,0,2,9,2.0,52,0.0,0,0.921568627,0.555555556,1,1,4.777777778,1,0.8889
8,1,0,3,20,28,1,2,4,2.0,89,0.0,0,0.0,0.203125,0,0,10.125,4,2.125
7,1,0,1,10,21,1,0,7,2.0,155,0.0,0,0.0,0.321428571,0,0,21.14285714,4,2.5714
3,3,0,0,4,1,0,0,2,0.5,1248,1.0,0,0.974358974,1.0,0,0,414.6666667,1,0.3333
7,1,0,8,15,1,6,2,5,1.075757576,969,0.363636364,0,0.0,0.333333333,0,0,135.8571429,14,7.7143
2,1,0,53,2,1,53,0,2,2.0,2,0.0,0,0.0,0.833333333,0,0,0.0,1,1.0
7,3,0,23,34,0,0,23,7,0.0,168,1.0,1,0.934210526,0.285714286,2,7,22.85714286,2,1.1429
9,1,0,19,59,16,1,18,9,0.785714286,680,0.0,0,0.0,0.285714286,0,0,73.77777778,10,2.3333
35,1,0,6,73,353,4,2,34,0.809597523,790,0.789473684,0,0.0,0.16,1,1,21.02857143,4,1.2
2,1,0,5,2,1,5,0,2,2.0,2,0.0,0,0.0,1.0,0,0,0.0,1,1.0
5,2,0,11,10,2,5,6,3,0.625,128,0.25,0,0.818181818,0.44,1,1,23.8,3,1.6
7,1,0,30,33,17,2,29,3,2.0,180,0.0,0,0.714285714,0.285714286,1,4,24.71428571,1,0.5714
6,2,0,5,33,9,1,4,4,0.74,439,0.6,0,0.886363636,0.5,2,3,70.5,13,4.1667
8,1,1,31,42,14,5,30,6,0.761904762,207,1.0,1,0.0,0.35,0,0,24.5,1,0.875
3,1,1,7,16,3,1,6,2,2.0,96,0.0,0,0.0,0.533333333,0,0,31.0,3,1.6667
11,1,0,8,27,55,2,7,9,1.1,218,0.5,0,0.0,0.284090909,0,0,18.63636364,8,1.9091
6,1,0,5,6,15,4,1,6,2.0,6,0.0,0,0.0,0.444444444,0,0,0.0,1,1.0
9,4,0,3,12,36,0,3,9,2.0,50,0.0,0,0.911111111,0.555555556,1,6,4.555555556,1,0.8889
8,1,0,2,21,26,1,1,5,0.714285714,89,1.0,0,0.0,0.142857143,0,0,10.0,2,0.875
24,2,0,5,41,0,0,5,22,0.717391304,411,0.875,6,0.34375,0.35,1,6,15.79166667,2,0.9167
20,2,0,7,40,142,3,4,18,0.798245614,342,0.833333333,0,0.392857143,0.3,1,6,15.8,10,1.5
7,1,0,11,37,0,1,11,7,0.69047619,348,1.0,2,0.0,0.30952381,0,0,47.71428571,1,0.8571
2,4,0,5,6,0,5,0,2,0.0,20,1.0,0,0.944444444,0.75,0,0,8.5,1,0.5
68,5,0,75,291,1812,39,59,42,0.937619594,2351,0.666666667,7,0.909470752,0.113662457,4,15,33.0,21,2.5441
8,1,0,6,22,22,0,6,8,0.714285714,157,0.0,2,0.0,0.339285714,0,0,18.25,2,1.125
2,1,0,1,5,1,1,0,0,1.0,44,0.0,0,0.0,1.0,0,0,17.0,0,0.0
25,4,0,3,32,300,0,3,25,2.0,142,0.0,0,0.773584906,0.312,1,7,4.68,1,0.96
35,1,0,0,35,595,0,0,35,2.0,35,0.0,0,0.0,0.371428571,0,0,0.0,1,1.0
7,1,0,5,19,0,2,3,0,0.0,204,1.0,0,0.0,0.535714286,0,0,28.0,3,2.1429
1,1,0,4,1,0,3,1,1,2.0,1,0.0,0,0.0,1.0,0,0,0.0,1,1.0
6,1,0,5,12,0,4,1,5,0.44,387,0.2,1,0.0,0.4,0,0,61.83333333,4,1.6667
12,1,1,8,31,46,2,6,12,0.836363636,223,1.0,0,0.0,0.270833333,0,0,17.16666667,1,0.9167
7,1,0,12,29,1,7,6,1,0.0,257,1.0,1,0.0,0.514285714,0,0,35.57142857,2,0.7143
8,2,0,29,64,28,0,29,6,2.0,441,0.0,0,0.363636364,0.375,0,0,54.125,4,1.25
5,1,0,0,7,2,0,0,5,0.625,29,0.5,0,0.0,0.466666667,0,0,4.4,1,0.8
6,2,0,10,14,5,8,4,5,0.933333333,86,0.166666667,1,0.428571429,0.4,1,1,11.33333333,1,0.6667
3,4,0,1,4,1,0,1,2,0.5,599,0.0,0,0.976190476,1.0,0,0,198.3333333,1,0.3333
0,1,0,0,0,0,0,0,0,2.0,0,0.0,0,0.0,0.0,0,0,0.0,0,0.0
2,1,0,4,2,1,4,1,2,2.0,4,0.0,0,0.0,0.666666667,0,0,0.0,1,1.0
4,3,0,1,15,6,0,1,3,1.333333333,4270,0.0,0,0.926829268,0.333333333,0,0,1005.75,2,1.0
5,2,0,6,11,8,4,4,5,0.875,37,0.5,0,0.909090909,0.4,0,0,6.0,1,0.6
2,3,0,4,7,1,0,4,1,2.0,17,0.0,0,0.958333333,0.666666667,1,1,7.5,1,0.5
18,3,0,8,40,81,1,8,14,0.470588235,218,1.0,0,0.68627451,0.277777778,2,7,11.05555556,2,1.2222
12,1,0,0,12,66,0,0,12,2.0,12,0.0,0,0.0,0.833333333,0,0,0.0,1,1.0
33,1,0,54,277,194,9,48,20,0.75625,2591,1.0,4,0.0,0.10955711,0,0,77.36363636,19,4.0
15,1,1,14,29,45,4,10,12,0.714285714,169,1.0,5,0.0,0.35,0,0,9.8,3,1.2
6,2,0,4,15,0,1,3,6,0.466666667,113,1.0,2,0.615384615,0.5,1,3,17.33333333,1,0.8333
5,1,0,3,21,0,2,1,4,0.5,149,1.0,1,0.0,0.7,0,0,28.4,2,1.2
41,5,0,41,143,560,28,29,28,0.904411765,1660,0.529411765,5,0.943641618,0.1,3,15,39.07317073,11,2.7805
4,2,0,4,6,0,4,0,3,2.0,83,0.0,0,0.842105263,0.5625,1,11,19.75,3,1.25
1,4,0,2,2,0,1,1,1,2.0,5,0.0,0,1.0,1.0,0,0,4.0,0,0.0
9,1,1,8,21,22,1,7,7,0.541666667,135,1.0,0,0.0,0.666666667,0,0,13.66666667,4,1.2222
0,1,0,0,0,0,0,0,0,2.0,0,0.0,0,0.0,0.0,0,0,0.0,0,0.0
5,1,0,5,12,0,4,1,0,0.583333333,94,0.0,2,0.0,0.533333333,0,0,16.6,1,0.8
31,4,0,10,59,117,1,10,29,0.5,823,0.5,0,0.802721088,0.150537634,4,20,25.41935484,14,2.9032
2,3,1,4,4,1,2,3,1,2.0,11,0.0,0,0.971428571,0.666666667,1,1,4.5,1,0.5
9,2,0,13,20,36,1,13,8,2.0,85,0.0,0,0.804878049,0.351851852,2,3,8.444444444,2,1.2222
5,2,0,4,20,8,1,3,3,0.75,121,1.0,1,0.870967742,0.333333333,1,3,22.8,2,1.4
2,3,0,10,11,1,1,9,2,2.0,39,0.0,0,0.97826087,0.666666667,1,1,18.5,1,0.5
4,1,0,8,17,0,3,5,3,0.0,116,1.0,0,0.0,0.5,0,0,27.75,2,1.25
1,1,0,56,1,0,56,0,1,2.0,1,0.0,0,0.0,1.0,0,0,0.0,1,1.0
26,2,0,15,56,0,1,14,17,0.668571429,601,1.0,1,0.696202532,0.174825175,1,5,21.84615385,6,1.3462
10,2,0,2,37,23,0,2,7,0.833333333,301,0.0,1,0.884057971,0.2,0,0,28.1,4,1.7
1,6,0,1,2,0,0,1,1,2.0,6,0.0,0,1.0,1.0,0,0,5.0,0,0.0
17,1,0,30,51,136,21,9,15,2.0,289,0.0,0,0.0,0.344537815,0,0,16.0,4,1.4706
2,2,0,13,25,1,1,12,1,2.0,214,0.0,0,0.947368421,0.625,1,2,106.0,1,0.5
4,1,0,3,4,6,3,0,4,2.0,4,0.0,0,0.0,0.75,0,0,0.0,1,1.0
3,7,0,5,27,3,1,5,3,1.0,111,1.0,0,0.996960486,0.666666667,0,0,35.66666667,1,0.6667
5,3,0,3,10,10,1,2,5,2.0,76,0.0,0,0.985507246,0.55,1,1,14.2,2,0.4
12,0,1,40,73,28,1,39,9,2.0,566,0.0,0,0.0,0.256944444,0,0,46.16666667,6,2.0833
5,1,0,3,12,0,2,1,3,0.53125,251,1.0,0,0.0,0.6,0,0,47.6,10,3.8
5,2,0,12,39,6,0,12,3,0.833333333,224,0.666666667,0,0.25,0.416666667,0,0,43.2,13,3.0
4,1,1,1,9,0,1,0,4,0.0,27,1.0,0,0.0,1.0,0,0,5.5,1,0.75
16,2,0,11,33,26,9,2,11,0.688888889,332,0.666666667,1,0.566666667,0.175,1,5,19.1875,2,0.9375
5,4,0,6,12,10,1,5,5,2.0,28,0.0,0,0.978142077,0.6,1,1,4.6,1,0.8
10,4,0,6,27,5,1,5,8,0.527777778,168,1.0,2,0.740740741,0.25,2,2,15.4,3,1.1
4,1,0,0,4,6,0,0,4,2.0,4,0.0,0,0.0,0.75,0,0,0.0,1,1.0
1,1,0,1,2,0,1,0,1,2.0,12,0.0,0,0.0,1.0,0,0,9.0,0,0.0
0,1,0,1,0,0,1,0,0,2.0,5,0.0,0,0.0,0.0,0,0,0.0,0,0.0
4,2,0,4,8,4,1,3,0,0.666666667,55,1.0,0,0.7,0.375,1,2,12.25,6,2.0
2,1,0,2,8,1,1,1,2,2.0,48,0.0,0,0.0,0.5,0,0,23.0,1,0.5
5,1,3,12,15,8,7,9,3,0.75,191,1.0,0,0.0,0.333333333,0,0,36.6,1,0.6
5,2,0,4,12,0,2,2,2,0.0,55,1.0,1,0.666666667,0.45,1,2,9.8,2,1.0
8,2,0,0,10,28,0,0,8,2.0,21,0.0,0,0.65,0.46875,1,2,1.625,1,0.875
17,1,0,5,39,74,1,4,13,0.65625,359,1.0,0,0.0,0.2421875,0,0,19.76470588,5,1.5882
28,1,0,8,44,300,3,7,27,0.910493827,248,1.0,0,0.0,0.136363636,0,0,7.428571429,4,1.1429
8,1,0,1,14,28,1,0,8,2.0,274,0.0,0,0.0,0.45,0,0,33.25,7,2.875
27,1,0,14,36,293,11,4,26,0.925339367,293,1.0,7,0.0,0.136363636,0,0,9.222222222,4,1.1481
4,1,0,0,4,6,0,0,4,2.0,4,0.0,0,0.0,0.5,0,0,0.0,1,1.0
5,1,0,3,9,0,2,1,4,0.25,27,0.0,1,0.0,0.3,0,0,4.2,1,0.6
11,2,0,5,25,43,2,3,9,0.8,182,0.0,0,0.578947368,0.418181818,1,6,15.36363636,2,1.0909
6,3,0,10,43,3,3,10,3,0.6,204,1.0,1,0.75,0.305555556,1,1,32.66666667,6,1.6667
1,1,0,9,1,0,9,0,1,2.0,1,0.0,0,0.0,1.0,0,0,0.0,1,1.0
5,1,0,5,6,8,4,1,3,0.75,20,1.0,1,0.0,0.5,0,0,2.8,1,0.6
3,4,0,10,9,1,5,5,3,0.0,44,0.0,0,0.95,0.6,1,1,13.33333333,2,0.6667
14,2,0,9,52,75,3,6,8,0.757692308,1409,1.0,3,0.25,0.18452381,0,0,98.21428571,4,1.0714
2,4,0,6,10,1,0,6,2,2.0,30,0.0,0,0.979591837,0.75,1,6,14.0,1,0.5
3,2,0,4,8,0,1,3,3,0.0,43,1.0,0,0.666666667,0.833333333,0,0,13.0,1,0.6667
9,1,1,0,14,24,0,0,8,0.75,48,1.0,0,0.0,0.481481481,0,0,4.111111111,1,0.8889
4,1,0,4,13,0,2,2,4,0.166666667,76,1.0,1,0.0,0.75,0,0,17.5,2,1.0
3,1,0,6,3,3,3,3,3,2.0,3,0.0,0,0.0,0.666666667,0,0,0.0,1,1.0
5,4,0,2,8,10,0,2,5,2.0,28,0.0,0,0.959183673,0.6,0,0,4.6,1,0.8
0,1,0,0,0,0,0,0,0,2.0,0,0.0,0,0.0,0.0,0,0,0.0,0,0.0
1,3,1,6,2,0,5,1,1,2.0,4,0.0,0,1.0,1.0,0,0,3.0,0,0.0
4,6,0,4,16,0,0,4,3,0.333333333,52,1.0,0,0.973913043,0.75,2,2,11.75,2,1.0
8,1,0,32,104,8,4,29,3,0.80952381,955,1.0,2,0.0,0.3125,0,0,118.0,4,1.5
9,3,0,5,20,16,1,5,7,0.25,87,1.0,1,0.85,0.311111111,1,2,8.555555556,1,0.6667
4,1,0,5,4,6,4,1,4,2.0,4,0.0,0,0.0,0.5,0,0,0.0,1,1.0
4,1,0,5,4,6,4,1,4,2.0,4,0.0,0,0.0,0.583333333,0,0,0.0,1,1.0
1,1,0,7,1,0,6,1,1,2.0,1,0.0,0,0.0,1.0,0,0,0.0,1,1.0
3,1,0,7,3,3,7,0,3,2.0,3,0.0,0,0.0,0.666666667,0,0,0.0,1,1.0
1,4,0,3,2,0,3,0,1,2.0,5,0.0,0,1.0,1.0,0,0,4.0,0,0.0
10,1,0,57,18,17,57,0,10,0.777777778,106,1.0,0,0.0,0.4,1,1,9.1,2,1.0
6,2,0,11,29,0,2,11,3,0.7,152,1.0,2,0.777777778,0.466666667,1,2,23.66666667,4,1.1667
5,3,0,4,18,8,0,4,5,0.375,176,1.0,2,0.818181818,0.366666667,2,3,33.0,7,2.6
14,5,0,20,72,37,17,11,8,0.857142857,533,0.928571429,3,0.98048048,0.257142857,2,5,36.07142857,6,1.7857
3,3,0,10,15,1,2,9,3,2.0,54,0.0,0,0.913043478,0.5,0,0,17.0,2,1.0
1,2,0,8,2,0,6,2,1,2.0,5,0.0,0,1.0,1.0,0,0,4.0,0,0.0
5,1,0,1,22,10,1,0,3,1.25,103,1.0,0,0.0,0.2,0,0,19.2,2,1.0
9,3,0,8,18,4,1,7,9,0.5,92,1.0,1,0.942307692,0.388888889,1,2,9.0,2,0.8889
13,1,0,5,13,78,5,0,13,2.0,13,0.0,0,0.0,0.326923077,0,0,0.0,1,1.0
33,1,0,17,33,528,11,6,33,2.0,33,0.0,0,0.0,0.387205387,0,0,0.0,1,1.0
9,1,0,3,24,0,2,2,0,0.892857143,353,0.0,1,0.0,0.62962963,0,0,37.44444444,3,1.4444
20,2,1,16,74,68,2,15,11,0.864661654,537,0.714285714,3,0.419354839,0.173684211,1,1,25.15,12,1.55
1,4,0,0,2,0,0,0,1,2.0,5,0.0,0,1.0,1.0,0,0,4.0,0,0.0
15,1,0,8,29,0,5,3,9,0.285714286,1538,1.0,0,0.0,0.321428571,0,0,101.2666667,10,2.0
5,6,0,7,34,2,3,6,1,0.8,203,1.0,2,0.99389313,0.35,0,0,38.6,1,0.8
3,2,0,9,26,3,0,9,3,2.0,148,0.0,0,0.75,0.555555556,0,0,48.33333333,10,3.6667
24,2,0,7,39,204,2,5,21,0.882608696,418,0.7,1,0.34375,0.298611111,1,6,16.0,4,1.2917
20,2,0,9,46,102,2,8,16,0.578947368,454,1.0,2,0.413793103,0.128125,2,4,21.55,7,1.8
5,1,0,5,15,4,1,5,5,0.25,77,1.0,0,0.0,0.4,0,0,14.2,2,0.8
12,1,10,13,13,0,13,0,8,0.454545455,275,1.0,0,0.0,0.444444444,0,0,21.66666667,7,2.0833
4,2,0,11,7,0,7,6,4,0.0,36,1.0,1,0.95,0.5,0,0,7.75,1,0.5
7,2,0,4,21,0,1,3,0,0.541666667,300,1.0,1,0.538461538,0.333333333,1,3,41.28571429,16,4.7143
5,1,0,6,15,10,6,0,5,2.0,82,0.0,0,0.0,0.5,0,0,15.4,4,2.8
2,3,0,8,11,0,1,8,2,0.0,37,1.0,1,0.952380952,0.666666667,0,0,17.0,1,0.5
9,4,0,3,12,36,0,3,9,2.0,50,0.0,0,0.911111111,0.555555556,1,6,4.555555556,1,0.8889
3,4,0,1,4,1,0,1,2,0.5,595,0.0,0,0.976190476,1.0,0,0,197.0,1,0.3333
5,1,0,22,66,4,2,20,4,0.25,493,1.0,0,0.0,0.416666667,0,0,96.8,1,0.6
1,1,0,3,1,0,2,1,1,2.0,1,0.0,0,0.0,1.0,0,0,0.0,1,1.0
9,1,0,13,31,26,2,11,6,0.775,162,1.0,1,0.0,0.325,0,0,16.44444444,3,1.4444
1,1,0,5,1,0,4,2,1,2.0,1,0.0,0,0.0,1.0,0,0,0.0,1,1.0
1,1,0,2,1,0,1,1,1,2.0,1,0.0,0,0.0,1.0,0,0,0.0,1,1.0
4,3,4,10,14,0,4,6,3,0.5,52,1.0,0,0.921052632,0.5,0,0,11.5,2,1.0
5,3,0,4,10,10,1,4,3,2.0,31,0.0,0,0.851851852,0.466666667,1,1,5.2,1,0.8
26,2,0,6,46,117,1,5,24,0.936363636,505,0.363636364,3,0.323529412,0.346153846,1,6,17.57692308,2,0.9231
2,2,0,7,7,1,1,6,1,2.0,30,0.0,0,0.947368421,0.625,1,1,14.0,1,0.5
3,2,0,5,6,3,4,3,3,2.0,17,0.0,0,0.964285714,0.533333333,0,0,4.666666667,1,0.3333
24,2,1,25,80,220,8,20,16,0.90942029,444,1.0,5,0.388888889,0.14229249,1,1,17.0,5,1.5833
42,1,0,10,90,335,6,5,39,0.667917448,877,0.923076923,1,0.0,0.125396825,0,0,19.57142857,6,1.2857
19,1,2,53,24,157,44,10,17,0.99382716,94,0.444444444,1,0.0,0.157407407,0,0,3.473684211,1,0.8947
15,1,0,6,41,25,3,5,7,0.747252747,661,0.846153846,3,0.0,0.202380952,0,0,42.2,6,1.5333
57,1,0,14,94,1484,1,13,45,0.666666667,738,1.0,0,0.0,0.125,0,0,11.84210526,6,1.2105
1,1,0,0,1,0,0,0,1,2.0,1,0.0,0,0.0,1.0,0,0,0.0,1,1.0
12,2,0,5,22,54,2,3,10,0.818181818,117,0.5,0,0.55,0.5,1,6,8.583333333,2,0.8333
12,1,0,3,12,66,3,0,12,2.0,12,0.0,0,0.0,0.583333333,0,0,0.0,1,1.0
3,2,0,7,8,3,3,4,3,1.5,168,0.0,0,0.6,0.777777778,1,4,54.66666667,4,1.6667
22,7,0,8,85,187,4,7,7,0.761904762,698,1.0,1,0.97473997,0.185185185,3,5,30.18181818,5,1.0
0,1,0,43,0,0,42,1,0,2.0,0,0.0,0,0.0,0.0,0,0,0.0,0,0.0
99,1,0,65,293,3615,31,42,73,0.876984127,2894,1.0,9,0.0,0.090505768,1,1,28.05050505,21,2.202
3,1,0,6,4,0,5,1,3,0.5625,65,0.0,1,0.0,0.571428571,0,0,18.0,0,0.0
3,2,0,3,12,1,1,2,3,0.0,159,0.0,1,0.75,0.888888889,0,0,51.0,9,3.0
8,1,0,6,25,0,5,1,7,0.6,169,1.0,0,0.0,0.416666667,0,0,19.5,7,1.875
10,1,0,5,10,45,4,1,10,2.0,10,0.0,0,0.0,0.36,0,0,0.0,1,1.0
0,1,0,1,0,0,1,0,0,2.0,0,0.0,0,0.0,0.0,0,0,0.0,0,0.0
4,2,0,18,7,0,1,17,4,0.166666667,93,1.0,0,0.8,0.4,0,0,21.75,12,4.0
3,3,2,4,4,3,3,1,2,2.0,6,0.0,0,0.97260274,0.666666667,0,0,1.0,1,0.6667
5,2,0,9,11,4,2,8,5,0.5,53,1.0,0,0.884615385,0.342857143,0,0,9.2,1,0.6
2,1,0,0,2,1,0,0,2,2.0,2,0.0,0,0.0,0.75,0,0,0.0,1,1.0
3,3,0,7,15,3,0,7,1,2.0,45,0.0,0,0.944444444,0.555555556,1,3,14.0,1,0.6667
4,1,0,10,49,0,0,10,4,0.0,492,1.0,2,0.0,0.5625,0,0,121.0,8,2.0
8,2,0,7,15,0,4,3,8,0.571428571,83,0.0,1,0.3,0.34375,1,4,9.125,1,0.875
13,1,0,11,70,66,2,9,6,0.952898551,2002,0.043478261,7,0.0,0.266666667,0,0,151.2307692,14,3.2308
2,4,0,6,9,1,1,5,1,2.0,27,0.0,0,0.995260664,0.625,2,2,12.5,1,0.5
49,2,0,15,103,740,1,14,42,0.8359375,1010,1.0,3,0.520833333,0.182692308,2,18,19.44897959,7,1.5102
19,1,0,19,72,91,6,15,9,0.708333333,1245,0.75,1,0.0,0.274853801,0,0,64.10526316,5,1.6316
3,4,0,10,9,1,5,5,3,0.0,44,0.0,0,0.95,0.6,1,1,13.33333333,2,0.6667
3,1,0,4,3,3,2,2,3,2.0,3,0.0,0,0.0,0.666666667,0,0,0.0,1,1.0
6,2,0,6,9,13,4,4,5,0.8,28,1.0,0,0.909090909,0.4,0,0,3.5,1,0.5
19,1,2,16,55,0,10,8,14,0.722222222,398,0.8,1,0.0,0.201388889,0,0,19.68421053,3,1.6316
20,1,0,37,20,190,32,6,20,2.0,20,0.0,0,0.0,0.3625,0,0,0.0,1,1.0
7,1,1,5,14,13,1,4,7,0.75,56,1.0,1,0.0,0.314285714,0,0,6.714285714,3,1.1429
11,1,0,23,16,31,21,4,8,0.8,77,0.833333333,3,0.0,0.26,0,0,5.454545455,1,0.8182
7,3,1,9,13,0,4,5,5,0.166666667,41,1.0,1,0.807692308,0.476190476,1,1,4.714285714,1,0.7143
3,1,0,4,4,3,4,0,3,1.4375,23,0.0,2,0.0,0.5,0,0,4.0,2,1.0
13,2,0,13,23,0,10,3,11,0.642857143,271,1.0,1,0.45,0.256410256,1,2,19.30769231,2,0.9231
6,1,0,2,11,3,1,1,3,0.6,54,1.0,0,0.0,0.666666667,0,0,7.666666667,1,0.8333
8,6,0,15,52,10,9,7,5,0.868131868,339,0.307692308,1,0.991428571,0.242857143,2,3,39.75,9,2.625
11,2,0,3,26,0,2,2,11,0.55,127,0.5,1,0.583333333,0.409090909,1,3,10.36363636,3,1.3636
2,1,0,5,11,0,1,4,2,0.0,39,1.0,1,0.0,0.666666667,0,0,18.0,1,0.5
4,3,3,5,8,6,5,0,4,2.0,20,0.0,0,1.0,0.666666667,0,0,4.0,0,0.0
14,1,0,2,25,3,1,1,13,0.602564103,237,0.0,0,0.0,0.404761905,0,0,15.5,1,0.9286
4,2,0,1,15,0,0,1,4,0.833333333,62,0.0,0,0.571428571,0.5,1,4,14.0,3,1.5
1,1,0,22,1,0,22,0,1,2.0,1,0.0,0,0.0,1.0,0,0,0.0,1,1.0
0,1,0,2,0,0,1,1,0,2.0,0,0.0,0,0.0,0.0,0,0,0.0,0,0.0
5,1,14,17,6,10,15,2,5,1.25,13,1.0,0,0.0,0.533333333,0,0,1.4,1,0.8
4,1,0,0,4,6,0,0,4,2.0,4,0.0,0,0.0,0.75,0,0,0.0,1,1.0
12,2,0,5,36,24,3,2,7,0.818181818,253,0.0,0,0.592592593,0.395833333,1,2,19.83333333,6,2.0833
48,1,0,12,63,912,10,2,48,0.907054871,598,1.0,1,0.0,0.220238095,0,0,11.0625,12,1.625
2,1,0,7,16,0,1,6,1,0.333333333,137,1.0,2,0.0,0.583333333,0,0,66.0,1,0.5
20,3,2,35,72,120,14,24,19,0.910931174,404,1.0,3,0.759493671,0.1875,1,4,18.55,7,1.8
4,2,0,4,18,0,1,3,2,0.555555556,128,0.333333333,0,0.571428571,0.45,0,0,30.25,7,2.25
1,1,0,0,2,0,0,0,1,2.0,353,0.0,0,0.0,1.0,0,0,3.0,0,0.0
14,5,0,19,67,55,10,16,8,0.820512821,361,0.833333333,1,0.98048048,0.257142857,3,12,24.35714286,10,1.8571
0,1,0,1,0,0,1,0,0,2.0,7,0.0,0,0.0,0.0,0,0,0.0,0,0.0
4,2,0,10,22,2,2,8,3,0.555555556,173,0.333333333,0,0.857142857,0.5,1,1,41.5,1,0.75
7,1,5,9,8,13,5,4,7,0.75,30,1.0,1,0.0,0.314285714,0,0,3.0,1,0.8571
7,3,0,21,38,0,1,21,6,0.083333333,282,1.0,1,0.922077922,0.306122449,2,9,39.0,3,1.7143
8,1,9,13,20,12,9,4,8,0.8,101,0.2,1,0.0,0.40625,0,0,11.0,1,0.875
3,3,0,0,4,1,0,0,2,0.5,234,1.0,0,0.974358974,1.0,0,0,76.66666667,1,0.3333
6,2,0,1,14,0,1,0,6,0.0,52,1.0,0,0.692307692,0.5,0,0,7.5,1,0.6667
19,1,0,13,99,61,4,11,9,0.722222222,777,0.777777778,0,0.0,0.111111111,0,0,39.42105263,14,2.8947
5,6,0,5,13,0,1,5,3,0.75,130,0.5,0,0.979020979,0.366666667,1,1,24.6,17,4.0
11,2,0,6,23,25,3,3,9,0.8,183,0.5,0,0.55,0.431818182,1,6,15.27272727,3,1.1818
16,1,0,20,55,0,9,14,14,0.5,453,1.0,3,0.0,0.198863636,0,0,27.0625,6,1.0625
8,1,2,5,22,6,4,1,6,0.678571429,185,1.0,0,0.0,0.625,0,0,21.125,4,1.875
6,0,0,21,54,9,2,19,3,0.4,309,1.0,0,0.0,0.457142857,0,0,50.33333333,4,1.6667
2,5,0,4,4,1,3,1,2,2.0,11,0.0,0,1.0,0.833333333,0,0,4.5,0,0.0
2,3,0,6,11,1,0,6,1,2.0,39,0.0,0,0.972222222,0.666666667,1,2,18.5,1,0.5
8,7,0,15,57,8,4,12,3,0.285714286,429,1.0,1,0.991389914,0.3,4,11,52.5,36,6.125
4,2,0,9,9,4,3,6,2,1.0,47,0.0,0,0.894736842,0.6,1,1,10.0,2,0.75
3,1,0,0,3,3,0,0,3,2.0,3,0.0,0,0.0,0.666666667,0,0,0.0,1,1.0
24,2,0,11,39,234,6,5,22,0.747826087,365,0.8,0,0.333333333,0.197916667,1,4,14.0,7,1.8333
3,5,0,14,33,1,0,14,2,0.5,177,1.0,0,0.98245614,0.75,1,7,57.66666667,1,0.3333
26,3,1,9,56,225,1,8,20,0.872727273,537,1.0,2,0.606557377,0.24,0,0,19.23076923,7,1.1923
2,4,0,5,7,1,0,5,2,2.0,518,0.0,0,0.976190476,1.0,0,0,258.0,1,0.5
66,1,3,25,106,1829,21,9,36,0.967521368,1123,0.833333333,1,0.0,0.116550117,0,0,15.74242424,31,2.2727
1,2,0,2,2,0,1,1,1,2.0,6,0.0,0,1.0,1.0,0,0,4.0,0,0.0
16,1,0,71,49,102,71,0,11,0.355555556,794,0.666666667,0,0.0,0.18,0,0,48.4375,10,1.875
11,1,1,3,20,53,3,1,0,0.9,90,1.0,0,0.0,0.4,0,0,7.090909091,2,0.9091
2,5,0,6,8,1,1,5,0,2.0,20,0.0,0,0.995327103,0.666666667,1,1,8.5,1,0.5
3,1,0,3,3,3,0,3,3,2.0,3,0.0,0,0.0,0.666666667,0,0,0.0,1,1.0
52,1,0,15,109,202,4,13,50,0.851540616,775,1.0,3,0.0,0.185314685,0,0,13.76923077,11,1.6346
3,0,0,7,11,1,1,6,2,0.5,48,1.0,0,0.0,0.75,0,0,14.66666667,1,0.3333
17,1,0,9,71,0,1,9,16,0.78125,336,1.0,3,0.0,0.22875817,0,0,18.41176471,1,0.9412
14,7,0,14,95,51,2,13,4,0.782051282,773,1.0,0,0.980568012,0.214285714,0,0,53.35714286,6,1.7857
10,2,0,10,41,15,0,10,8,0.694444444,214,1.0,0,0.5,0.4,0,0,20.0,7,1.6
102,1,0,38,302,0,5,35,88,0.925742574,1843,0.4375,3,0.0,0.135567403,0,0,16.91176471,18,1.7353
0,1,0,0,0,0,0,0,0,2.0,0,0.0,0,0.0,0.0,0,0,0.0,0,0.0
46,2,1,47,229,957,4,0,24,0.935555556,2754,0.9,1,0.469879518,0.119298246,2,4,58.65217391,10,1.6739
16,1,0,2,16,120,1,1,16,2.0,16,0.0,0,0.0,0.375,0,0,0.0,1,1.0
7,1,0,10,109,21,0,10,2,2.0,2028,0.0,0,0.0,0.2,0,0,288.7142857,138,20.4286
12,1,0,8,19,44,4,4,12,0.833333333,85,1.0,3,0.0,0.236111111,1,1,5.583333333,2,1.0
13,1,0,13,61,0,4,9,0,0.881944444,553,0.333333333,3,0.0,0.179487179,0,0,40.61538462,4,1.0
10,1,0,5,25,3,1,5,0,0.611111111,815,0.5,3,0.0,0.3125,0,0,79.9,11,2.8
114,1,0,184,374,5427,157,59,79,0.923830594,5109,1.0,8,0.0,0.051769912,0,0,43.57017544,68,4.0614
3,1,0,3,5,0,2,1,3,0.0,17,1.0,1,0.0,0.666666667,0,0,4.333333333,1,0.6667
4,1,0,2,5,0,2,0,4,0.666666667,28,1.0,0,0.0,0.5,0,0,5.25,1,0.75
3,1,0,9,8,1,4,5,3,0.0,26,1.0,1,0.0,0.5,0,0,7.333333333,1,0.3333
4,2,4,10,6,0,9,1,2,0.333333333,22,1.0,0,0.714285714,0.75,0,0,4.25,1,0.5
15,3,0,14,46,93,1,14,8,0.821428571,217,1.0,0,0.739130435,0.261904762,2,3,13.2,2,0.8667
6,3,0,20,37,15,10,11,5,1.133333333,273,1.0,0,0.897435897,0.56,1,4,44.0,16,3.1667
2,1,0,2,2,1,1,1,2,2.0,2,0.0,0,0.0,0.75,0,0,0.0,1,1.0
5,3,0,8,13,4,4,4,4,0.833333333,47,0.333333333,0,0.666666667,0.5,1,1,7.8,1,0.6
21,1,0,2,52,126,1,1,21,0.7625,322,1.0,0,0.0,0.265306122,0,0,14.14285714,7,1.381
2,1,0,2,3,0,2,0,2,0.0,29,0.0,0,0.0,0.875,0,0,12.0,0,0.0
5,6,0,13,35,10,1,12,4,2.0,183,0.0,0,0.941176471,0.4,2,8,35.6,1,0.8
1,1,0,4,1,0,3,1,1,2.0,1,0.0,0,0.0,1.0,0,0,0.0,1,1.0
11,2,0,7,35,11,1,6,10,0.85,242,0.5,0,0.678571429,0.38,1,5,20.63636364,2,0.9091
10,2,2,5,20,0,2,3,10,0.0,53,1.0,1,0.64,0.55,1,2,4.2,1,0.9
1,1,0,2,1,0,2,0,0,2.0,186,0.0,0,0.0,0.0,0,0,148.0,0,0.0
4,2,0,10,29,4,0,10,3,0.666666667,133,1.0,0,0.6,0.666666667,0,0,32.0,6,1.75
11,4,1,17,43,39,11,10,9,0.8,333,1.0,0,0.964285714,0.309090909,1,2,28.90909091,4,1.5455
9,4,7,20,23,6,12,9,8,0.375,123,0.0,1,0.857142857,0.355555556,3,9,12.55555556,6,1.7778
12,1,0,0,12,66,0,0,12,2.0,12,0.0,0,0.0,0.638888889,0,0,0.0,1,1.0
0,1,0,0,0,0,0,0,0,2.0,4,0.0,0,0.0,0.0,0,0,0.0,0,0.0
1,1,0,6,2,0,6,0,1,2.0,6,0.0,0,0.0,1.0,0,0,3.0,0,0.0
2,3,0,6,11,1,0,6,1,2.0,39,0.0,0,0.971428571,0.666666667,1,2,18.5,1,0.5
14,3,0,9,52,15,1,8,10,0.730769231,468,0.0,1,0.74,0.214285714,2,2,31.85714286,2,1.0714
12,1,0,4,44,64,2,2,0,0.981818182,586,1.0,0,0.0,0.318181818,0,0,47.41666667,8,1.8333
5,1,0,1,15,0,0,1,3,0.0,86,0.0,0,0.0,0.666666667,0,0,16.0,3,1.6
9,3,1,11,53,16,1,10,7,0.75,457,1.0,0,0.822222222,0.271604938,2,2,49.22222222,5,1.3333
4,1,0,7,4,6,6,2,4,2.0,4,0.0,0,0.0,0.583333333,0,0,0.0,1,1.0
12,1,1,0,22,66,0,0,11,2.0,100,0.0,0,0.0,0.238095238,0,0,7.333333333,1,0.9167
4,1,0,2,5,0,1,1,3,0.0,59,1.0,0,0.0,0.666666667,0,0,13.25,3,1.75
6,2,0,13,24,13,0,13,3,0.866666667,98,0.333333333,0,0.6,0.4,1,2,14.83333333,4,1.3333
6,2,0,3,26,3,1,2,6,0.733333333,462,0.0,0,0.772727273,0.458333333,1,1,75.0,2,1.0
2,2,0,9,28,1,1,8,2,2.0,268,0.0,0,0.958333333,1.0,1,1,133.0,1,0.5
11,2,0,3,24,25,2,1,7,0.833333333,177,0.0,0,0.64,0.303030303,2,3,14.81818182,6,2.0
34,3,0,59,83,541,55,9,29,0.96969697,1017,0.8,5,0.733333333,0.284848485,2,4,28.61764706,7,2.2059
5,1,0,6,11,0,4,2,5,0.375,41,1.0,1,0.0,0.466666667,0,0,6.8,1,0.8
2,2,0,6,9,1,1,5,1,1.0,32,1.0,0,0.954545455,0.75,0,0,14.5,2,1.0
4,1,5,8,11,0,5,3,3,0.0,38,1.0,0,0.0,0.5,0,0,8.25,2,1.0
17,2,2,12,45,56,2,10,11,0.84375,257,0.8,5,0.464285714,0.1796875,1,1,13.52941176,2,1.0
6,4,0,6,14,0,2,4,5,0.9,239,1.0,0,0.75,0.375,1,3,38.5,10,3.0
4,1,0,6,18,0,0,6,4,0.333333333,100,1.0,1,0.0,0.5,0,0,23.5,3,1.25
3,4,0,14,12,3,1,13,3,2.0,56,0.0,0,0.979591837,0.6,2,6,17.66666667,1,0.6667
5,2,0,10,21,4,2,8,4,0.625,187,0.0,0,0.818181818,0.44,1,1,35.6,1,0.8
1,1,0,5,1,0,3,2,1,2.0,1,0.0,0,0.0,1.0,0,0,0.0,1,1.0
2,1,0,0,2,1,0,0,2,2.0,2,0.0,0,0.0,1.0,0,0,0.0,1,1.0
5,1,0,1,24,10,1,0,5,2.0,206,0.0,0,0.0,0.3,0,0,40.2,6,3.0
9,2,0,40,23,32,39,2,7,0.975,240,0.2,9,0.631578947,0.375,1,1,24.55555556,4,1.8889
11,2,0,5,26,0,0,5,8,0.666666667,272,1.0,3,0.565217391,0.309090909,1,7,23.18181818,4,1.6364
8,1,0,2,8,28,1,1,8,2.0,8,0.0,0,0.0,0.75,0,0,0.0,1,1.0
17,1,0,11,47,42,2,10,6,0.701388889,688,1.0,2,0.0,0.364705882,0,0,38.94117647,12,2.7647
12,1,1,0,39,52,0,0,8,0.878787879,275,0.833333333,0,0.0,0.454545455,0,0,21.41666667,10,1.6667
1,1,0,0,2,0,0,0,0,2.0,9,0.0,0,0.0,1.0,0,0,3.0,0,0.0
4,3,0,1,15,6,0,1,3,1.333333333,4270,0.0,0,0.926829268,0.333333333,0,0,1005.75,2,1.0
2,4,0,6,8,1,0,6,2,2.0,23,0.0,0,0.979591837,0.75,1,6,10.5,1,0.5
2,1,0,6,10,0,1,5,2,0.0,46,1.0,1,0.0,0.666666667,0,0,21.5,1,0.5
16,1,0,0,16,120,0,0,16,2.0,16,0.0,0,0.0,0.5,0,0,0.0,1,1.0
8,2,0,2,32,10,1,2,7,1.040816327,223,0.214285714,0,0.588235294,0.46875,1,1,25.125,6,1.5
5,1,0,6,13,0,5,1,5,0.0,69,1.0,0,0.0,0.533333333,0,0,12.6,3,1.2
8,2,4,8,12,8,4,4,8,0.5,68,1.0,1,0.416666667,0.3125,2,2,7.25,5,1.375
19,3,1,21,42,83,6,15,18,0.6,332,0.2,3,0.816091954,0.184210526,2,24,16.21052632,9,1.6842
2,3,0,0,3,1,0,0,2,2.0,374,0.0,0,0.974358974,1.0,0,0,186.0,1,0.5
5,1,0,5,12,0,4,1,0,0.678571429,95,0.0,2,0.0,0.533333333,0,0,16.6,1,0.8
2,1,0,14,16,0,1,14,2,0.0,102,1.0,0,0.0,0.75,0,0,49.5,6,3.0
10,2,0,8,31,33,1,7,7,0.857142857,195,0.714285714,2,0.333333333,0.244444444,0,0,17.8,4,1.1
7,4,0,14,18,0,3,12,6,0.166666667,156,0.0,1,0.931034483,0.367346939,3,17,21.14285714,2,1.0
22,1,0,19,49,125,16,5,18,0.80952381,382,1.0,1,0.0,0.309090909,0,0,16.04545455,8,1.7273
8,4,9,18,21,8,9,9,4,1.142857143,111,0.0,0,0.872727273,0.5,2,5,12.75,2,1.125
10,1,0,26,28,31,26,0,5,0.577777778,414,0.8,0,0.0,0.206349206,0,0,39.9,2,1.2
86,2,0,9,97,3649,0,9,84,2.0,709,0.0,0,0.105263158,0.05620155,1,1,7.244186047,3,1.0233
2,2,0,10,7,1,1,9,1,1.0,79,0.0,0,0.947368421,0.625,1,1,38.0,1,0.5
0,1,0,2,0,0,2,0,0,2.0,41,0.0,0,0.0,0.0,0,0,0.0,0,0.0
12,3,0,13,32,0,6,7,10,0.454545455,192,1.0,0,0.75,0.238095238,1,1,14.83333333,4,1.6667
0,1,0,1,0,0,1,0,0,2.0,0,0.0,0,0.0,0.0,0,0,0.0,0,0.0
4,3,0,7,26,6,1,6,2,1.0,132,0.0,0,0.777777778,0.583333333,2,2,31.75,4,1.25
33,1,0,3,73,0,1,3,33,0.75,469,0.0,2,0.0,0.158508159,1,1,13.03030303,6,1.303
9,4,0,3,12,36,0,3,9,2.0,50,0.0,0,0.911111111,0.555555556,1,5,4.555555556,1,0.8889
22,2,28,37,44,183,31,6,7,0.523809524,271,1.0,1,0.3,0.198863636,1,2,11.22727273,3,1.3182
3,4,0,1,4,1,0,1,2,0.5,575,0.0,0,0.976190476,1.0,0,0,190.3333333,1,0.3333
3,5,0,4,10,0,1,3,3,0.5,37,1.0,0,0.904761905,0.5,0,0,10.66666667,1,0.6667
22,3,0,12,71,163,1,11,17,0.867346939,783,1.0,5,0.649122807,0.25170068,2,2,33.95454545,22,2.6818
26,1,3,11,42,325,10,1,22,1.04,693,0.0,0,0.0,0.544871795,0,0,25.46153846,10,1.9615
2,6,0,4,4,1,1,3,1,2.0,11,0.0,0,0.987179487,0.666666667,0,0,4.5,1,0.5
9,2,4,16,56,24,6,11,3,1.0625,601,0.3,3,0.428571429,0.174603175,0,0,63.55555556,1,0.8889
1,1,0,2,1,0,2,0,0,2.0,2064,0.0,0,0.0,0.0,0,0,2052.0,0,0.0
12,2,14,22,23,0,17,7,12,0.363636364,149,1.0,2,0.731707317,0.21875,1,7,11.25,5,1.5833
4,3,0,2,7,4,2,0,4,2.0,34,0.0,0,0.882352941,0.625,1,3,7.5,2,0.75
4,1,0,5,4,6,5,0,4,2.0,4,0.0,0,0.0,1.0,0,0,0.0,1,1.0
11,3,0,6,53,23,0,6,9,0.833333333,380,0.888888889,1,0.804347826,0.36,1,1,32.72727273,1,0.8182
3,1,0,12,38,3,1,11,2,1.5,182,0.0,0,0.0,0.833333333,0,0,59.33333333,12,4.3333
1,1,0,6,1,0,4,2,1,2.0,1,0.0,0,0.0,1.0,0,0,0.0,1,1.0
6,3,0,10,42,0,1,10,5,0.6,203,1.0,0,0.833333333,0.4,0,0,32.33333333,1,0.6667
4,3,0,6,16,4,0,6,3,0.666666667,64,1.0,0,0.945945946,0.4,1,3,14.75,1,0.5
16,3,0,13,48,58,1,13,12,0.786666667,485,1.0,2,0.711538462,0.25,2,2,28.6875,4,1.5
3,4,0,3,20,3,0,3,1,2.0,82,0.0,0,0.956521739,0.5,1,1,26.33333333,6,2.3333
8,1,0,3,30,12,0,3,2,0.666666667,228,0.0,1,0.0,0.321428571,0,0,26.75,4,1.75
2,3,0,4,4,1,1,3,2,2.0,13,0.0,0,0.976190476,0.75,1,1,5.5,1,0.5
1,1,0,3,2,0,2,2,0,2.0,18,0.0,3,0.0,1.0,0,0,12.0,0,0.0
4,2,0,4,8,4,1,3,0,0.666666667,55,1.0,0,0.7,0.375,1,2,12.25,6,2.0
9,3,0,5,20,22,0,5,9,0.791666667,91,1.0,2,0.384615385,0.407407407,0,0,8.777777778,5,1.3333
1,1,0,0,1,0,0,0,1,2.0,1,0.0,0,0.0,1.0,0,0,0.0,1,1.0
17,5,0,9,34,118,2,7,17,0.975,137,0.5,1,0.905882353,0.270588235,3,5,6.470588235,2,1.0588
10,1,0,4,31,3,1,3,9,0.222222222,183,0.0,0,0.0,0.333333333,0,0,17.2,2,1.3
43,1,0,14,90,783,4,10,1,0.960784314,1949,0.205882353,2,0.0,0.333333333,0,0,43.53488372,10,1.3256
6,1,0,0,6,15,0,0,6,1.2,9,0.0,0,0.0,0.333333333,0,0,0.0,1,1.0
5,1,0,7,14,0,3,4,0,0.75,108,0.333333333,4,0.0,0.4,0,0,19.4,5,1.6
7,4,0,3,10,21,0,3,7,2.0,39,0.0,0,0.931818182,0.571428571,1,6,4.571428571,1,0.8571
12,1,0,58,21,0,58,0,9,0.136363636,128,0.0,0,0.0,0.291666667,1,1,9.5,4,1.1667
2,1,0,2,16,1,0,2,2,2.0,100,0.0,0,0.0,0.75,0,0,49.0,3,1.5
14,3,3,9,41,17,3,6,11,0.717948718,335,0.666666667,1,0.806451613,0.480769231,1,2,22.71428571,6,1.5714
28,3,2,10,56,0,2,8,25,0.0,160,1.0,1,0.490196078,0.15,2,7,4.678571429,1,0.9286
2,0,0,3,5,1,0,3,2,2.0,12,0.0,0,0.0,1.0,0,0,5.0,1,0.5
8,3,0,20,36,0,2,19,6,0.428571429,211,1.0,1,0.888888889,0.25,1,4,25.125,9,2.75
0,1,0,0,0,0,0,0,0,2.0,4,0.0,0,0.0,0.0,0,0,0.0,0,0.0
6,2,0,4,34,11,0,4,5,0.6,236,0.333333333,1,0.827586207,0.666666667,1,2,37.83333333,6,1.6667
38,2,1,6,60,255,1,5,36,0.924924925,801,0.518518519,6,0.239130435,0.331578947,1,6,19.36842105,2,0.9474
9,3,0,0,16,34,0,0,8,0.0,60,1.0,0,0.8,0.666666667,1,1,5.555555556,2,1.0
13,2,0,6,31,14,0,6,12,0.583333333,268,1.0,4,0.541666667,0.307692308,1,8,19.07692308,3,1.4615
3,1,0,11,46,3,0,11,3,2.0,261,0.0,0,0.0,0.466666667,0,0,86.0,1,0.6667
25,1,10,26,103,134,10,16,3,0.77173913,1167,1.0,9,0.0,0.226190476,0,0,44.76,29,4.68
9,1,0,6,17,24,0,6,9,0.6875,78,1.0,1,0.0,0.407407407,0,0,7.444444444,1,0.8889
4,2,0,8,12,6,1,7,2,1.0,80,1.0,0,0.571428571,0.5,0,0,18.75,4,2.5
41,2,0,11,74,0,1,10,22,0.596875,7275,0.875,3,0.152173913,0.181818182,1,4,176.0487805,2,1.0488
7,1,0,30,25,9,26,4,4,0.611111111,182,0.666666667,1,0.0,0.208333333,0,0,24.57142857,7,1.7143
6,6,0,3,16,7,1,2,5,0.8,80,1.0,0,0.791666667,0.416666667,0,0,11.66666667,3,1.1667
3,4,0,6,11,3,2,4,2,2.0,57,0.0,0,0.985714286,0.428571429,1,7,18.0,1,0.3333
12,1,2,15,13,42,15,0,12,0.818181818,62,0.0,0,0.0,0.708333333,0,0,3.833333333,1,0.8333
20,3,0,18,53,126,4,17,14,0.782894737,299,1.0,2,0.714285714,0.16,1,1,13.55,2,1.05
14,1,0,10,34,65,1,0,13,0.355769231,207,1.0,0,0.0,0.404761905,0,0,13.21428571,3,1.1429
2,1,0,17,2,1,15,2,2,2.0,2,0.0,0,0.0,1.0,0,0,0.0,1,1.0
4,1,0,1,16,0,1,0,4,0.444444444,77,1.0,0,0.0,0.625,0,0,17.5,2,1.25
19,2,0,7,33,119,3,5,17,0.80952381,303,0.857142857,0,0.392857143,0.254385965,1,4,14.57894737,2,1.0
1,3,2,3,2,0,3,0,1,2.0,5,0.0,0,1.0,1.0,0,0,4.0,0,0.0
2,1,0,19,4,1,18,1,1,1.0,72,0.0,0,0.0,1.0,0,0,24.0,0,0.0
8,1,0,8,21,16,3,5,5,0.625,158,0.875,0,0.0,0.514285714,0,0,17.75,5,1.75
3,2,0,5,19,1,1,5,1,0.5,82,1.0,0,0.9,0.5,0,0,26.0,2,1.0
3,3,0,0,4,3,0,0,3,2.0,6,0.0,0,0.95,0.833333333,0,0,1.0,1,0.6667
2,3,0,3,4,1,1,3,1,2.0,12,0.0,0,0.971428571,0.666666667,1,1,5.0,1,0.5
5,4,0,7,27,4,0,7,4,0.916666667,109,0.333333333,0,0.923076923,0.466666667,2,3,20.2,2,1.0
5,2,1,5,16,2,1,5,4,0.625,110,0.5,1,0.823529412,0.5,1,4,20.6,9,2.2
12,2,0,5,24,46,1,4,10,0.818181818,141,0.5,0,0.55,0.5,1,6,10.58333333,2,0.8333
2,5,0,5,9,1,0,5,2,2.0,43,0.0,0,0.982142857,0.75,2,7,20.5,1,0.5
4,2,0,33,25,0,21,13,4,0.666666667,214,1.0,0,0.842105263,0.5,1,1,52.0,1,0.75
7,3,0,6,26,15,2,5,6,0.833333333,237,0.5,0,0.860465116,0.285714286,1,1,32.57142857,1,0.8571
1,4,0,0,2,0,0,0,1,2.0,4,0.0,0,1.0,1.0,0,0,3.0,0,0.0
1,1,0,7,1,0,5,2,1,2.0,1,0.0,0,0.0,1.0,0,0,0.0,1,1.0
5,3,0,31,42,4,0,31,4,0.5,253,1.0,1,0.933333333,0.333333333,1,6,49.4,4,1.6
3,5,2,16,38,3,2,0,1,2.0,159,0.0,0,0.981132075,1.0,0,0,52.0,1,0.6667
7,4,0,16,22,0,0,16,5,0.625,153,1.0,4,0.926829268,0.30952381,2,4,20.28571429,6,1.7143
11,1,2,20,37,29,12,13,8,0.45,353,0.0,2,0.0,0.214876033,0,0,30.90909091,7,1.6364
3,3,0,6,7,3,1,5,3,2.0,40,0.0,0,0.953488372,0.555555556,2,2,12.33333333,1,0.6667
20,1,0,80,20,190,75,10,20,2.0,20,0.0,0,0.0,0.16,0,0,0.0,1,1.0
2,1,0,13,31,0,1,13,0,0.142857143,217,0.928571429,9,0.0,1.0,0,0,100.5,3,1.5
15,1,0,9,22,0,8,1,14,0.900793651,286,0.222222222,3,0.0,0.380952381,0,0,16.86666667,7,0.8
5,1,1,8,6,10,6,3,0,2.0,8,0.0,0,0.0,0.466666667,0,0,0.6,1,0.8
20,6,1,53,102,50,8,46,13,0.831578947,1167,1.0,1,0.838983051,0.225,3,8,56.85,8,2.6
5,6,0,3,29,8,1,3,3,0.625,109,1.0,1,0.994056464,1.0,4,12,20.4,1,0.8
7,4,0,16,22,0,0,16,5,0.625,153,1.0,4,0.926829268,0.30952381,2,4,20.28571429,6,1.7143
22,1,3,24,47,231,19,9,18,1.0,322,0.0,1,0.0,0.227272727,0,0,13.59090909,5,1.6818
2,3,0,0,3,1,0,0,2,2.0,229,0.0,0,0.974358974,1.0,0,0,113.5,1,0.5
27,2,0,6,42,209,2,4,24,0.846153846,372,0.9,3,0.323529412,0.346153846,1,6,12.40740741,2,0.8889
10,3,0,19,33,0,6,15,7,0.583333333,262,1.0,0,0.875,0.266666667,2,6,24.8,10,2.1
7,1,0,12,29,1,7,6,1,0.0,257,1.0,1,0.0,0.514285714,0,0,35.57142857,2,0.7143
2,5,0,3,6,0,2,1,2,1.0,21,1.0,0,0.944444444,0.75,0,0,8.5,1,0.5
4,1,0,2,4,6,1,1,4,2.0,4,0.0,0,0.0,0.75,0,0,0.0,1,1.0
20,2,0,49,52,188,17,36,19,2.0,298,0.0,0,0.634615385,0.245,1,2,13.9,4,1.45
5,2,0,10,19,10,4,8,5,2.0,84,0.0,0,0.9,0.4,1,1,15.8,1,0.6
3,1,0,3,8,0,1,2,3,0.5,29,0.0,0,0.0,0.666666667,0,0,8.0,1,0.6667
2,2,0,8,8,1,1,7,1,2.0,50,0.0,0,0.947368421,0.625,1,1,24.0,1,0.5
7,1,0,5,9,21,0,5,6,2.0,44,0.0,0,0.0,0.857142857,0,0,5.285714286,1,0.8571
5,3,10,10,16,8,10,0,3,1.246296296,2125,0.0,0,0.926829268,0.333333333,0,0,397.0,2,0.8
5,1,0,3,9,0,2,1,4,0.25,27,0.0,1,0.0,0.3,0,0,4.2,1,0.6
6,1,0,9,21,0,7,2,5,0.88,286,0.2,0,0.0,0.466666667,0,0,45.0,6,3.0
3,1,0,5,3,3,4,1,3,2.0,3,0.0,0,0.0,0.833333333,0,0,0.0,1,1.0
4,0,0,10,19,2,1,9,1,0.5,71,1.0,0,0.0,0.375,0,0,16.25,2,1.0
2,2,0,2,4,1,0,2,2,2.0,10,0.0,0,0.888888889,0.666666667,0,0,4.0,1,0.5
3,2,0,6,13,0,1,5,3,0.0,86,1.0,0,0.6,0.476190476,1,2,27.33333333,1,0.6667
3,1,0,1,10,3,1,0,3,2.0,244,0.0,0,0.0,0.416666667,0,0,80.33333333,10,5.6667
11,1,0,2,17,0,2,0,8,0.225,387,1.0,0,0.0,0.436363636,0,0,33.81818182,4,1.8182
21,2,0,9,45,92,1,8,19,0.92,370,0.4,2,0.366666667,0.19047619,1,4,15.9047619,2,0.9524
10,3,0,16,31,29,0,16,9,0.722222222,284,1.0,0,0.859649123,0.26984127,3,3,27.0,5,1.5
10,2,0,4,30,27,1,3,5,0.761904762,252,1.0,1,0.357142857,0.283333333,1,1,23.5,2,1.0
6,3,0,8,32,0,2,8,1,0.666666667,161,1.0,1,0.846153846,0.36,1,1,25.33333333,6,1.5
11,1,0,12,32,27,9,4,9,0.683333333,190,1.0,0,0.0,0.232323232,0,0,15.72727273,1,0.9091
6,2,0,4,17,0,0,4,4,0.0,80,1.0,0,0.736842105,0.444444444,1,1,12.16666667,3,1.1667
8,1,0,8,19,0,7,1,8,0.642857143,333,0.5,0,0.0,0.46875,0,0,40.375,6,2.125
7,3,1,7,25,0,2,5,5,0.520833333,190,1.0,2,0.571428571,0.30952381,1,3,25.0,1,0.8571
8,2,0,5,20,4,2,4,7,0.8,148,0.6,0,0.583333333,0.375,1,2,16.875,1,0.625
13,1,0,0,13,78,0,0,13,2.0,13,0.0,0,0.0,0.461538462,0,0,0.0,1,1.0
6,2,17,40,10,13,36,4,4,0.8,44,1.0,1,0.375,0.458333333,0,0,6.166666667,1,0.8333
5,5,0,3,13,6,1,2,3,0.916666667,67,1.0,0,0.826086957,0.36,0,0,11.8,2,1.0
6,3,0,5,20,5,1,4,5,0.825,247,0.0,1,0.722222222,0.333333333,1,4,38.83333333,16,3.6667
10,2,0,6,19,39,2,4,8,0.972222222,93,0.25,0,0.578947368,0.32,1,4,7.9,2,0.9
86,2,0,8,95,3655,0,8,84,2.0,686,0.0,0,0.105263158,0.05620155,0,0,6.976744186,3,1.0233
8,4,9,18,21,8,9,9,4,2.0,110,0.0,0,0.872727273,0.5,2,5,12.75,2,1.125
9,1,4,8,11,20,6,2,0,0.825,77,1.0,3,0.0,0.518518519,0,0,7.0,1,0.8889
20,1,0,2,20,190,1,1,20,2.0,20,0.0,0,0.0,0.375,0,0,0.0,1,1.0
2,3,1,1,3,1,1,0,2,2.0,465,0.0,0,0.974358974,1.0,0,0,231.5,1,0.5
1,1,0,27,1,0,26,1,1,2.0,4,0.0,0,0.0,1.0,0,0,0.0,1,1.0
2,4,0,17,25,1,1,16,2,2.0,137,0.0,0,0.987012987,0.625,2,3,67.5,9,4.5
9,2,0,7,17,24,0,7,9,0.6875,78,1.0,1,0.2,0.407407407,0,0,7.444444444,1,0.8889
2,1,0,3,4,1,0,3,2,1.0,12,0.0,1,0.0,0.666666667,0,0,4.5,1,0.5
2,1,0,3,5,0,2,1,2,0.0,42,0.0,0,0.0,0.833333333,0,0,19.0,1,0.5
2,2,0,3,3,0,1,2,2,1.0,14,0.5,1,0.923076923,0.75,0,0,5.0,1,0.5
37,1,1,8,57,440,6,4,0,0.793209877,812,0.722222222,3,0.0,0.289189189,0,0,20.45945946,15,2.2162
2,1,0,2,3,1,0,2,2,2.0,7,0.0,0,0.0,0.75,0,0,2.5,1,0.5
6,3,0,9,27,15,0,9,6,1.2,167,0.0,0,0.975124378,0.444444444,2,6,26.66666667,4,1.3333
4,3,0,4,19,6,1,4,3,2.0,62,0.0,0,0.888888889,0.375,1,1,14.5,1,0.5
5,1,0,14,21,0,11,3,5,0.0,75,1.0,0,0.0,0.4,0,0,13.8,2,1.0
4,3,0,3,12,2,0,3,2,0.75,79,0.0,0,0.777777778,0.4,1,2,17.75,1,0.5
10,1,3,12,29,21,3,9,6,0.722222222,151,0.75,2,0.0,0.37037037,0,0,13.7,1,0.6
6,2,0,15,56,13,1,14,3,0.8,280,0.0,1,0.615384615,0.583333333,0,0,45.5,5,2.1667
2,1,0,2,2,1,1,1,2,2.0,2,0.0,0,0.0,0.75,0,0,0.0,1,1.0
9,2,0,6,25,0,1,5,8,0.517857143,401,1.0,2,0.619047619,0.361111111,1,6,42.77777778,6,2.8889
14,0,0,23,42,61,5,19,5,0.89010989,182,0.571428571,3,0.0,0.201923077,0,0,11.5,2,1.0
5,1,12,28,6,10,28,0,5,2.0,19,0.0,0,0.0,0.9,0,0,2.8,1,0.8
3,1,0,6,10,0,5,1,3,0.25,113,1.0,1,0.0,0.5,0,0,36.0,13,4.6667
6,1,0,0,6,15,0,0,6,2.0,6,0.0,0,0.0,0.375,0,0,0.0,1,1.0
2,1,1,6,16,0,1,5,1,0.0,66,1.0,1,0.0,0.666666667,0,0,31.5,1,0.5
6,1,0,5,25,7,2,3,4,0.75,230,1.0,0,0.0,0.55,0,0,36.66666667,9,2.0
5,1,0,1,6,0,1,0,5,0.25,32,1.0,0,0.0,0.533333333,1,1,5.2,2,0.8
30,2,0,9,43,141,3,6,27,0.859195402,372,0.916666667,9,0.289473684,0.216748768,1,4,11.0,2,0.9333
5,1,0,0,15,8,0,0,1,0.833333333,479,0.0,0,0.0,0.3125,0,0,94.2,7,2.0
3,2,0,1,5,3,0,1,3,2.0,12,0.0,0,0.956521739,0.666666667,1,2,3.0,1,0.3333
10,2,1,6,34,1,3,4,8,0.46031746,288,1.0,1,0.5,0.5,1,3,27.1,1,0.8
6,1,0,9,14,3,7,2,6,0.728571429,132,0.0,2,0.0,0.5,1,1,18.66666667,1,0.6667
8,3,0,24,54,6,3,23,7,0.80952381,279,1.0,3,0.895522388,0.3,2,5,33.125,7,2.25
7,1,0,8,15,1,4,4,7,0.416666667,62,1.0,0,0.0,0.523809524,0,0,7.571428571,3,1.2857
13,1,0,40,32,0,27,14,13,0.333333333,293,1.0,1,0.0,0.211538462,0,0,21.38461538,4,1.7692
16,1,3,6,40,80,3,3,10,0.858333333,254,0.875,2,0.0,0.241071429,0,0,14.375,3,1.375
1,1,0,0,1,0,0,0,1,2.0,1,0.0,0,0.0,1.0,0,0,0.0,1,1.0
8,1,11,25,35,20,11,14,4,0.685714286,183,0.8,0,0.0,0.333333333,0,0,21.25,5,1.75
4,3,0,2,9,0,2,0,4,0.333333333,40,1.0,0,0.944444444,0.5,1,1,8.75,2,0.5
3,2,0,9,28,3,1,8,2,2.0,155,0.0,0,0.92,1.0,1,1,50.66666667,11,4.0
3,2,0,9,27,3,0,9,3,2.0,152,0.0,0,0.75,0.555555556,0,0,49.66666667,7,2.6667
8,2,0,3,21,0,1,3,8,0.428571429,105,0.5,1,0.588235294,0.34375,1,5,11.875,3,1.125
2,4,0,3,5,0,0,3,1,0.0,13,1.0,0,1.0,1.0,0,0,5.0,0,0.0
50,1,0,5,66,3,1,4,6,0.75170068,6259,0.166666667,1,0.0,0.5,0,0,123.7,163,8.68
2,3,0,4,6,1,1,4,1,2.0,14,0.0,0,0.984848485,0.75,1,1,6.0,1,0.5
3,3,0,2,6,1,0,2,3,0.5,29,1.0,0,0.948717949,0.666666667,0,0,8.333333333,1,0.6667
5,1,0,0,5,10,0,0,5,2.0,5,0.0,0,0.0,0.45,0,0,0.0,1,1.0
3,5,0,2,6,3,1,1,3,2.0,16,0.0,0,1.0,0.777777778,0,0,4.333333333,0,0.0
2,5,0,5,9,1,0,5,2,2.0,43,0.0,0,0.982142857,0.75,2,7,20.5,1,0.5
3,1,0,3,5,0,2,1,3,0.0,17,1.0,1,0.0,0.666666667,0,0,4.333333333,1,0.6667
90,1,0,5,123,575,1,4,10,0.804221995,12396,0.272727273,1,0.0,0.338951311,0,0,136.3666667,201,12.8222
3,3,0,6,7,1,1,5,3,1.5,43,0.0,0,0.953488372,0.833333333,1,6,13.0,1,0.6667
5,4,0,15,31,10,3,12,5,1.25,173,0.0,0,0.981900452,0.4,4,7,33.4,1,0.8
3,1,0,2,3,3,2,0,3,2.0,3,0.0,0,0.0,0.5,0,0,0.0,1,1.0
7,1,0,3,25,17,0,3,2,0.833333333,105,0.0,1,0.0,0.277777778,0,0,13.57142857,2,1.1429
6,2,0,14,16,15,3,11,2,1.0,113,0.0,1,0.772727273,0.466666667,0,0,17.66666667,2,1.0
23,4,0,5,41,253,0,5,23,0.954545455,183,1.0,1,0.810344828,0.246376812,1,1,6.913043478,3,1.2174
13,3,0,22,30,16,12,12,12,0.791666667,207,0.0,0,0.76,0.205128205,2,9,14.61538462,3,1.3846
4,1,0,1,25,6,0,1,2,2.0,145,0.0,0,0.0,0.875,0,0,35.25,2,1.0
5,1,0,2,7,4,2,0,0,0.5,39,1.0,0,0.0,0.7,0,0,6.2,1,0.6
1,3,0,4,2,0,2,2,1,2.0,6,0.0,0,1.0,1.0,0,0,5.0,0,0.0
8,2,2,3,15,8,2,2,7,0.285714286,48,0.0,0,0.5,0.5,1,1,4.875,1,0.75
9,1,0,4,17,24,0,4,5,0.375,125,1.0,2,0.0,0.444444444,0,0,12.66666667,2,1.0
36,1,10,113,60,622,104,20,34,0.99047619,367,0.0,16,0.0,0.2,0,0,8.694444444,5,1.1667
4,1,0,4,13,4,1,3,2,0.333333333,39,1.0,0,0.0,0.5,0,0,8.5,1,0.5
6,3,0,2,7,3,1,1,6,0.6,33,1.0,0,0.975124378,0.666666667,1,2,4.166666667,1,0.8333
1,1,0,18,1,0,17,1,1,2.0,1,0.0,0,0.0,1.0,0,0,0.0,1,1.0
23,2,0,9,39,181,2,7,20,0.877272727,388,0.7,1,0.34375,0.223602484,1,4,15.43478261,4,1.3478
50,3,2,55,123,919,25,30,47,0.78425656,918,1.0,1,0.384615385,0.064444444,2,5,17.22,6,1.88
3,1,0,3,11,3,1,2,2,2.0,41,0.0,0,0.0,0.666666667,0,0,12.66666667,2,1.0
12,1,0,20,24,66,7,13,11,2.0,74,0.0,0,0.0,0.333333333,0,0,5.166666667,1,0.9167
72,1,0,36,199,2540,20,19,66,1.005868545,2627,0.277777778,0,0.0,0.10024855,0,0,34.98611111,49,4.125
11,1,1,2,20,53,2,1,0,0.9,90,1.0,0,0.0,0.4,0,0,7.090909091,2,0.9091
11,1,0,8,32,29,1,7,7,0.638461538,595,0.153846154,2,0.0,0.25,0,0,51.90909091,14,2.0909
24,1,1,4,25,276,1,3,24,2.0,52,0.0,0,0.0,0.298611111,0,0,1.166666667,1,0.9583
2,1,0,1,3,1,0,1,2,2.0,7,0.0,0,0.0,0.75,0,0,2.5,1,0.5
14,3,0,17,32,69,5,16,14,0.653846154,142,1.0,2,0.710526316,0.2,0,0,9.0,2,0.8571
9,1,0,24,45,32,0,24,3,0.875,235,1.0,0,0.0,0.270833333,0,0,24.66666667,7,1.8889
25,2,0,18,45,252,8,14,20,0.675,273,1.0,3,0.233333333,0.24,1,1,9.72,5,1.12
8,3,0,6,55,24,0,6,3,0.80952381,643,0.5,0,0.840909091,0.303571429,0,0,78.625,3,1.25
3,4,0,3,19,3,0,3,1,2.0,83,0.0,0,0.956521739,0.666666667,1,1,26.66666667,4,2.0
8,1,0,1,14,28,1,0,8,2.0,271,0.0,0,0.0,0.45,0,0,32.875,7,2.875
18,1,0,32,19,107,32,0,18,0.382352941,170,1.0,0,0.0,0.433333333,0,0,8.333333333,2,1.2222
13,1,0,11,70,66,2,9,6,0.952898551,1997,0.043478261,7,0.0,0.266666667,0,0,150.8461538,14,3.2308
2,1,0,3,2,1,3,1,2,2.0,2,0.0,0,0.0,1.0,0,0,0.0,1,1.0
76,1,0,48,274,1888,4,44,45,0.880784314,2248,0.882352941,8,0.0,0.108571429,0,0,28.35526316,17,1.8421
14,1,0,22,63,47,2,20,9,0.756410256,519,1.0,1,0.0,0.358974359,0,0,35.64285714,17,3.2143
3,1,0,4,19,3,4,0,2,1.5,201,0.0,0,0.0,0.333333333,0,0,61.33333333,9,5.6667
4,0,2,10,20,6,2,8,1,1.333333333,85,1.0,0,0.0,0.5,0,0,20.0,5,2.0
1,3,0,4,2,0,4,0,1,2.0,5,0.0,0,1.0,1.0,0,0,4.0,0,0.0
3,2,0,4,8,0,1,3,0,0.75,151,0.5,0,0.777777778,0.444444444,1,2,48.0,18,7.3333
4,1,0,3,5,4,1,2,3,0.666666667,17,1.0,1,0.0,0.5,0,0,3.0,1,0.5
5,1,0,4,5,10,2,2,5,2.0,5,0.0,0,0.0,0.5,0,0,0.0,1,1.0
1,1,0,0,2,0,0,0,1,2.0,5,0.0,0,0.0,1.0,0,0,3.0,0,0.0
4,1,2,4,8,0,2,2,4,0.0,28,1.0,0,0.0,0.75,0,0,5.75,1,0.75
27,2,0,19,64,171,12,11,22,0.769230769,443,1.0,0,0.333333333,0.102564103,2,6,15.22222222,12,1.5926
21,1,0,19,66,112,12,8,19,0.8,502,1.0,1,0.0,0.180952381,0,0,22.38095238,12,2.0
6,3,0,9,11,3,2,9,3,0.666666667,43,1.0,2,0.826086957,0.28,0,0,5.666666667,1,0.6667
3,3,0,7,7,3,2,5,3,2.0,25,0.0,0,0.953488372,0.555555556,1,1,7.333333333,1,0.6667
4,1,1,10,26,4,3,7,2,0.833333333,193,1.0,0,0.0,0.416666667,0,0,46.75,6,2.0
3,2,0,4,7,3,0,4,3,2.0,18,0.0,0,0.714285714,0.5,0,0,5.0,1,0.6667
4,2,0,12,29,2,0,12,3,0.666666667,169,1.0,0,0.6,0.666666667,0,0,40.0,8,2.25
11,1,0,4,25,0,1,3,6,0.52,241,1.0,1,0.0,0.242857143,0,0,20.45454545,3,1.4545
4,1,0,2,5,0,1,1,3,0.0,59,1.0,0,0.0,0.666666667,0,0,13.25,3,1.75
8,3,0,23,59,2,2,22,6,0.619047619,392,1.0,2,0.888888889,0.270833333,1,6,47.625,10,3.5
9,1,0,7,28,16,2,5,7,0.375,110,1.0,1,0.0,0.377777778,0,0,11.11111111,1,0.7778
7,1,0,6,30,17,0,6,2,0.75,144,0.0,1,0.0,0.277777778,0,0,19.28571429,2,0.8571
4,1,0,7,27,4,0,7,2,0.666666667,134,0.0,0,0.0,0.333333333,0,0,32.25,3,1.5
3,4,0,2,7,3,0,2,3,2.0,19,0.0,0,0.979166667,0.666666667,0,0,5.333333333,1,0.6667
27,1,1,12,88,341,7,5,24,0.888888889,1134,0.888888889,6,0.0,0.192307692,0,0,40.66666667,40,4.8889
11,2,0,15,46,25,9,6,11,0.957142857,366,0.142857143,0,0.655172414,0.222222222,1,6,31.63636364,3,1.8182
27,4,6,137,49,311,122,15,27,0.978632479,432,1.0,1,0.788617886,0.159259259,1,2,14.0,4,1.2963
38,3,0,27,128,607,1,27,6,0.9,1849,0.0,2,0.357142857,0.194594595,0,0,47.39473684,15,3.7632
9,2,0,4,13,36,2,2,9,1.125,60,0.333333333,0,0.3,0.333333333,0,0,5.333333333,1,0.7778
22,1,4,23,36,175,20,6,22,0.993197279,239,0.142857143,0,0.0,0.392045455,0,0,9.545454545,4,1.3182
4,1,3,3,11,0,3,0,4,0.333333333,31,1.0,0,0.0,0.625,0,0,6.5,1,0.75
5,1,0,8,24,2,0,8,4,0.666666667,117,0.0,1,0.0,0.36,0,0,21.8,7,2.2
8,2,0,6,15,6,0,6,8,0.742857143,122,1.0,1,0.5625,0.4375,0,0,13.625,2,1.125
3,4,0,2,7,3,1,2,3,2.0,19,0.0,0,0.979166667,0.666666667,0,0,5.333333333,1,0.6667
20,2,0,5,35,114,1,4,18,0.877192982,360,0.555555556,0,0.392857143,0.45,1,6,16.55,2,0.9
6,2,0,6,14,15,2,5,5,2.0,57,0.0,0,0.705882353,0.333333333,2,3,8.5,3,1.1667
64,5,3,15,111,1836,3,12,38,0.945578231,888,1.0,1,0.58,0.12109375,2,3,12.546875,6,1.4844
2,3,0,5,28,1,3,3,1,2.0,156,0.0,0,0.962962963,0.666666667,2,5,77.0,5,2.5
7,1,0,3,35,11,1,2,0,0.611111111,395,0.666666667,0,0.0,0.333333333,0,0,55.0,2,0.8571
4,2,0,10,21,2,2,8,3,0.555555556,176,0.333333333,0,0.857142857,0.5,1,1,42.25,1,0.75
17,1,0,5,46,130,4,2,15,0.699596774,819,0.0,3,0.0,0.522875817,0,0,45.35294118,21,2.1765
5,1,0,3,6,6,3,0,5,0.75,24,1.0,0,0.0,0.7,0,0,3.4,1,0.8
8,3,0,3,30,26,0,3,4,0.857142857,208,1.0,0,0.806451613,0.464285714,3,4,24.875,8,1.625
3,4,0,5,5,1,1,4,3,1.0,25,1.0,0,0.975903614,0.466666667,0,0,6.666666667,1,0.6667
9,2,0,8,38,0,1,7,9,0.083333333,695,1.0,0,0.222222222,0.314814815,2,2,75.55555556,14,3.2222
11,1,0,5,21,9,2,3,11,0.25,92,1.0,0,0.0,0.454545455,0,0,7.181818182,1,0.6364
13,1,0,4,49,64,2,2,0,0.916666667,699,0.833333333,0,0.0,0.3125,0,0,52.30769231,16,2.4615
5,1,0,7,23,0,5,2,5,0.583333333,105,1.0,1,0.0,0.533333333,0,0,19.4,3,1.2
8,2,0,8,54,4,0,8,5,0.571428571,413,1.0,0,0.611111111,0.375,1,1,50.25,9,2.875
3,1,0,6,8,3,2,4,2,2.0,31,0.0,0,0.0,0.333333333,0,0,9.333333333,1,0.6667
25,3,0,32,38,0,5,27,25,0.0,189,1.0,0,0.555555556,0.08,1,1,6.52,1,0.96
4,1,0,5,9,0,4,1,4,0.333333333,34,1.0,1,0.0,0.5,0,0,7.0,1,0.75
9,2,0,9,55,2,0,9,6,0.583333333,476,1.0,0,0.6,0.377777778,2,2,51.55555556,9,3.1111
4,3,0,3,7,6,1,2,4,1.333333333,18,0.0,0,0.96,0.5,1,3,3.25,1,0.25
4,1,0,6,4,6,6,1,4,2.0,4,0.0,0,0.0,0.625,0,0,0.0,1,1.0
1,4,2,3,2,0,3,0,1,2.0,7,1.0,0,1.0,1.0,0,0,5.0,0,0.0
13,4,0,3,16,78,0,3,13,2.0,72,0.0,0,0.872340426,0.538461538,1,4,4.538461538,1,0.9231
45,1,0,41,77,898,36,5,28,0.795454545,1472,0.25,2,0.0,0.083333333,0,0,31.62222222,12,2.0222
13,4,0,3,16,78,0,3,13,2.0,72,0.0,0,0.872340426,0.538461538,1,7,4.538461538,1,0.9231
6,1,0,3,10,0,0,3,6,0.4,52,1.0,1,0.0,0.375,0,0,7.333333333,2,1.0
12,3,0,41,72,40,5,41,5,0.909090909,330,0.714285714,0,0.677419355,0.290909091,1,1,25.91666667,5,1.4167
6,2,0,5,16,13,3,4,6,2.0,58,0.0,0,0.863636364,0.388888889,2,3,8.666666667,1,0.5
2,2,0,9,11,0,1,8,2,0.0,53,1.0,1,0.923076923,0.625,0,0,25.0,4,2.0
3,5,0,6,10,3,1,5,1,2.0,30,0.0,0,0.990697674,0.583333333,1,2,9.0,1,0.6667
23,6,0,8,74,217,4,7,6,0.842975207,521,0.909090909,3,0.96875,0.166007905,3,4,21.17391304,8,1.9565
12,1,0,2,25,0,1,1,0,0.436363636,218,1.0,0,0.0,0.395833333,0,0,16.75,3,1.3333
42,2,7,146,68,819,133,15,40,0.953929539,465,0.111111111,0,0.428571429,0.120879121,2,8,9.857142857,4,1.1667
11,1,0,2,17,0,2,0,8,0.25,383,1.0,0,0.0,0.436363636,0,0,33.45454545,4,1.8182
14,1,0,14,53,39,1,13,7,0.807692308,1255,1.0,5,0.0,0.351648352,0,0,87.35714286,18,4.2143
3,1,0,2,15,3,1,1,0,2.0,63,0.0,0,0.0,0.5,0,0,20.0,1,0.6667
16,2,0,9,39,62,4,5,14,0.853333333,285,0.4,0,0.44,0.223214286,1,4,16.5,3,1.3125
8,2,0,18,38,28,1,17,1,2.0,269,0.0,0,0.72,0.363636364,1,1,32.625,1,0.875
5,2,0,7,8,4,5,2,5,2.0,161,0.0,0,0.727272727,0.466666667,1,4,31.2,5,2.2
6,1,0,4,22,0,1,3,0,0.333333333,163,1.0,0,0.0,0.5,0,0,25.66666667,5,2.3333
7,3,0,7,26,0,1,6,5,0.666666667,84,1.0,2,0.777777778,0.285714286,1,1,10.57142857,1,0.8571
4,1,0,6,4,6,3,4,4,2.0,4,0.0,0,0.0,0.625,0,0,0.0,1,1.0
2,1,0,3,3,0,1,2,2,0.0,12,1.0,1,0.0,0.75,0,0,4.5,1,0.5
10,2,0,4,14,45,2,2,10,1.111111111,52,0.5,0,0.272727273,0.32,0,0,4.0,1,0.8
4,1,0,4,16,0,1,3,3,0.5,242,1.0,0,0.0,0.4375,0,0,58.5,6,3.0
3,3,0,10,12,3,1,9,3,2.0,50,0.0,0,0.95,0.5,1,6,15.66666667,1,0.6667
5,1,0,10,5,10,10,0,5,2.0,5,0.0,0,0.0,0.533333333,0,0,0.0,1,1.0
60,5,0,54,131,1584,46,24,44,0.952683616,1057,0.916666667,11,0.828402367,0.076811594,3,6,16.21666667,10,1.5
14,4,0,136,26,0,135,1,14,0.384615385,153,1.0,1,0.65,0.333333333,1,2,9.785714286,2,0.6429
13,1,0,14,51,16,1,13,6,0.675925926,615,1.0,3,0.0,0.369230769,0,0,45.61538462,12,3.0769
4,3,0,1,15,6,0,1,3,1.333333333,1166,0.0,0,0.926829268,0.333333333,0,0,271.25,2,1.0
2,5,0,3,3,1,3,0,2,2.0,12,0.0,0,1.0,0.833333333,0,0,5.0,0,0.0
3,1,0,3,6,3,0,3,3,2.0,13,0.0,0,0.0,0.333333333,0,0,3.333333333,1,1.0
4,2,0,4,11,0,2,2,3,0.333333333,45,1.0,0,0.857142857,0.625,1,1,10.0,1,0.75
2,2,0,8,17,1,1,7,2,2.0,97,1.0,0,0.958333333,1.0,0,0,47.0,1,0.5
33,1,6,22,135,316,7,15,10,0.940625,1367,0.6,5,0.0,0.17630854,0,0,39.81818182,10,2.0909
25,2,0,4,67,0,1,3,22,0.208333333,991,0.0,0,0.314285714,0.212,1,3,38.6,26,3.8
2,2,0,8,14,1,0,8,2,2.0,46,0.0,0,0.875,0.75,0,0,22.0,1,0.5
3,4,0,2,7,3,1,2,3,2.0,19,0.0,0,0.979166667,0.666666667,0,0,5.333333333,1,0.6667
12,1,0,19,57,30,1,18,7,0.772727273,479,1.0,1,0.0,0.418181818,0,0,38.41666667,17,3.25
10,1,0,11,10,45,10,1,10,1.111111111,15,0.0,0,0.0,0.466666667,0,0,0.0,1,1.0
5,1,0,7,21,2,1,6,5,0.75,103,1.0,2,0.0,0.36,0,0,18.8,1,0.8
20,1,0,4,40,130,0,4,18,0.736842105,345,1.0,1,0.0,0.284210526,0,0,15.9,3,1.15
14,1,0,60,36,61,51,9,13,0.934911243,257,0.769230769,3,0.0,0.238461538,0,0,16.42857143,1,0.8571
6,2,0,9,15,11,3,8,5,0.8,73,1.0,0,0.909090909,0.4,0,0,10.83333333,4,1.0
5,2,0,7,14,2,3,7,3,0.625,112,1.0,3,0.692307692,0.533333333,0,0,20.6,1,0.8
4,2,0,5,7,4,4,1,2,0.888888889,45,0.333333333,3,0.857142857,0.444444444,1,1,9.5,1,0.5
3,2,0,4,7,3,1,3,1,2.0,77,0.0,0,0.666666667,1.0,1,1,24.66666667,1,0.6667
1,1,0,5,1,0,4,1,1,2.0,1,0.0,0,0.0,1.0,0,0,0.0,1,1.0
4,2,0,13,9,6,8,5,4,2.0,25,0.0,0,0.896551724,0.5,1,1,5.25,1,0.75
29,1,0,28,120,396,25,6,25,0.928571429,1348,0.8,0,0.0,0.278571429,0,0,45.31034483,29,2.6207
4,2,0,4,13,4,1,4,1,0.666666667,51,1.0,1,0.818181818,0.444444444,1,1,11.5,3,1.0
12,3,0,8,30,64,1,7,11,1.0,93,1.0,0,0.920454545,0.606060606,1,2,6.583333333,1,0.5833
17,2,0,11,48,38,4,8,17,0.822916667,421,0.666666667,1,0.542857143,0.274509804,1,5,23.41176471,3,1.1765
9,1,0,1,18,36,1,0,9,2.0,81,0.0,0,0.0,0.111111111,0,0,8.0,2,1.1111
96,2,0,9,117,3214,5,4,93,0.981194559,1478,0.483146067,34,0.106796117,0.313684211,1,6,13.46875,3,0.9896
18,1,0,20,18,153,19,1,18,1.058823529,59,0.0,0,0.0,0.296296296,0,0,0.0,1,1.0
5,1,0,4,11,0,2,2,5,0.0,43,1.0,1,0.0,0.6,0,0,7.4,1,0.8
7,2,0,11,21,17,6,5,6,0.666666667,90,1.0,1,0.375,0.375,0,0,11.57142857,2,1.0
33,2,0,15,130,434,2,14,23,0.940848214,1220,0.928571429,2,0.507936508,0.328125,1,5,35.12121212,26,2.5152
2,8,0,14,28,1,3,14,2,2.0,133,0.0,0,0.998835856,0.75,2,3,65.5,8,4.0
9,4,0,5,16,18,1,4,9,0.7,96,1.0,0,0.708333333,0.333333333,0,0,9.111111111,3,1.0
4,1,0,2,4,6,1,1,4,2.0,4,0.0,0,0.0,0.75,0,0,0.0,1,1.0
2,5,0,5,4,1,0,5,2,2.0,10,0.0,0,0.982142857,0.75,2,7,4.0,1,0.5
7,6,0,8,31,13,0,8,4,0.75,151,1.0,0,0.9625,0.4,4,9,20.28571429,2,1.0
3,1,0,5,6,1,2,3,3,0.0,31,1.0,1,0.0,0.5,0,0,9.0,1,0.6667
2,1,0,5,14,1,1,4,2,2.0,55,0.0,0,0.0,0.5,0,0,26.5,1,0.5
2,1,0,3,5,0,1,2,2,0.0,88,0.0,0,0.0,0.75,0,0,42.0,1,0.5
7,3,0,7,22,9,2,6,6,0.777777778,122,0.333333333,1,0.705882353,0.333333333,2,3,16.0,6,1.7143
5,3,0,1,16,8,0,1,3,1.246296296,2125,0.0,0,0.926829268,0.333333333,0,0,397.0,2,0.8
5,2,2,9,10,6,7,2,4,0.9,185,0.4,6,0.8,0.5,1,1,34.0,5,1.2
31,3,7,16,71,227,14,5,14,0.6,975,0.75,3,0.632911392,0.17921147,2,21,30.32258065,17,2.5806
3,4,0,11,15,3,0,11,3,2.0,59,0.0,0,0.979591837,0.444444444,3,13,18.66666667,3,1.3333
3,1,0,9,3,3,7,2,3,2.0,3,0.0,0,0.0,1.0,0,0,0.0,1,1.0
12,2,0,5,22,46,2,3,10,0.818181818,128,0.0,0,0.55,0.4,1,6,9.5,2,1.0
2,3,0,3,8,1,1,3,2,2.0,33,0.0,0,0.96969697,1.0,0,0,15.5,1,0.5
3,1,0,1,9,0,1,0,3,0.0,86,0.0,0,0.0,0.5,0,0,26.66666667,1,0.6667
37,3,1,9,68,212,1,8,34,0.625,711,1.0,2,0.682692308,0.171171171,2,9,18.10810811,12,2.2973
9,1,0,6,20,36,0,6,8,2.0,49,0.0,0,0.0,0.142857143,0,0,4.444444444,1,0.8889
4,3,0,6,15,0,4,2,4,0.333333333,82,0.0,0,0.925,0.625,1,1,19.25,1,0.75
2,1,0,10,2,1,8,2,2,2.0,2,0.0,0,0.0,0.75,0,0,0.0,1,1.0
1,1,0,0,2,0,0,0,1,2.0,4,0.0,0,0.0,1.0,0,0,3.0,0,0.0
4,1,0,2,7,0,1,1,3,0.0,59,1.0,0,0.0,0.666666667,0,0,13.25,3,1.75
4,1,0,5,18,4,3,2,2,0.833333333,109,0.5,0,0.0,0.416666667,0,0,24.75,1,0.5
4,3,0,2,7,4,2,0,4,2.0,34,0.0,0,0.882352941,0.625,1,3,7.5,2,0.75
2,1,0,0,2,1,0,0,2,2.0,2,0.0,0,0.0,0.75,0,0,0.0,1,1.0
9,1,0,20,43,0,12,11,3,0.798076923,466,0.0,1,0.0,0.365079365,0,0,49.33333333,4,0.6667
4,3,0,8,11,6,4,5,3,2.0,46,0.0,0,0.945945946,0.458333333,2,3,10.5,5,1.5
2,2,0,1,6,1,0,1,1,2.0,20,0.0,0,0.875,0.75,1,1,9.0,1,0.5
5,3,0,1,16,8,0,1,3,1.246296296,2125,0.0,0,0.926829268,0.333333333,0,0,397.0,2,0.8
17,2,0,8,41,66,4,4,15,0.85,319,0.4,0,0.44,0.31372549,1,6,17.47058824,3,1.2353
3,1,0,6,3,3,6,0,3,2.0,3,0.0,0,0.0,0.666666667,0,0,0.0,1,1.0
15,7,0,8,62,81,4,8,5,0.841269841,368,0.888888889,1,0.980568012,0.253333333,0,0,22.93333333,3,1.0
5,4,3,5,9,8,4,1,1,0.75,44,1.0,0,0.85,0.4,3,3,7.6,4,1.4
13,3,0,6,24,28,3,4,13,0.555555556,123,1.0,0,0.931677019,0.292307692,1,2,8.230769231,1,0.8462
1,1,0,5,1,0,3,2,1,2.0,1,0.0,0,0.0,1.0,0,0,0.0,1,1.0
21,3,0,61,108,68,4,60,20,0.765,1079,1.0,4,0.78021978,0.210884354,2,8,49.9047619,12,3.1429
2,3,0,3,5,0,1,2,1,0.0,15,1.0,0,1.0,1.0,0,0,6.0,0,0.0
13,1,0,38,32,0,25,14,13,0.333333333,301,1.0,1,0.0,0.211538462,0,0,22.0,4,1.8462
12,1,1,13,33,12,2,12,8,0.690909091,377,0.866666667,4,0.0,0.21875,0,0,29.16666667,1,0.9167
0,1,0,1,0,0,1,0,0,2.0,0,0.0,0,0.0,0.0,0,0,0.0,0,0.0
3,4,2,30,8,3,26,4,2,2.0,27,0.0,0,0.988636364,0.666666667,3,4,8.0,2,0.6667
9,2,0,9,23,36,9,9,0,2.0,82,0.0,0,0.529411765,0.444444444,0,0,8.111111111,1,0.8889
3,7,0,15,26,0,0,15,2,0.3,172,0.6,3,0.985185185,0.444444444,3,4,54.66666667,6,3.0
4,1,0,4,10,0,1,3,4,0.0,35,1.0,0,0.0,0.583333333,0,0,7.5,1,0.75
3,1,0,1,4,0,1,0,3,0.642857143,55,0.0,0,0.0,0.666666667,0,0,15.0,0,0.0
10,2,13,22,24,19,18,4,5,0.666666667,146,1.0,1,0.5,0.266666667,0,0,13.3,3,1.2
10,1,0,7,52,17,1,7,4,0.654320988,402,1.0,1,0.0,0.2875,0,0,38.3,7,2.0
29,6,2,26,94,240,23,6,15,0.790816327,621,1.0,1,0.969400245,0.221674877,3,7,20.17241379,15,2.4483
20,1,1,7,31,110,2,5,19,0.881578947,160,1.0,2,0.0,0.18125,0,0,6.6,2,1.05
5,1,0,7,17,0,0,7,5,0.5,75,1.0,0,0.0,0.8,0,0,13.4,3,1.2
2,3,0,7,14,1,0,7,1,2.0,42,0.0,0,0.958333333,0.666666667,1,2,20.0,1,0.5
15,1,0,185,15,105,184,2,15,2.0,15,0.0,0,0.0,0.228571429,0,0,0.0,1,1.0
19,1,0,11,27,143,4,9,19,0.923611111,135,1.0,3,0.0,0.169590643,0,0,5.684210526,3,1.0526
17,3,1,37,45,112,10,27,11,0.770833333,230,1.0,1,0.835294118,0.229166667,2,3,12.35294118,5,1.1765
3,1,0,5,7,0,4,1,3,0.357142857,106,0.142857143,1,0.0,0.666666667,0,0,32.0,2,1.0
1,2,0,18,2,0,16,2,1,2.0,5,0.0,0,1.0,1.0,0,0,4.0,0,0.0
5,2,0,7,13,0,2,5,4,0.0,63,1.0,1,0.692307692,0.45,1,1,11.4,1,0.8
8,2,0,17,42,0,5,14,8,0.523809524,219,1.0,1,0.823529412,0.28125,1,1,26.0,1,0.75
10,1,0,18,87,0,1,18,0,0.700854701,990,1.0,5,0.0,0.254545455,0,0,96.7,10,2.4
3,4,0,3,8,3,0,3,3,1.5,33,1.0,0,0.964285714,0.666666667,2,3,9.0,2,1.0
4,1,0,2,6,0,1,1,4,0.333333333,35,1.0,2,0.0,0.5,0,0,7.25,3,1.25
11,3,0,17,41,15,3,15,10,0.7,228,1.0,1,0.951456311,0.233766234,2,5,19.45454545,4,1.2727
22,1,0,27,42,0,20,9,21,0.682539683,476,0.333333333,2,0.0,0.365079365,0,0,20.36363636,3,1.0
15,1,0,23,75,49,10,13,10,0.285714286,940,1.0,0,0.0,0.154761905,0,0,61.6,12,3.4667
5,1,0,12,5,10,9,4,5,2.0,5,0.0,0,0.0,0.366666667,0,0,0.0,1,1.0
6,2,0,12,12,1,1,11,6,0.64,173,1.0,6,0.921568627,0.35,0,0,26.16666667,6,1.5
22,6,0,10,75,195,4,9,8,0.823809524,532,1.0,3,0.970193741,0.161157025,3,8,22.72727273,7,1.9091
64,2,0,38,159,878,20,22,58,0.820512821,1706,0.692307692,5,0.088235294,0.126116071,1,1,25.453125,6,1.3906
3,1,0,4,5,3,0,4,3,2.0,18,0.0,0,0.0,0.833333333,0,0,5.0,1,0.6667
5,4,0,8,20,0,2,6,0,0.625,389,1.0,2,0.833333333,0.325,1,1,76.0,5,2.0
7,1,0,2,13,0,1,1,7,0.333333333,246,0.0,1,0.0,0.523809524,0,0,33.42857143,7,2.7143
39,7,0,33,190,535,9,30,7,0.819078947,2164,0.90625,5,0.946608947,0.14619883,3,4,53.66666667,17,2.5641
4,1,0,3,4,6,1,2,4,2.0,4,0.0,0,0.0,0.583333333,0,0,0.0,1,1.0
5,4,0,17,19,10,0,17,5,2.0,85,0.0,0,0.96,0.333333333,3,12,16.0,2,1.2
66,1,0,94,66,2145,91,3,66,1.015384615,82,0.0,0,0.0,0.277056277,0,0,0.0,1,1.0
3,3,0,6,21,0,1,6,3,0.0,146,1.0,0,0.948717949,0.666666667,0,0,47.33333333,1,0.6667
2,5,0,3,7,0,2,1,2,0.0,25,1.0,0,0.944444444,0.666666667,0,0,11.0,1,0.5
4,4,0,3,10,0,1,2,4,0.5,41,0.0,0,0.875,0.5,2,2,8.75,1,0.75
1,1,0,6,1,0,4,2,1,2.0,1,0.0,0,0.0,1.0,0,0,0.0,1,1.0
6,3,1,3,21,3,2,2,4,0.9,192,0.5,0,0.947368421,0.611111111,3,3,30.33333333,3,1.3333
4,5,0,6,17,0,4,5,2,0.5,61,1.0,1,0.995856354,0.416666667,0,0,13.75,2,1.0
4,1,0,6,4,6,5,2,4,1.333333333,5,0.0,0,0.0,0.5625,0,0,0.0,1,1.0
21,6,1,10,42,126,2,8,15,0.7875,274,1.0,0,0.871428571,0.178571429,5,19,11.66666667,4,1.381
34,1,0,12,124,211,0,12,28,0.656565657,1600,1.0,3,0.0,0.196078431,0,0,45.79411765,7,1.6176
1,1,0,3,1,0,2,1,1,2.0,1,0.0,0,0.0,1.0,0,0,0.0,1,1.0
12,1,0,3,22,44,1,2,5,0.805194805,156,1.0,1,0.0,0.261904762,0,0,11.41666667,4,1.25
9,4,0,12,44,0,1,12,4,0.208333333,300,1.0,1,0.766666667,0.270833333,1,1,32.0,1,0.7778
18,2,0,14,80,153,6,10,18,1.058823529,591,0.0,0,0.696428571,0.409722222,2,3,31.77777778,8,2.7778
4,1,0,0,8,6,0,0,3,2.0,19,0.0,0,0.0,0.5,0,0,3.75,1,0.75
30,1,1,9,33,0,9,0,30,0.422413793,933,1.0,0,0.0,0.4,0,0,29.96666667,5,2.1667
11,1,1,0,21,55,0,0,10,2.0,99,0.0,0,0.0,0.246753247,0,0,8.0,1,0.9091
3,2,0,1,5,3,0,1,3,2.0,12,0.0,0,0.923076923,0.666666667,1,2,3.0,1,0.3333
2,1,0,2,2,1,1,1,2,2.0,2,0.0,0,0.0,0.666666667,0,0,0.0,1,1.0
12,2,0,6,22,46,3,3,10,0.818181818,128,0.5,0,0.55,0.4,1,6,9.5,2,1.0
18,3,0,4,35,111,0,4,16,0.81372549,200,1.0,0,0.75,0.311111111,1,2,9.777777778,5,1.2778
5,3,0,7,18,8,1,6,2,0.75,80,1.0,1,0.8125,0.5,2,5,14.8,3,1.2
13,1,0,19,77,0,4,15,12,0.25,1090,1.0,1,0.0,0.253846154,0,0,82.76923077,14,2.8462
6,3,0,7,28,9,2,6,6,0.85,261,0.25,0,0.880952381,0.375,1,1,41.83333333,4,1.3333
5,3,0,21,33,0,2,20,4,0.416666667,237,1.0,1,0.933333333,0.333333333,2,6,45.8,4,2.0
2,1,0,4,2,1,4,0,2,2.0,2,0.0,0,0.0,0.666666667,0,0,0.0,1,1.0
3,1,0,1,41,3,0,1,2,2.0,221,0.0,0,0.0,0.333333333,0,0,72.66666667,1,0.6667
1,4,1,5,2,0,2,4,1,2.0,11,0.5,1,1.0,1.0,0,0,8.0,0,0.0
14,1,0,12,22,61,11,1,13,0.692307692,175,0.0,3,0.0,0.320512821,0,0,11.28571429,3,0.7143
2,2,0,8,5,1,2,6,1,1.0,19,0.0,0,0.947368421,0.666666667,0,0,8.0,1,0.5
2,1,0,4,2,1,2,2,2,2.0,2,0.0,0,0.0,0.625,0,0,0.0,1,1.0
0,1,0,1,0,0,1,0,0,2.0,25,0.0,0,0.0,0.0,0,0,0.0,0,0.0
3,1,0,6,8,3,2,4,2,2.0,23,0.0,0,0.0,0.5,0,0,6.666666667,1,0.6667
5,3,0,18,47,2,2,18,3,0.5,172,1.0,1,0.846153846,0.466666667,1,1,33.0,1,0.8
56,1,1,47,140,1358,37,18,39,0.94025974,1757,0.380952381,4,0.0,0.110160428,0,0,30.0,7,1.6964
1,1,0,2,1,0,1,1,1,2.0,1,0.0,0,0.0,1.0,0,0,0.0,1,1.0
4,1,0,1,25,6,0,1,2,2.0,145,0.0,0,0.0,0.875,0,0,35.25,2,1.0
1,1,0,0,1,0,0,0,1,2.0,1,0.0,0,0.0,1.0,0,0,0.0,1,1.0
29,1,0,39,116,90,1,38,22,0.915584416,1109,0.818181818,5,0.0,0.149350649,0,0,36.86206897,14,2.069
7,2,0,3,10,21,3,1,7,2.0,54,0.0,0,0.714285714,0.5,1,2,6.714285714,1,0.8571
7,1,0,9,17,13,1,8,3,0.666666667,69,1.0,1,0.0,0.25,0,0,8.571428571,2,0.8571
6,1,0,8,32,0,0,8,4,0.4,160,1.0,1,0.0,0.416666667,0,0,25.33333333,2,1.3333
1,1,0,1,1,0,0,1,1,2.0,1,0.0,0,0.0,1.0,0,0,0.0,1,1.0
3,4,0,1,4,1,0,1,2,1.3,875,0.0,0,0.976190476,1.0,0,0,289.0,1,0.3333
6,2,0,8,20,15,0,8,5,1.0,88,0.0,0,0.6875,0.416666667,1,1,13.5,2,1.0
11,2,0,5,21,49,2,3,9,0.933333333,107,0.333333333,0,0.578947368,0.522727273,1,6,8.454545455,2,0.8182
26,3,0,33,80,201,26,8,20,0.573333333,719,0.666666667,2,0.566037736,0.152727273,2,11,26.53846154,14,2.2692
4,1,0,2,4,6,1,1,4,2.0,4,0.0,0,0.0,0.75,0,0,0.0,1,1.0
15,3,0,3,37,41,1,2,14,0.696428571,437,0.75,1,0.454545455,0.311111111,1,2,27.33333333,1,0.8
33,1,0,64,33,528,56,14,33,2.0,33,0.0,0,0.0,0.222222222,0,0,0.0,1,1.0
3,2,1,5,17,1,2,3,2,0.5,122,1.0,1,0.6,0.555555556,1,2,39.0,3,1.3333
4,1,0,14,23,6,12,2,4,2.0,295,0.0,0,0.0,0.5,0,0,72.75,6,2.0
20,2,0,41,46,184,19,29,19,2.0,448,0.0,0,0.634615385,0.230769231,2,4,21.4,8,1.75
2,3,0,4,4,1,1,3,2,2.0,14,0.0,0,0.976190476,0.75,1,1,5.5,1,0.5
2,5,0,5,6,1,0,5,2,2.0,14,0.0,0,0.982142857,0.75,2,7,6.0,1,0.5
4,3,0,6,15,6,1,5,4,1.333333333,40,0.0,0,0.959459459,0.5,2,12,8.75,1,0.75
16,1,0,13,74,50,0,13,12,0.937037037,635,1.0,1,0.0,0.288888889,0,0,37.5625,9,2.6875
10,1,0,2,16,0,2,0,8,0.222222222,388,1.0,0,0.0,0.44,0,0,37.4,6,2.3
46,4,0,39,135,17,2,37,40,0.883760684,1100,1.0,3,0.639344262,0.074666667,3,5,22.63043478,16,1.6739
6,5,0,9,29,5,5,6,3,0.666666667,141,1.0,2,0.992401216,0.5,1,7,22.0,1,0.8333
11,1,0,22,29,23,19,3,8,0.72,244,1.0,1,0.0,0.16,0,0,20.72727273,5,1.7273
6,5,0,27,27,15,1,26,4,1.2,230,0.0,0,0.97706422,0.533333333,2,4,37.16666667,7,1.8333
31,5,2,24,152,349,2,22,13,0.857407407,1413,1.0,8,0.811688312,0.115789474,4,16,44.0,7,1.4839
7,1,0,4,29,17,0,4,2,0.666666667,154,0.0,1,0.0,0.333333333,0,0,20.71428571,2,1.0
2,2,0,7,9,1,0,7,2,2.0,39,0.0,0,1.0,0.75,0,0,18.5,0,0.0
12,1,0,10,35,6,4,6,11,0.409090909,313,1.0,1,0.0,0.305555556,0,0,24.91666667,8,2.5
5,1,0,2,6,0,2,0,4,0.416666667,103,1.0,0,0.0,0.466666667,0,0,19.0,3,1.4
3,5,0,1,9,0,0,1,3,0.5,33,1.0,0,0.894736842,0.555555556,0,0,9.333333333,1,0.6667
11,4,1,16,45,39,9,10,9,0.8,333,1.0,0,0.964285714,0.309090909,1,2,28.90909091,4,1.5455
3,1,0,4,7,0,1,3,3,0.0,31,1.0,0,0.0,0.583333333,0,0,9.0,1,0.6667
7,1,0,10,44,19,4,7,4,0.916666667,348,0.5,0,0.0,0.354166667,0,0,48.42857143,1,0.7143
4,2,0,8,12,6,4,6,4,2.0,67,0.0,0,0.9375,0.416666667,1,1,15.75,1,0.5
9,2,0,3,36,8,0,3,7,0.822916667,311,0.0,1,0.897058824,0.21875,0,0,32.22222222,7,2.0
3,1,0,9,19,3,0,9,2,1.0,54,1.0,0,0.0,0.333333333,0,0,16.66666667,3,1.3333
2,1,0,8,2,1,6,2,2,2.0,2,0.0,0,0.0,0.666666667,0,0,0.0,1,1.0
5,2,0,5,22,0,1,4,0,0.125,206,1.0,0,0.7,0.35,1,3,39.8,11,4.0
22,2,0,19,95,223,6,15,8,1.013605442,1176,0.0,0,0.375,0.216450216,1,1,51.18181818,11,3.2273
5,1,0,3,17,6,3,0,4,0.95,136,0.8,0,0.0,0.375,0,0,25.2,2,1.0
7,1,0,11,31,21,7,4,6,0.833333333,300,0.0,1,0.0,0.457142857,0,0,41.71428571,17,3.2857
1,1,0,2,1,0,1,1,1,2.0,1,0.0,0,0.0,1.0,0,0,0.0,1,1.0
3,2,0,1,5,3,0,1,3,2.0,12,0.0,0,0.956521739,0.666666667,1,2,3.0,1,0.3333
12,1,0,10,18,0,10,0,11,0.054545455,517,0.0,0,0.0,0.416666667,1,1,41.66666667,7,3.75
2,3,0,8,4,1,8,0,2,2.0,9,0.0,0,1.0,0.75,0,0,3.5,0,0.0
8,7,0,12,41,22,2,11,7,0.542857143,212,1.0,3,0.994206257,0.46875,1,1,24.875,8,1.5
7,2,0,3,19,0,0,3,7,0.0,64,1.0,1,0.684210526,0.428571429,1,5,8.0,1,0.8571
52,1,1,30,129,888,1,29,32,0.873873874,2830,0.648648649,11,0.0,0.132730015,0,0,52.71153846,23,2.6731
7,1,0,6,20,9,2,4,7,0.833333333,173,1.0,5,0.0,0.571428571,0,0,22.85714286,2,1.0
11,4,0,3,14,55,0,3,11,2.0,61,0.0,0,0.891304348,0.545454545,1,6,4.545454545,1,0.9091
10,1,0,15,62,15,2,13,6,0.644444444,785,1.0,0,0.0,0.172839506,0,0,77.0,8,2.0
17,4,0,15,78,84,0,15,15,0.8515625,408,1.0,0,0.753846154,0.254901961,1,1,22.52941176,6,1.2353
3,1,0,11,40,1,1,0,3,0.0,212,1.0,0,0.0,0.416666667,0,0,69.33333333,4,1.6667
3,1,0,2,21,3,0,2,2,2.0,112,0.0,0,0.0,0.333333333,0,0,36.33333333,4,2.3333
6,6,0,7,37,3,3,5,3,0.533333333,214,1.0,1,0.994993742,0.32,2,11,33.66666667,8,2.5
166,1,0,44,392,6747,16,34,88,0.886537506,8474,0.737704918,12,0.0,0.07003367,0,0,49.68072289,7,1.3795
55,2,1,12,69,0,9,4,54,0.240740741,1531,1.0,0,0.018867925,0.287878788,1,1,26.8,8,1.9455
14,1,20,22,21,53,20,2,12,0.794871795,166,1.0,0,0.0,0.404761905,0,0,10.42857143,5,1.4286
7,1,0,8,20,11,0,8,6,0.5,91,0.333333333,0,0.0,0.5,0,0,11.57142857,2,1.1429
7,1,1,26,49,5,6,20,7,0.733333333,321,1.0,4,0.0,0.392857143,0,0,44.14285714,1,0.8571
2,1,0,4,4,1,1,3,1,2.0,10,0.0,0,0.0,0.75,0,0,4.0,1,0.5
5,2,0,7,20,4,1,6,2,0.5,153,0.0,0,0.818181818,0.366666667,0,0,29.4,10,4.0
3,2,0,7,6,0,4,4,3,0.0,24,1.0,0,0.928571429,0.666666667,0,0,6.666666667,1,0.6667
3,4,0,5,5,1,1,4,3,1.0,25,1.0,0,0.975903614,0.466666667,0,0,6.666666667,1,0.6667
11,2,0,4,22,43,0,4,9,0.85,117,0.5,0,0.578947368,0.522727273,1,6,9.454545455,2,0.8182
4,3,0,22,23,0,0,22,3,0.333333333,115,1.0,0,0.949152542,0.4,2,5,27.5,2,1.25
4,5,0,5,26,0,2,5,1,0.666666667,112,1.0,0,0.995426829,0.416666667,0,0,26.25,1,0.75
30,1,0,73,92,429,69,4,28,0.896551724,693,1.0,1,0.0,0.103448276,1,1,22.06666667,8,2.7333
7,2,0,12,28,13,2,10,4,0.583333333,112,1.0,0,0.583333333,0.458333333,1,1,14.71428571,2,1.0
3,2,0,8,20,3,1,7,2,1.0,151,0.0,0,0.92,0.5,0,0,48.33333333,1,0.6667
15,1,0,11,42,105,10,1,14,2.0,214,0.0,0,0.0,0.2,0,0,13.26666667,4,2.4667
19,2,0,6,35,93,1,5,17,0.796296296,285,0.833333333,1,0.407407407,0.368421053,1,6,13.68421053,2,0.8947
2,1,0,3,3,0,1,2,2,0.0,12,0.0,1,0.0,0.75,0,0,4.5,1,0.5
13,1,0,11,61,44,4,10,6,0.833333333,488,1.0,0,0.0,0.180555556,0,0,36.15384615,6,2.6154
18,1,0,0,19,153,0,0,18,2.0,40,0.0,0,0.0,0.285714286,0,0,1.222222222,1,0.9444
4,2,0,6,10,0,4,2,4,0.333333333,125,1.0,0,0.75,0.5,0,0,29.5,2,1.0
14,1,2,20,42,91,9,11,9,1.051282051,247,0.0,0,0.0,0.134615385,0,0,16.42857143,3,1.2857
5,2,0,12,13,0,2,10,4,0.666666667,94,0.0,4,0.733333333,0.28,1,2,16.6,2,1.0
2,1,0,0,2,1,0,0,2,2.0,2,0.0,0,0.0,0.75,0,0,0.0,1,1.0
15,1,0,22,47,81,2,20,14,0.867346939,218,1.0,1,0.0,0.1875,0,0,13.06666667,2,0.9333
2,1,0,15,34,0,1,14,2,0.0,326,1.0,2,0.0,0.6,0,0,161.0,13,6.5
3,3,0,6,7,3,1,5,3,2.0,42,0.0,0,0.953488372,0.833333333,1,6,13.0,1,0.6667
21,1,1,5,23,0,5,0,21,0.3375,516,1.0,0,0.0,0.5,0,0,23.38095238,4,1.7143
1,1,0,7,2,0,7,0,1,2.0,6,0.0,0,0.0,1.0,0,0,3.0,0,0.0
5,1,0,7,14,0,3,4,4,1.211538462,391,0.051282051,1,0.0,0.375,0,0,69.4,2,0.8
6,1,0,23,6,15,22,1,6,2.0,6,0.0,0,0.0,0.555555556,0,0,0.0,1,1.0
3,1,0,7,19,0,3,6,1,0.0,91,0.0,0,0.0,0.666666667,0,0,29.0,1,0.6667
1,1,0,4,1,0,2,2,1,2.0,1,0.0,0,0.0,1.0,0,0,0.0,1,1.0
10,2,0,3,12,3,2,2,9,0.916666667,87,0.5,0,0.5,0.283333333,1,2,7.3,2,0.9
13,3,0,28,76,42,5,24,9,0.783333333,663,1.0,1,0.823529412,0.207692308,2,11,49.61538462,18,4.5385
3,2,0,5,4,1,4,1,3,0.5,16,1.0,0,0.8,0.666666667,0,0,4.0,1,0.6667
6,1,2,5,13,0,2,3,4,0.5,107,1.0,2,0.0,0.458333333,0,0,16.5,3,1.1667
12,1,0,19,33,66,13,7,10,1.045454545,261,0.0,0,0.0,0.259259259,0,0,20.58333333,8,1.9167
6,1,0,1,8,0,0,1,6,0.0,43,1.0,1,0.0,0.666666667,0,0,6.0,1,0.8333
18,3,0,13,80,117,0,13,16,0.929411765,534,1.0,0,0.685185185,0.3,1,1,28.11111111,4,1.1111
11,1,0,2,18,19,0,2,9,0.75,138,1.0,0,0.0,0.424242424,0,0,11.0,3,1.2727
9,1,0,3,16,24,2,2,8,0.708333333,143,0.0,1,0.0,0.4,0,0,14.55555556,3,1.5556
27,2,0,20,62,293,1,19,23,0.905325444,343,1.0,4,0.074074074,0.134615385,0,0,11.22222222,3,1.1481
6,7,2,13,16,0,4,10,4,0.2,94,1.0,0,0.97080292,0.4,4,10,14.5,3,1.1667
7,2,0,2,8,21,1,2,7,1.166666667,32,0.5,0,0.583333333,0.428571429,1,2,3.285714286,1,0.7143
2,5,1,9,9,1,2,8,1,2.0,26,0.0,0,0.972222222,0.666666667,1,1,12.0,1,0.5
5,0,0,8,20,0,2,6,3,0.0,72,1.0,0,0.0,0.5,0,0,13.2,1,0.8
129,1,0,67,376,6636,5,62,95,0.942356419,3629,0.72972973,19,0.0,0.0671875,0,0,26.84496124,42,2.2171
17,1,2,24,20,96,21,4,17,0.902777778,120,1.0,2,0.0,0.235294118,0,0,5.529411765,3,1.0588
111,2,1,21,139,6045,5,18,110,0.968531469,842,0.769230769,3,0.470873786,0.144155844,0,0,6.468468468,4,1.1622
4,2,0,7,10,6,4,5,4,2.0,28,0.0,0,0.933333333,0.392857143,0,0,6.0,1,0.5
13,7,0,10,72,44,2,9,4,0.782051282,631,1.0,0,0.981954887,0.217948718,0,0,46.53846154,7,1.7692
5,3,0,1,16,8,0,1,3,1.24795082,4275,0.0,0,0.926829268,0.333333333,0,0,805.2,2,0.8
5,1,0,7,14,0,3,4,0,0.75,108,0.333333333,4,0.0,0.4,0,0,19.4,5,1.6
13,2,0,11,39,0,4,7,4,0.761111111,394,0.533333333,6,0.294117647,0.211538462,1,2,28.15384615,1,0.9231
8,1,0,6,19,0,3,3,2,0.714285714,214,1.0,1,0.0,0.583333333,0,0,25.25,4,2.0
47,2,1,41,109,1019,19,25,26,0.946488294,2547,0.461538462,2,0.14893617,0.230072464,1,2,52.91489362,11,1.766
5,4,0,9,13,10,3,6,5,2.0,54,0.0,0,0.981900452,0.6,3,7,9.8,3,1.2
49,1,0,20,93,1044,8,17,42,0.915277778,620,1.0,3,0.0,0.128728414,0,0,11.34693878,6,1.4082
9,1,0,11,9,36,10,1,9,2.0,9,0.0,0,0.0,0.333333333,0,0,0.0,1,1.0
37,2,0,11,55,474,4,7,34,0.936342593,549,0.625,4,0.244444444,0.190972222,1,4,13.18918919,3,1.027
2,4,0,15,13,1,0,15,2,2.0,61,0.0,0,0.989690722,0.6,2,4,29.5,1,0.5
4,3,0,5,9,4,0,5,3,0.666666667,31,1.0,0,0.818181818,0.666666667,0,0,6.5,1,0.5
4,4,0,1,8,6,1,0,4,2.0,20,0.0,0,1.0,0.666666667,0,0,4.0,0,0.0
2,1,0,6,22,1,0,6,2,2.0,172,0.0,0,0.0,0.5,0,0,85.0,1,0.5
0,1,0,0,0,0,0,0,0,2.0,0,0.0,0,0.0,0.0,0,0,0.0,0,0.0
3,4,0,3,6,3,1,2,3,2.0,17,0.0,0,0.979166667,0.666666667,0,0,4.666666667,1,0.6667
8,1,1,13,64,12,2,11,2,0.785714286,388,0.75,2,0.0,0.321428571,0,0,47.0,11,2.125
3,1,0,8,22,3,5,3,2,2.0,193,0.0,0,0.0,0.583333333,0,0,63.33333333,10,5.6667
9,1,0,11,19,0,7,4,9,0.5,106,1.0,1,0.0,0.555555556,0,0,10.55555556,3,1.1111
5,1,0,4,5,10,2,2,5,2.0,5,0.0,0,0.0,0.5,0,0,0.0,1,1.0
9,1,0,11,43,28,0,11,6,0.6875,416,1.0,0,0.0,0.333333333,0,0,45.0,13,3.2222
10,1,0,2,16,23,1,0,9,0.5,88,1.0,1,0.0,0.433333333,0,0,7.2,2,1.0
13,1,0,13,14,78,11,2,12,1.055555556,24,0.0,1,0.0,0.533333333,0,0,0.615384615,1,0.9231
9,2,0,9,23,36,9,9,0,2.0,82,0.0,0,0.529411765,0.444444444,0,0,8.111111111,1,0.8889
2,3,2,7,10,1,2,5,0,2.0,49,0.0,0,0.95,0.625,0,0,23.5,3,1.5
8,1,5,6,22,6,5,1,6,0.761904762,145,1.0,0,0.0,0.541666667,0,0,16.375,2,1.125
2,1,0,8,2,1,6,2,2,2.0,2,0.0,0,0.0,0.666666667,0,0,0.0,1,1.0
7,1,1,13,46,0,2,12,7,0.69047619,357,1.0,2,0.0,0.30952381,0,0,49.0,1,0.8571
17,1,0,3,39,62,2,1,16,0.7578125,276,1.0,1,0.0,0.441176471,0,0,14.76470588,4,1.4706
4,3,0,11,14,0,0,11,4,0.333333333,44,1.0,0,0.959459459,0.4,2,7,9.75,1,0.75
6,4,0,7,22,0,0,7,6,0.4,141,1.0,0,0.924242424,0.666666667,1,1,22.16666667,1,0.8333
3,1,0,63,3,3,62,2,3,2.0,3,0.0,0,0.0,0.555555556,0,0,0.0,1,1.0
16,1,0,8,76,0,3,5,16,0.883333333,616,0.25,1,0.0,0.166666667,1,1,36.5,8,1.5625
42,3,21,47,98,0,21,26,40,0.0,327,1.0,1,0.474358974,0.073412698,2,2,6.761904762,6,1.1667
2,1,0,4,4,1,1,3,2,2.0,9,0.0,0,0.0,1.0,0,0,3.5,1,0.5
11,1,0,2,24,53,1,2,6,1.033333333,241,1.0,0,0.0,0.157142857,0,0,20.63636364,4,1.6364
16,1,1,3,28,78,3,0,13,0.733333333,213,0.8,0,0.0,0.208333333,0,0,12.0,5,1.875
2,1,0,7,24,1,3,4,2,2.0,109,0.0,0,0.0,0.5,0,0,53.5,1,0.5
5,1,0,6,14,0,5,1,4,1.154761905,186,0.095238095,0,0.0,0.5,0,0,32.0,9,2.2
18,1,0,13,94,39,4,11,9,0.705882353,707,0.875,0,0.0,0.111111111,0,0,37.83333333,14,2.5556
16,1,0,20,55,0,9,14,14,0.5,453,1.0,3,0.0,0.198863636,0,0,27.0625,6,1.0625
17,1,0,35,91,106,9,27,13,0.354166667,453,1.0,2,0.0,0.14479638,0,0,25.47058824,2,1.1176
5,1,0,3,12,0,2,1,3,0.46875,273,1.0,0,0.0,0.6,0,0,52.0,10,3.8
3,5,0,10,13,3,0,10,3,2.0,50,0.0,0,0.99,0.533333333,3,5,15.66666667,1,0.3333
25,2,0,6,44,128,1,5,23,0.948863636,429,0.363636364,3,0.333333333,0.352,1,6,15.28,2,0.92
2,1,0,15,7,1,15,0,2,2.0,21,0.0,0,0.0,0.5,0,0,9.5,2,1.0
1,3,0,1,2,0,0,1,1,2.0,4,0.0,0,1.0,1.0,0,0,3.0,0,0.0
12,1,0,19,32,36,15,6,12,0.745454545,236,1.0,3,0.0,0.416666667,0,0,18.25,5,2.0
6,3,0,5,9,15,2,3,5,1.2,31,0.0,0,0.851851852,0.333333333,0,0,4.0,1,0.6667
3,3,0,6,7,3,1,5,3,2.0,24,0.0,0,0.952380952,0.555555556,1,1,7.0,1,0.6667
5,3,0,1,16,8,0,1,3,1.243589744,1171,0.0,0,0.926829268,0.333333333,0,0,217.6,2,0.8
6,1,0,11,6,15,10,2,6,2.0,6,0.0,0,0.0,1.0,0,0,0.0,1,1.0
6,3,0,39,72,0,3,37,5,0.52,550,1.0,2,0.918032787,0.305555556,2,10,89.83333333,30,7.5
16,4,0,30,70,10,5,28,13,0.566666667,790,1.0,0,0.829545455,0.232142857,2,9,48.125,17,3.375
6,1,0,4,7,3,3,1,6,0.75,41,1.0,1,0.0,0.366666667,0,0,5.166666667,1,0.8333
3,1,0,3,3,3,2,1,3,2.0,3,0.0,0,0.0,0.666666667,0,0,0.0,1,1.0
9,1,7,12,11,20,11,1,6,0.825,77,1.0,3,0.0,0.518518519,0,0,7.0,2,1.1111
27,1,0,1,27,351,0,1,27,1.038461538,213,0.0,0,0.0,0.277777778,0,0,0.0,1,1.0
10,1,0,16,17,0,16,0,5,0.807407407,350,0.066666667,0,0.0,0.55,0,0,32.5,8,3.7
5,1,0,19,54,4,1,18,3,0.25,274,1.0,0,0.5,0.5,0,0,53.6,1,0.6
22,1,0,2,42,189,1,1,22,0.841269841,182,1.0,0,0.0,0.171717172,0,0,7.0,7,1.2273
4,4,0,3,15,4,2,1,4,0.333333333,80,0.0,0,0.953488372,0.357142857,1,3,18.75,2,0.75
1,1,0,1,2,0,1,0,0,2.0,6,0.0,0,0.0,1.0,0,0,3.0,0,0.0
7,3,0,24,41,0,0,24,6,0.083333333,276,1.0,1,0.922077922,0.306122449,2,9,38.14285714,3,1.5714
17,2,0,11,42,108,3,9,15,0.796875,514,0.0,1,0.407407407,0.243697479,1,3,29.0,14,3.3529
15,1,2,8,23,67,6,2,9,0.714285714,170,1.0,0,0.0,0.516666667,0,0,9.933333333,2,1.0
6,1,3,8,7,15,6,2,6,2.0,12,0.0,0,0.0,0.444444444,1,1,1.0,1,0.8333
14,1,0,16,86,41,3,14,8,0.891025641,451,0.833333333,2,0.0,0.243589744,0,0,30.35714286,3,1.0
2,1,0,7,24,1,3,4,2,2.0,109,0.0,0,0.0,0.5,0,0,53.5,1,0.5
4,4,1,3,7,6,2,2,4,1.333333333,20,0.0,0,0.952380952,0.4375,1,5,3.75,1,0.75
2,1,0,2,2,1,1,1,2,2.0,2,0.0,0,0.0,0.75,0,0,0.0,1,1.0
5,2,0,6,21,0,3,3,0,0.375,274,0.0,1,0.733333333,0.5,1,3,53.4,18,5.0
4,7,0,10,13,6,0,10,3,2.0,81,0.0,0,0.96,0.5,3,8,19.25,1,0.75
12,1,0,3,25,0,2,1,0,0.436363636,218,1.0,0,0.0,0.395833333,0,0,16.75,3,1.3333
10,1,1,4,22,0,1,3,1,0.611111111,481,1.0,1,0.0,0.5,0,0,45.7,2,1.0
11,2,0,5,21,49,2,3,9,0.975,108,0.25,0,0.578947368,0.522727273,1,6,8.454545455,2,0.8182
5,2,0,8,34,8,1,7,3,0.5,216,1.0,0,0.884615385,1.0,0,0,42.0,11,3.4
39,1,0,3,78,0,2,1,38,0.923684211,234,0.0,1,0.0,0.302564103,0,0,4.743589744,2,1.0256
6,1,0,5,6,15,3,2,6,2.0,6,0.0,0,0.0,0.375,0,0,0.0,1,1.0
8,1,0,4,20,26,0,4,7,0.714285714,83,1.0,1,0.0,0.25,0,0,9.25,2,1.0
4,2,0,1,12,4,0,1,4,0.666666667,44,1.0,0,0.888888889,0.5,1,1,9.75,2,1.25
5,1,0,6,5,10,6,0,5,2.0,5,0.0,0,0.0,0.333333333,0,0,0.0,1,1.0
29,1,40,65,43,330,57,11,29,0.917857143,318,0.9,6,0.0,0.179310345,0,0,9.620689655,4,1.2414
1,1,0,18,1,0,17,1,1,2.0,1,0.0,0,0.0,1.0,0,0,0.0,1,1.0
4,2,0,4,15,0,1,3,4,0.666666667,105,1.0,0,0.75,0.5,0,0,24.5,1,0.75
4,2,0,3,7,4,2,1,2,0.944444444,78,0.166666667,6,0.857142857,0.444444444,1,1,17.0,1,0.5
5,7,0,8,52,2,0,8,4,0.5,372,1.0,1,0.993939394,0.466666667,0,0,72.4,5,2.0
3,1,0,3,7,0,1,2,3,0.0,21,1.0,0,0.0,0.666666667,0,0,5.666666667,1,0.6667
5,3,18,19,16,8,19,0,3,1.223684211,424,0.0,0,0.926829268,0.416666667,0,0,80.0,3,1.0
7,1,0,11,45,1,0,11,4,0.75,499,0.5,0,0.0,0.571428571,0,0,69.71428571,7,1.7143
2,1,0,0,2,1,0,0,2,2.0,2,0.0,0,0.0,0.75,0,0,0.0,1,1.0
3,1,0,8,3,3,5,3,3,2.0,3,0.0,0,0.0,0.5,0,0,0.0,1,1.0
11,3,0,9,54,15,1,8,10,0.7375,493,1.0,1,0.804347826,0.271428571,1,1,43.09090909,1,0.8182
4,1,2,4,8,0,2,2,4,0.0,28,1.0,0,0.0,0.75,0,0,5.75,1,0.75
60,6,0,138,221,1420,125,37,45,0.949152542,1722,0.515151515,9,0.916193182,0.08245614,2,3,27.15,20,2.8
4,3,3,9,17,6,4,6,3,2.0,116,0.0,0,0.863636364,0.5625,0,0,28.0,4,1.5
3,1,0,3,16,1,1,2,1,0.5,60,1.0,0,0.0,0.5,0,0,18.66666667,3,1.0
3,2,0,8,20,3,1,7,2,1.0,150,0.0,0,0.92,0.5,0,0,48.0,1,0.6667
6,1,0,8,6,15,7,2,6,2.0,6,0.0,0,0.0,1.0,0,0,0.0,1,1.0
75,1,0,26,200,281,3,23,63,0.923141892,1168,0.4375,3,0.0,0.141891892,0,0,14.36,18,1.68
4,1,0,3,13,6,3,0,4,2.0,86,0.0,0,0.0,0.333333333,1,1,20.5,8,3.5
11,1,0,7,26,29,4,3,11,0.3,119,1.0,2,0.0,0.272727273,1,1,9.636363636,4,1.1818
4,5,0,5,15,0,4,2,4,0.333333333,83,1.0,0,0.953846154,0.4375,1,1,19.5,5,2.0
65,5,0,52,205,1652,26,37,27,0.941761364,1871,0.878787879,5,0.910739191,0.115384615,3,12,27.27692308,12,2.2462
8,1,1,3,20,22,1,3,6,0.928571429,108,0.5,0,0.0,0.285714286,0,0,12.25,1,0.75
37,2,0,16,79,436,7,9,34,0.857142857,810,0.928571429,3,0.239130435,0.137592138,1,4,20.51351351,7,1.8649
1,2,0,3,2,0,1,2,1,2.0,5,0.0,0,1.0,1.0,0,0,4.0,0,0.0
2,1,0,2,8,1,2,0,1,2.0,49,0.0,0,0.0,0.5,0,0,23.5,4,2.0
81,1,0,37,257,1504,3,36,9,0.788671875,10701,0.96875,10,0.0,0.135526316,0,0,130.7160494,25,1.5432
2,2,0,9,9,1,5,4,2,2.0,31,0.0,0,0.923076923,0.666666667,0,0,14.5,1,0.5
11,1,8,22,86,15,8,14,4,0.728571429,887,1.0,7,0.0,0.266666667,0,0,77.72727273,22,4.6364
7,3,0,5,20,9,3,4,5,0.733333333,110,1.0,0,0.583333333,0.333333333,0,0,14.0,3,1.0
13,3,0,12,26,48,10,3,12,0.633333333,242,1.0,1,0.545454545,0.222222222,1,1,17.23076923,6,1.5385
1,5,2,8,8,0,5,3,1,2.0,32,0.0,0,1.0,1.0,0,0,31.0,0,0.0
4,1,2,10,10,6,2,8,4,2.0,27,0.0,0,0.0,0.375,0,0,5.75,1,0.75
8,2,0,11,28,24,2,9,6,0.714285714,248,1.0,0,0.6875,0.326530612,1,1,29.875,3,0.875
11,2,0,6,22,35,1,5,9,1.0,126,0.166666667,0,0.55,0.309090909,1,4,9.909090909,2,0.9091
5,1,0,4,5,10,4,0,5,2.0,5,0.0,0,0.0,1.0,0,0,0.0,1,1.0
6,3,0,9,11,3,2,9,3,0.666666667,43,1.0,1,0.75,0.28,0,0,5.666666667,1,0.6667
4,1,1,4,12,6,2,2,4,0.666666667,37,1.0,1,0.0,0.5,0,0,8.0,2,1.0
14,4,0,10,27,33,1,9,14,0.653846154,167,1.0,0,0.932926829,0.3,1,1,10.64285714,5,1.2857
5,3,0,4,18,8,0,4,5,0.375,173,1.0,2,0.818181818,0.366666667,2,3,32.4,7,2.6
4,1,0,6,37,6,0,6,3,2.0,326,0.0,0,0.0,0.4375,0,0,80.5,19,5.75
2,3,0,0,3,1,0,0,2,2.0,374,0.0,0,0.974358974,1.0,0,0,186.0,1,0.5
4,4,0,6,20,0,2,5,4,1.066666667,77,0.0,1,0.931818182,0.625,2,4,17.0,3,1.5
21,2,2,9,37,116,3,7,12,0.888888889,180,0.777777778,3,0.411764706,0.178571429,1,1,7.142857143,4,1.1905
3,3,0,8,18,3,1,8,3,2.0,50,0.0,0,0.960784314,0.666666667,2,2,15.66666667,1,0.6667
11,2,0,5,21,43,2,3,9,0.85,117,0.5,0,0.578947368,0.418181818,1,6,9.454545455,2,1.0
5,2,0,5,22,0,1,4,0,0.125,206,1.0,0,0.7,0.35,1,3,39.8,11,4.0
19,2,1,9,43,85,2,7,13,0.703703704,285,0.666666667,1,0.529411765,0.190789474,1,3,13.84210526,5,1.8947
6,1,0,2,25,5,2,0,5,0.7,166,1.0,0,0.0,0.5,0,0,25.66666667,1,0.5
13,2,0,7,29,34,2,5,13,0.854166667,179,0.5,0,0.612903226,0.323076923,1,5,12.46153846,1,0.9231
1,1,0,5,1,0,4,1,1,2.0,1,0.0,0,0.0,1.0,0,0,0.0,1,1.0
49,1,0,13,128,1014,3,11,29,0.851190476,1254,0.5,4,0.0,0.10058309,0,0,24.30612245,8,2.0204
20,1,0,106,45,182,103,5,17,1.015037594,124,0.285714286,1,0.0,0.144736842,0,0,4.85,2,0.95
23,2,0,2,24,253,1,1,23,2.0,49,0.0,0,0.52173913,0.669565217,1,2,1.130434783,1,0.9565
5,1,0,19,54,4,1,18,3,0.25,274,1.0,0,0.5,0.5,0,0,53.6,1,0.6
16,2,0,25,85,76,6,22,16,0.8,736,0.8,2,0.558823529,0.215909091,1,1,44.6875,25,4.125
14,1,1,8,32,49,4,4,12,0.835164835,257,1.0,0,0.0,0.307692308,0,0,16.85714286,6,1.6429
6,2,0,6,9,13,4,4,5,0.8,28,1.0,0,0.909090909,0.4,0,0,3.5,1,0.5
8,3,0,7,22,0,1,7,8,0.142857143,86,1.0,0,0.962264151,0.291666667,1,2,9.625,1,0.5
8,5,0,46,14,6,43,3,8,0.80952381,79,1.0,0,0.666666667,0.375,1,1,8.125,1,0.875
4,3,0,1,15,6,0,1,3,1.333333333,4270,0.0,0,0.926829268,0.333333333,0,0,1005.75,2,1.0
7,1,0,0,48,21,0,0,3,2.0,333,0.0,0,0.0,0.285714286,0,0,46.57142857,3,1.2857
61,5,0,65,218,1430,36,46,34,0.943421053,1885,0.552631579,8,0.918424754,0.128787879,3,12,29.27868852,22,2.4262
13,1,5,21,33,44,17,5,6,0.555555556,162,1.0,1,0.0,0.188034188,1,1,11.23076923,5,1.2308
11,2,0,6,20,43,2,4,9,0.95,104,0.25,0,0.55,0.309090909,1,4,8.090909091,2,0.9091
6,2,1,7,28,13,2,6,2,0.8,139,1.0,1,0.692307692,0.45,2,3,22.0,6,1.8333
5,1,0,2,6,10,0,2,5,2.0,12,0.0,0,0.0,0.8,0,0,1.4,1,0.8
4,6,0,5,34,6,2,5,2,2.0,150,0.0,0,0.995412844,0.375,0,0,36.5,1,0.75
5,2,0,2,15,10,1,1,5,2.0,305,0.0,0,0.5,0.35,2,5,60.0,8,2.2
4,1,0,0,10,0,0,0,0,1.266666667,90,0.0,0,0.0,0.833333333,0,0,15.25,4,2.0
2,1,0,5,29,0,0,5,0,0.0,176,1.0,2,0.0,0.6,0,0,85.5,10,5.0
14,0,0,23,42,61,5,19,5,0.89010989,182,0.571428571,3,0.0,0.201923077,0,0,11.5,2,1.0
16,1,0,4,29,58,1,3,15,0.858333333,199,1.0,0,0.0,0.277777778,0,0,10.9375,9,1.5625
3,1,0,19,3,3,17,3,3,2.0,3,0.0,0,0.0,0.5,0,0,0.0,1,1.0
9,1,2,11,32,30,2,9,4,0.5625,195,0.5,0,0.0,0.265625,0,0,20.44444444,10,2.0
12,1,0,4,15,46,0,4,11,0.795454545,73,1.0,2,0.0,0.266666667,0,0,4.75,1,0.9167
3,3,0,7,15,3,0,7,3,2.0,46,0.0,0,0.777777778,0.555555556,0,0,14.33333333,3,1.3333
6,2,0,9,28,0,1,8,6,0.0,147,1.0,1,0.705882353,0.333333333,2,3,23.33333333,4,1.5
4,2,0,1,15,0,0,1,4,0.833333333,62,0.0,0,0.571428571,0.5,1,4,14.0,3,1.5
26,6,0,5,42,233,0,5,19,0.8,269,1.0,0,0.857142857,0.269230769,1,7,9.115384615,3,1.3846
11,2,0,5,21,43,2,3,9,0.85,117,0.5,0,0.578947368,0.418181818,1,6,9.454545455,2,1.0
3,3,0,3,10,0,0,3,3,0.0,32,1.0,0,0.948717949,0.666666667,0,0,9.333333333,1,0.6667
4,1,0,2,7,0,1,1,3,0.0,59,1.0,0,0.0,0.666666667,0,0,13.25,3,1.75
14,2,0,6,25,77,3,3,11,0.861538462,212,0.8,0,0.5,0.517857143,1,5,13.78571429,2,1.0
5,4,0,3,8,10,0,3,5,2.0,28,0.0,0,0.953488372,0.6,1,4,4.6,1,0.8
3,5,0,5,4,0,2,3,3,0.5,21,1.0,2,0.894736842,0.5,0,0,5.333333333,1,0.6667
5,3,0,8,12,8,1,7,5,0.5,59,1.0,0,0.904761905,0.4,1,6,10.6,2,1.0
14,1,0,7,17,0,7,0,13,0.384615385,165,1.0,0,0.0,0.404761905,0,0,10.57142857,2,1.2143
18,1,0,25,19,107,25,0,18,0.382352941,170,1.0,0,0.0,0.433333333,0,0,8.333333333,2,1.2222
14,1,0,24,26,15,22,2,11,0.933110368,405,0.391304348,4,0.0,0.461538462,0,0,26.28571429,11,2.0714
3,3,0,4,4,3,0,4,3,1.5,10,0.0,0,0.95,0.5,1,6,2.0,1,0.6667
24,1,0,0,24,276,0,0,24,1.043478261,28,0.0,0,0.0,0.270833333,0,0,0.0,1,1.0
8,1,2,5,12,8,2,3,7,0.428571429,149,1.0,0,0.0,0.4375,0,0,17.5,9,2.875
3,1,0,3,6,3,1,2,2,2.0,16,0.0,0,0.0,0.333333333,0,0,4.333333333,1,0.6667
2,2,2,16,30,1,2,14,1,2.0,373,0.0,0,0.857142857,0.666666667,0,0,185.5,25,12.5
8,5,0,9,29,0,1,8,5,0.571428571,179,1.0,0,0.823529412,0.375,2,5,21.0,4,1.125
33,1,0,3,73,0,1,3,33,0.75,469,0.0,2,0.0,0.158508159,1,1,13.03030303,6,1.303
4,1,0,11,23,2,1,10,2,0.583333333,101,1.0,0,0.0,0.333333333,0,0,23.25,4,1.25
14,2,0,22,66,27,8,16,13,0.764423077,998,1.0,1,0.7,0.253968254,1,2,69.14285714,18,2.2143
8,2,0,4,11,0,2,2,8,0.214285714,105,1.0,0,0.722222222,0.5,1,6,11.875,4,1.125
3,1,0,8,16,3,1,7,1,2.0,125,0.0,0,0.0,0.444444444,0,0,40.66666667,1,0.6667
2,2,0,2,4,1,1,1,2,2.0,10,0.0,0,0.8,0.666666667,0,0,4.0,1,0.5
3,2,3,6,12,3,3,3,2,2.0,47,0.0,0,0.6,0.666666667,0,0,14.66666667,1,0.6667
12,2,0,18,46,14,2,16,12,0.727272727,304,1.0,1,0.541666667,0.3,0,0,23.91666667,17,2.25
2,5,0,6,6,1,0,6,2,2.0,22,0.0,0,0.98245614,0.75,1,6,9.5,1,0.5
10,3,0,8,46,11,1,8,3,0.80952381,334,1.0,1,0.724137931,0.314814815,1,1,31.7,1,0.8
3,4,0,21,26,0,0,21,3,0.166666667,246,1.0,3,0.979591837,0.444444444,3,14,80.0,4,1.6667
2,2,0,12,22,1,1,11,1,2.0,186,0.0,0,0.947368421,0.625,1,2,92.0,1,0.5
0,1,0,0,0,0,0,0,0,2.0,0,0.0,0,0.0,0.0,0,0,0.0,0,0.0
39,1,0,1,56,469,1,0,39,0.578947368,198,0.0,0,0.0,0.256410256,0,0,4.051282051,1,0.9744
5,1,0,7,10,10,7,0,5,2.0,85,0.0,0,0.0,0.2,0,0,16.0,5,3.0
1,1,0,4,1,0,3,1,1,2.0,1,0.0,0,0.0,1.0,0,0,0.0,1,1.0
3,4,0,1,4,1,0,1,2,0.5,614,0.0,0,0.976190476,1.0,0,0,203.3333333,1,0.3333
2,4,0,7,6,1,0,7,2,2.0,13,0.0,0,0.989690722,0.625,2,4,5.5,1,0.5
8,3,0,2,39,10,0,2,8,0.714285714,282,1.0,0,0.840909091,0.325,1,1,33.75,4,1.25
4,3,0,1,15,6,0,1,3,1.333333333,2120,0.0,0,0.926829268,0.333333333,0,0,495.5,2,1.0
6,2,0,17,21,13,12,6,5,0.2,108,1.0,0,0.904761905,0.433333333,1,1,16.83333333,4,1.1667
24,1,0,1,30,204,1,0,23,0.975845411,3239,0.111111111,0,0.0,0.25,0,0,133.5833333,17,4.0
9,2,0,15,33,28,0,15,7,0.625,221,1.0,2,0.461538462,0.325,1,1,23.22222222,8,2.2222
7,5,0,6,31,0,0,6,6,0.25,163,1.0,0,0.947916667,0.285714286,3,10,22.0,5,1.4286
0,1,0,3,0,0,3,0,0,2.0,0,0.0,0,0.0,0.0,0,0,0.0,0,0.0
10,1,0,14,59,15,2,12,6,0.644444444,732,1.0,0,0.0,0.180555556,0,0,71.7,8,2.0
11,1,1,3,20,53,3,1,0,0.9,90,1.0,0,0.0,0.4,0,0,7.090909091,2,0.9091
5,2,0,16,33,0,4,14,5,0.5,249,1.0,1,0.903225806,0.466666667,0,0,48.4,1,0.6
4,2,0,3,7,4,2,1,2,0.962962963,111,0.111111111,9,0.857142857,0.444444444,1,1,24.5,1,0.5
2,4,0,13,13,1,0,13,2,2.0,44,0.0,0,0.989690722,0.6,2,4,21.0,2,1.0
8,2,0,2,17,8,1,1,6,0.666666667,112,1.0,1,0.76,0.375,1,1,12.625,1,0.75
6,3,0,9,32,0,0,9,6,0.6,216,1.0,2,0.880952381,0.333333333,2,2,34.5,1,0.8333
6,3,0,6,16,5,0,6,5,0.733333333,95,1.0,0,0.880952381,0.5,0,0,14.33333333,1,0.8333
11,1,1,1,18,15,1,0,11,0.5,102,1.0,0,0.0,0.431818182,0,0,8.090909091,1,0.9091
7,4,0,3,10,21,0,3,7,2.0,39,0.0,0,0.931818182,0.571428571,1,6,4.571428571,1,0.8571
29,2,2,18,97,114,8,10,24,0.846428571,1037,0.8,0,0.413043478,0.267857143,1,8,34.4137931,3,1.0345
3,4,0,1,4,1,0,1,2,0.5,614,0.0,0,0.976190476,1.0,0,0,203.3333333,1,0.3333
3,3,0,7,7,3,2,5,3,2.0,25,0.0,0,0.953488372,0.555555556,1,1,7.333333333,1,0.6667
11,1,0,9,29,7,2,7,8,0.806666667,324,0.733333333,3,0.0,0.35,0,0,27.09090909,5,1.2727
13,1,0,7,40,58,0,7,11,0.833333333,292,1.0,0,0.0,0.32967033,0,0,20.92307692,10,1.8462
2,3,0,4,4,1,1,3,2,2.0,13,0.0,0,0.976190476,0.75,1,1,5.5,1,0.5
10,1,0,3,10,45,3,0,10,2.0,10,0.0,0,0.0,0.6,0,0,0.0,1,1.0
11,2,0,8,42,33,1,7,7,0.82,327,0.7,2,0.307692308,0.232323232,0,0,27.81818182,6,1.2727
4,1,0,6,25,6,0,6,3,2.0,124,0.0,0,0.0,0.5,0,0,30.0,6,2.25
17,1,0,19,73,112,13,7,5,0.84375,502,1.0,1,0.0,0.170454545,0,0,28.17647059,2,1.0
8,1,0,10,29,20,1,10,3,0.714285714,125,1.0,1,0.0,0.244897959,0,0,14.375,3,1.25
2,2,0,6,5,1,5,1,1,2.0,18,0.0,0,0.941176471,1.0,0,0,8.0,1,0.5
30,2,0,26,77,417,4,24,26,0.927203065,350,0.777777778,1,0.470588235,0.135278515,1,2,10.36666667,2,1.0
20,2,0,9,38,34,2,7,20,0.778947368,385,1.0,4,0.40625,0.242857143,1,7,18.0,11,2.55
9,3,0,5,18,14,1,5,9,0.75,94,1.0,1,0.956521739,0.333333333,1,3,9.111111111,4,1.3333
11,2,0,12,34,21,3,11,4,0.8625,180,1.0,1,0.608695652,0.2,1,1,14.63636364,3,1.0909
10,3,0,6,41,21,1,6,7,0.793650794,360,1.0,0,0.804347826,0.45,0,0,34.3,2,1.1
8,5,0,29,45,0,1,29,8,0.142857143,241,1.0,1,0.933962264,0.270833333,4,5,29.0,6,1.875
4,1,0,9,12,2,3,7,3,0.666666667,52,1.0,3,0.0,0.4,0,0,11.25,1,0.75
13,2,0,13,23,0,10,3,11,0.642857143,271,1.0,1,0.45,0.256410256,1,2,19.30769231,2,0.9231
4,2,0,9,8,6,4,7,4,2.0,23,0.0,0,0.9375,0.392857143,0,0,4.75,1,0.5
1,1,0,7,1,0,5,2,1,2.0,1,0.0,0,0.0,1.0,0,0,0.0,1,1.0
4,1,0,24,17,0,15,9,2,0.333333333,59,1.0,0,0.0,0.333333333,0,0,13.5,1,0.5
3,4,1,3,4,3,2,2,3,1.5,13,0.0,0,0.967741935,0.555555556,1,4,3.0,1,0.6667
9,2,0,9,23,36,9,9,0,2.0,82,0.0,0,0.529411765,0.444444444,0,0,8.111111111,1,0.8889
1,1,0,2,2,0,2,0,1,2.0,20,0.0,0,0.0,1.0,0,0,15.0,0,0.0
21,2,0,19,87,208,10,11,20,1.0,665,0.5,0,0.672413793,0.344444444,1,3,30.57142857,8,2.8095
5,3,0,1,16,8,0,1,3,1.246296296,2125,0.0,0,0.926829268,0.333333333,0,0,397.0,2,0.8
9,1,0,4,17,0,1,3,7,0.5,234,1.0,1,0.0,0.511111111,0,0,24.55555556,2,1.1111
6,8,0,10,24,15,1,10,4,2.0,144,0.0,0,0.994206257,0.333333333,1,7,23.0,5,2.1667
9,2,0,11,30,26,2,11,3,0.857142857,164,0.857142857,4,0.529411765,0.377777778,0,0,16.44444444,1,0.8889
3,2,0,1,5,3,0,1,3,2.0,12,0.0,0,0.956521739,0.666666667,1,2,3.0,1,0.3333
5,1,0,2,7,4,2,0,0,0.5,39,1.0,0,0.0,0.7,0,0,6.2,1,0.6
2,5,0,3,9,1,0,3,2,2.0,33,0.0,0,1.0,0.875,0,0,15.5,0,0.0
8,2,0,4,25,14,1,3,4,0.571428571,163,1.0,1,0.416666667,0.3,1,1,18.875,2,1.0
6,2,0,6,13,3,1,5,6,0.2,58,1.0,0,0.333333333,0.5,0,0,8.5,2,0.8333
14,1,0,4,26,43,2,3,7,0.703296703,309,1.0,1,0.0,0.346153846,0,0,20.57142857,5,2.2143
14,7,0,15,81,49,3,14,3,0.884615385,864,1.0,3,0.98048048,0.285714286,1,1,59.42857143,12,1.7143
5,2,0,15,41,6,1,15,2,0.75,177,1.0,2,0.555555556,0.55,1,1,34.0,3,1.2
22,2,0,40,59,185,9,33,21,0.523809524,751,1.0,0,0.622641509,0.199300699,2,4,33.09090909,7,1.5909
4,2,0,9,27,4,0,9,3,0.666666667,150,1.0,0,0.6,0.666666667,0,0,36.25,11,3.0
5,3,0,1,16,8,0,1,3,1.243589744,1171,0.0,0,0.926829268,0.333333333,0,0,217.6,2,0.8
7,1,0,12,45,1,0,12,4,0.75,499,0.5,0,0.0,0.571428571,0,0,69.71428571,7,1.7143
3,4,0,11,27,3,0,11,2,2.0,169,0.0,0,0.96,0.476190476,1,7,55.33333333,8,3.0
5,5,1,9,14,2,1,8,4,0.75,68,1.0,1,0.9,0.4,0,0,11.8,3,1.0
1,5,0,1,8,0,0,1,1,2.0,18,0.0,0,1.0,1.0,0,0,17.0,0,0.0
10,1,0,0,15,37,0,0,10,0.777777778,64,1.0,0,0.0,0.375,0,0,5.0,1,0.8
8,3,0,11,45,16,1,10,4,0.771428571,216,0.6,0,0.840909091,0.270833333,1,1,25.375,4,1.875
3,4,0,1,4,1,0,1,2,0.5,599,0.0,0,0.976190476,1.0,0,0,198.3333333,1,0.3333
10,3,0,24,46,19,1,23,9,0.666666667,250,1.0,2,0.861538462,0.2375,1,7,23.6,4,1.6
20,2,0,6,32,114,2,4,18,0.894736842,361,0.5,0,0.392857143,0.45,1,6,16.55,2,0.9
2,1,0,5,10,1,1,4,0,2.0,82,0.0,0,0.0,0.5,0,0,40.0,1,0.5
3,2,0,1,5,3,0,1,3,2.0,12,0.0,0,0.956521739,0.666666667,1,2,3.0,1,0.3333
5,1,1,21,47,0,2,19,2,0.25,242,1.0,0,0.0,0.5,0,0,47.0,4,1.6
3,1,0,4,3,3,3,1,3,2.0,3,0.0,0,0.0,0.777777778,0,0,0.0,1,1.0
14,1,1,17,36,91,6,11,10,1.057692308,161,0.0,0,0.0,0.138461538,0,0,10.21428571,3,1.0
1,1,0,5,1,0,3,2,1,2.0,1,0.0,0,0.0,1.0,0,0,0.0,1,1.0
2,1,0,2,2,1,1,1,2,2.0,2,0.0,0,0.0,0.75,0,0,0.0,1,1.0
4,3,0,7,30,0,1,7,1,0.666666667,173,0.5,0,0.947368421,0.5,2,5,41.75,8,2.5
7,3,0,7,21,9,2,6,6,0.777777778,120,0.333333333,1,0.705882353,0.333333333,2,3,15.71428571,6,1.7143
6,1,0,2,11,7,2,0,1,1.172413793,300,0.396551724,0,0.0,0.5,0,0,39.33333333,1,0.6667
54,2,0,70,185,1235,27,55,43,0.948113208,1914,0.916666667,6,0.504672897,0.10130719,2,7,34.0,9,2.1296
8,2,0,8,31,28,1,7,1,2.0,394,0.0,0,0.588235294,0.347222222,1,1,48.25,7,3.125
13,1,0,12,32,34,3,9,13,0.826388889,289,0.75,0,0.0,0.201923077,0,0,20.30769231,2,1.0769
14,5,0,14,69,25,1,14,14,0.837606838,492,0.777777778,2,0.805970149,0.241071429,1,1,33.5,17,2.5
10,1,0,15,53,25,8,7,7,0.222222222,537,1.0,0,0.0,0.222222222,0,0,52.6,10,2.9
2,1,0,7,21,1,4,4,2,2.0,88,0.0,0,0.0,0.625,0,0,43.0,1,0.5
22,1,0,0,22,231,0,0,22,2.0,22,0.0,0,0.0,0.281818182,0,0,0.0,1,1.0
2,1,0,5,2,1,2,3,2,2.0,2,0.0,0,0.0,0.666666667,0,0,0.0,1,1.0
20,2,0,4,36,138,1,4,20,0.846889952,336,0.909090909,7,0.28,0.225,1,2,15.25,1,0.9
3,2,0,4,7,0,2,3,3,0.75,36,0.0,1,0.666666667,0.6,0,0,9.666666667,1,0.6667
21,1,0,9,27,0,8,1,20,0.806666667,838,1.0,1,0.0,0.371428571,0,0,38.19047619,6,2.8095
7,3,0,6,18,1,0,6,7,0.7,139,1.0,0,0.842105263,0.428571429,0,0,18.14285714,1,0.8571
4,5,0,4,9,4,0,4,3,0.333333333,37,1.0,0,0.930232558,0.4,1,1,8.0,1,0.75
5,1,0,0,15,8,0,0,1,0.833333333,479,0.0,0,0.0,0.3125,0,0,94.2,7,2.0
38,2,2,16,102,417,9,10,24,0.817567568,1440,0.75,1,0.556962025,0.174174174,1,16,36.78947368,16,2.7368
1,1,0,5,1,0,3,2,1,2.0,1,0.0,0,0.0,1.0,0,0,0.0,1,1.0
11,2,0,3,14,33,1,3,11,0.9,66,0.75,0,0.4375,0.327272727,1,2,4.636363636,1,0.8182
10,0,0,24,58,37,1,23,7,0.777777778,264,1.0,0,0.0,0.433333333,0,0,25.2,2,1.1
14,3,0,8,23,35,3,7,13,0.153846154,98,1.0,0,0.636363636,0.339285714,2,8,5.928571429,2,0.9286
5,2,0,3,17,10,1,3,5,2.0,88,0.0,0,0.84,0.52,1,3,16.6,2,1.0
7,3,0,6,18,21,1,5,4,2.0,63,0.0,0,0.894736842,0.30952381,0,0,8.0,2,0.7143
3,5,0,4,10,0,1,3,3,0.5,34,1.0,1,0.894736842,0.555555556,0,0,9.666666667,1,0.6667
15,1,0,11,47,37,1,10,11,0.980952381,465,0.133333333,0,0.0,0.193333333,0,0,29.0,3,1.1333
9,2,0,12,29,34,2,10,7,0.75,199,1.0,0,0.5625,0.263888889,0,0,21.0,5,1.4444
6,2,0,6,13,15,1,5,6,2.0,39,0.0,0,0.428571429,0.333333333,0,0,5.5,1,0.6667
9,2,0,9,23,36,9,9,0,2.0,82,0.0,0,0.529411765,0.444444444,0,0,8.111111111,1,0.8889
2,5,0,3,3,1,3,0,2,2.0,13,0.0,0,1.0,0.833333333,0,0,5.0,0,0.0
14,4,0,5,29,91,2,4,12,1.0,172,1.0,1,0.878504673,0.357142857,0,0,11.21428571,4,1.7857
3,3,0,6,7,3,1,5,3,1.5,25,0.0,0,0.952380952,0.555555556,1,1,7.0,1,0.6667
14,7,0,7,55,67,3,7,4,0.888888889,356,0.888888889,1,0.980568012,0.285714286,0,0,23.78571429,3,1.0714
30,1,0,20,104,87,5,16,22,0.748275862,1151,0.6,4,0.0,0.146153846,0,0,36.7,20,2.9
2,1,0,7,2,1,7,1,2,2.0,2,0.0,0,0.0,1.0,0,0,0.0,1,1.0
36,1,0,41,79,626,18,38,36,0.571428571,288,1.0,1,0.0,0.116666667,0,0,6.944444444,1,0.9722
5,2,0,10,23,6,1,10,2,0.8,185,0.0,3,0.4,0.333333333,0,0,35.0,1,0.6
11,1,0,4,25,23,3,1,7,0.766666667,215,1.0,0,0.0,0.242424242,0,0,18.0,3,1.0909
12,7,0,9,72,40,3,8,2,0.943181818,687,0.875,1,0.983433735,0.222222222,1,3,54.91666667,5,1.25
5,6,0,6,51,6,2,5,3,0.75,260,1.0,1,0.993993994,1.0,2,4,50.0,3,1.4
2,2,0,10,6,1,5,5,1,2.0,30,0.0,0,0.947368421,0.625,0,0,14.0,1,0.5
1,1,0,8,1,0,6,2,1,2.0,1,0.0,0,0.0,1.0,0,0,0.0,1,1.0
1,1,0,3,1,0,2,2,1,2.0,1,0.0,0,0.0,1.0,0,0,0.0,1,1.0
3,4,0,4,7,0,1,4,1,0.75,33,0.5,0,0.966101695,0.555555556,2,7,9.333333333,1,0.6667
45,1,0,3,83,990,0,3,37,1.022727273,1528,0.0,0,0.0,0.172222222,0,0,32.75555556,10,1.6
3,2,0,4,5,3,1,3,0,2.0,20,0.0,0,0.777777778,0.466666667,1,2,5.666666667,1,0.6667
3,2,0,1,5,3,0,1,3,2.0,12,0.0,0,0.956521739,0.666666667,1,2,3.0,1,0.3333
23,1,0,2,26,181,2,0,22,0.97979798,3198,0.0,0,0.0,0.25,0,0,137.6521739,17,3.913
2,1,0,11,2,1,10,1,2,2.0,2,0.0,0,0.0,0.75,0,0,0.0,1,1.0
4,1,0,0,4,6,0,0,4,2.0,4,0.0,0,0.0,1.0,0,0,0.0,1,1.0
2,1,0,2,2,1,2,0,2,2.0,2,0.0,0,0.0,0.75,0,0,0.0,1,1.0
8,3,0,22,40,28,11,12,8,1.142857143,327,1.0,0,0.833333333,0.575,1,5,39.375,18,3.125
6,2,0,12,12,1,1,11,6,0.64,173,1.0,6,0.921568627,0.35,0,0,26.16666667,6,1.5
59,3,3,38,121,1145,9,29,57,0.728448276,1035,1.0,2,0.344827586,0.061743341,2,3,16.40677966,8,1.8475
4,4,0,3,7,6,2,2,1,2.0,26,0.0,0,0.98125,0.5,2,3,5.5,3,1.25
2,4,0,5,7,1,0,5,2,2.0,15,0.0,0,0.979591837,0.75,1,6,6.5,1,0.5
9,2,0,4,18,0,2,2,3,0.625,118,1.0,0,0.5,0.388888889,1,2,11.77777778,2,1.3333
9,1,0,15,78,0,0,15,5,0.738636364,603,0.727272727,3,0.0,0.422222222,0,0,64.77777778,8,1.8889
7,1,0,5,16,0,0,5,6,0.5,86,1.0,0,0.0,0.642857143,0,0,11.0,1,0.8571
7,1,2,19,8,0,19,0,5,0.583333333,41,1.0,0,0.0,0.5,0,0,4.571428571,1,0.7143
8,2,0,4,14,0,1,3,8,0.628571429,212,1.0,1,0.588235294,0.416666667,1,5,24.875,12,2.375
14,2,0,9,33,53,1,9,11,0.876923077,188,0.4,1,0.796610169,0.442307692,1,3,12.07142857,3,1.6429
39,1,2,28,83,607,9,19,13,0.902046784,2503,1.0,9,0.0,0.144230769,0,0,62.25641026,13,2.3333
1,5,0,1,3,0,0,1,1,2.0,7,0.0,0,1.0,1.0,0,0,6.0,0,0.0
5,2,0,2,15,0,0,2,5,0.125,73,1.0,1,0.333333333,0.55,0,0,13.2,2,1.2
17,2,0,4,57,104,1,4,8,0.90625,496,0.75,0,0.529411765,0.338235294,1,5,27.47058824,12,1.8235
8,1,0,29,103,28,0,29,2,2.0,1168,0.0,0,0.0,0.285714286,0,0,145.0,3,1.25
3,3,0,0,4,1,0,0,2,0.5,1248,1.0,0,0.974358974,1.0,0,0,414.6666667,1,0.3333
2,2,0,2,4,1,1,1,2,2.0,11,0.0,0,0.666666667,0.666666667,1,1,4.5,1,0.5
8,1,0,0,8,28,0,0,8,2.0,8,0.0,0,0.0,0.46875,0,0,0.0,1,1.0
14,2,0,7,38,0,2,6,11,0.384615385,318,1.0,0,0.5,0.171428571,2,5,21.57142857,6,1.5714
5,2,0,11,33,6,1,10,1,0.625,206,0.0,0,0.818181818,0.433333333,1,1,39.8,1,0.8
3,3,0,4,8,0,1,4,1,0.0,26,1.0,1,0.916666667,0.555555556,1,1,7.333333333,1,0.6667
3,0,0,10,13,1,1,9,2,0.5,66,1.0,0,0.0,0.75,0,0,20.66666667,1,0.3333
26,1,0,10,39,311,7,3,23,0.873333333,179,1.0,1,0.0,0.16,0,0,5.653846154,3,1.1923
92,3,0,34,261,3726,8,34,81,0.960245637,2704,0.970588235,11,0.291338583,0.11247576,2,2,28.02173913,15,1.5543
5,4,0,8,19,4,1,7,2,0.5,63,1.0,1,0.918918919,0.4,2,4,11.4,1,0.6
6,1,0,7,12,0,1,6,6,0.685714286,334,1.0,1,0.0,0.388888889,0,0,53.5,10,4.1667
4,1,0,2,12,4,0,2,2,0.833333333,38,0.0,1,0.0,0.333333333,0,0,8.0,1,0.5
2,5,0,8,14,1,1,7,1,2.0,50,0.0,0,0.995283019,0.625,2,2,24.0,1,0.5
3,3,0,0,4,1,0,0,2,0.5,2145,0.0,0,0.974358974,1.0,0,0,713.6666667,1,0.3333
1,1,0,16,1,0,16,0,1,2.0,1,0.0,0,0.0,1.0,0,0,0.0,1,1.0
1,1,0,13,1,0,13,0,1,2.0,1,0.0,0,0.0,1.0,0,0,0.0,1,1.0
13,2,0,1,25,54,1,0,10,0.791666667,1273,0.833333333,0,0.476190476,0.353846154,1,2,96.46153846,1,0.8462
4,2,0,7,24,0,1,6,2,0.444444444,146,0.0,2,0.727272727,0.5625,1,4,34.75,1,0.75
1,1,0,6,1,0,4,2,1,2.0,1,0.0,0,0.0,1.0,0,0,0.0,1,1.0
9,1,5,8,11,0,5,3,5,0.638888889,161,1.0,2,0.0,0.466666667,0,0,15.88888889,2,0.8889
6,2,0,12,10,9,8,6,5,0.733333333,48,1.0,1,0.904761905,0.366666667,0,0,6.5,1,0.6667
18,1,0,2,25,87,1,1,18,0.852941176,200,1.0,0,0.0,0.361111111,0,0,9.666666667,1,0.9444
3,3,1,3,4,3,2,2,3,1.5,13,0.0,0,0.964285714,0.555555556,1,4,3.0,1,0.6667
3,4,0,39,5,0,39,0,3,0.0,22,1.0,0,0.944444444,0.666666667,0,0,6.0,1,0.3333
16,3,0,13,48,58,1,13,12,0.786666667,480,1.0,2,0.711538462,0.25,2,2,28.375,4,1.4375
3,4,0,4,20,3,0,4,1,1.5,124,1.0,0,0.960784314,1.0,2,3,40.0,8,3.0
1,1,0,2,1,0,1,1,1,2.0,1,0.0,0,0.0,1.0,0,0,0.0,1,1.0
9,1,0,4,19,20,1,3,9,0.1875,82,1.0,1,0.0,0.317460317,0,0,7.888888889,2,1.0
11,3,0,8,20,29,5,4,11,0.825,114,1.0,0,0.951456311,0.340909091,2,5,9.0,2,1.0
1,1,1,19,2,0,19,0,1,2.0,12,0.0,0,0.0,1.0,0,0,9.0,0,0.0
8,4,0,15,27,0,1,14,8,0.142857143,135,1.0,2,0.925531915,0.270833333,2,3,15.625,2,1.0
3,1,0,1,30,3,0,1,2,2.0,315,0.0,0,0.0,0.333333333,0,0,104.0,1,0.6667
13,2,6,31,22,66,29,4,13,2.0,99,0.0,0,0.3125,0.243589744,1,1,6.615384615,2,0.9231
3,4,0,19,32,0,1,18,3,0.5,161,0.0,1,0.974358974,0.5,2,3,52.33333333,8,3.0
11,3,1,11,14,41,7,4,11,0.916666667,66,0.0,1,0.642857143,0.327272727,0,0,4.454545455,1,0.9091
7,3,0,4,14,9,2,2,7,0.166666667,85,1.0,0,0.692307692,0.428571429,1,1,11.0,7,1.4286
8,6,0,6,31,20,3,5,1,0.761904762,121,0.666666667,1,0.991111111,0.428571429,4,12,13.75,1,0.75
8,4,0,19,12,0,18,1,8,0.285714286,64,1.0,0,0.818181818,0.4375,0,0,6.75,1,0.5
9,3,0,57,49,0,34,24,8,0.583333333,546,1.0,2,0.91025641,0.3125,2,8,59.33333333,5,1.3333
9,2,0,9,23,36,9,9,0,2.0,82,0.0,0,0.529411765,0.444444444,0,0,8.111111111,1,0.8889
3,2,0,1,10,0,0,1,1,0.0,67,1.0,1,0.714285714,0.666666667,1,1,20.33333333,1,0.6667
4,1,0,0,4,6,0,0,4,2.0,4,0.0,0,0.0,0.625,0,0,0.0,1,1.0
16,1,0,3,17,78,2,1,16,0.533333333,172,1.0,0,0.0,0.291666667,0,0,9.5,9,1.625
14,6,0,7,56,51,2,7,1,0.890688259,557,1.0,0,0.980938416,0.5,3,5,37.42857143,5,1.4286
31,1,6,103,56,435,95,9,30,0.8,275,1.0,1,0.0,0.190615836,0,0,7.838709677,3,1.2903
5,1,1,5,17,8,4,1,5,0.75,107,0.0,0,0.0,0.6,0,0,20.2,12,3.0
7,4,0,2,20,21,1,1,7,2.0,67,0.0,0,0.910447761,0.571428571,2,2,8.571428571,2,1.0
9,3,0,4,12,30,1,4,9,0.25,50,1.0,0,0.75,0.555555556,2,5,4.444444444,1,0.7778
10,1,0,13,37,3,9,7,9,0.555555556,222,1.0,1,0.0,0.2625,0,0,21.0,4,1.7
12,2,0,10,37,14,2,8,12,0.831168831,390,0.714285714,1,0.541666667,0.3,0,0,30.91666667,30,3.3333
2,1,0,2,2,1,2,0,2,2.0,2,0.0,0,0.0,1.0,0,0,0.0,1,1.0
8,1,0,5,12,24,3,3,7,0.714285714,68,1.0,0,0.0,0.541666667,0,0,7.25,2,1.25
5,1,3,6,6,0,5,1,4,0.625,30,1.0,1,0.0,0.466666667,0,0,4.6,2,1.0
8,5,0,6,26,0,1,5,5,0.571428571,167,1.0,0,0.823529412,0.375,2,5,19.5,4,1.125
8,2,0,20,62,0,1,20,4,0.535714286,523,1.0,1,0.333333333,0.404761905,1,2,63.875,4,1.625
3,1,0,11,27,0,1,11,2,0.0,204,1.0,1,0.0,1.0,0,0,66.66666667,9,4.0
47,2,1,41,109,1019,19,25,26,0.946488294,2549,0.461538462,2,0.14893617,0.230072464,1,2,52.95744681,11,1.766
48,1,0,7,111,1116,2,5,47,0.914893617,729,0.6,0,0.0,0.102836879,0,0,14.08333333,2,1.0
33,2,0,16,69,0,0,16,24,0.7109375,801,1.0,1,0.701923077,0.170798898,1,9,23.03030303,4,1.1212
9,1,0,13,39,28,1,13,3,0.833333333,171,0.666666667,1,0.0,0.232142857,0,0,17.66666667,5,1.4444
5,4,0,17,19,10,0,17,5,2.0,85,0.0,0,0.96,0.333333333,3,12,16.0,2,1.2
34,2,0,18,72,475,6,17,28,0.848484848,600,1.0,0,0.304347826,0.123376623,1,1,16.38235294,2,1.1471
2,2,0,7,5,1,2,5,2,1.0,22,0.0,0,0.947368421,0.625,1,1,9.5,1,0.5
11,1,2,20,37,29,12,13,8,0.45,353,0.0,2,0.0,0.214876033,0,0,30.90909091,7,1.6364
7,2,0,5,18,0,1,0,7,0.0,125,1.0,0,0.538461538,0.464285714,1,1,16.71428571,3,1.8571
10,0,0,12,17,21,0,12,9,0.666666667,80,1.0,1,0.0,0.333333333,0,0,6.7,1,0.8
6,5,0,11,25,3,1,11,4,0.84,253,0.8,2,0.961538462,0.4,1,6,40.33333333,11,3.3333
5,1,0,2,5,10,1,1,5,2.0,5,0.0,0,0.0,0.64,0,0,0.0,1,1.0
5,2,0,5,12,0,1,4,4,0.0,34,0.0,0,0.75,0.4,0,0,5.6,1,0.8
8,2,0,4,28,6,2,2,8,0.761904762,471,0.0,0,0.708333333,0.4375,1,1,57.125,2,1.0
6,5,0,16,50,1,6,11,2,0.55,546,1.0,1,0.993055556,0.3,0,0,89.33333333,5,1.8333
13,4,1,16,49,40,2,14,13,0.638888889,352,0.666666667,3,0.946902655,0.188034188,4,11,25.84615385,2,1.1538
4,3,0,6,17,0,2,4,4,0.833333333,70,0.5,0,0.909090909,0.583333333,0,0,16.0,3,1.5
1,1,0,0,1,0,0,0,1,2.0,1,0.0,0,0.0,1.0,0,0,0.0,1,1.0
2,1,0,4,5,0,1,3,2,0.0,17,1.0,0,0.0,0.666666667,0,0,7.0,1,0.5
12,2,0,6,24,56,2,5,7,0.75,145,1.0,0,0.3125,0.260416667,1,2,10.75,2,1.0833
1,3,0,0,2,0,0,0,1,2.0,5,0.0,0,1.0,1.0,0,0,4.0,0,0.0
3,2,0,3,5,3,1,2,0,2.0,24,0.0,0,0.5,0.555555556,0,0,7.0,2,1.3333
5,1,0,15,5,10,15,0,5,2.0,5,0.0,0,0.0,0.6,0,0,0.0,1,1.0
18,5,0,16,62,31,5,14,16,0.794117647,551,0.583333333,5,0.976083707,0.317647059,0,0,28.94444444,7,1.9444
3,7,0,5,6,3,1,4,1,2.0,31,0.0,0,0.985185185,0.555555556,3,5,9.333333333,2,1.0
5,3,0,1,16,8,0,1,3,1.24795082,4275,0.0,0,0.926829268,0.333333333,0,0,805.2,2,0.8
3,1,0,5,3,3,2,4,3,2.0,3,0.0,0,0.0,0.777777778,0,0,0.0,1,1.0
5,2,0,10,18,8,0,10,3,0.916666667,81,0.666666667,0,0.25,0.416666667,0,0,14.6,3,1.0
3,3,0,7,8,3,2,5,3,2.0,23,0.0,0,0.952380952,0.555555556,1,1,6.666666667,1,0.6667
13,4,0,3,16,78,0,3,13,2.0,72,0.0,0,0.872340426,0.538461538,1,7,4.538461538,1,0.9231
6,2,0,11,27,0,2,11,3,0.7,115,1.0,2,0.764705882,0.466666667,1,2,17.5,2,0.8333
2,6,0,4,10,0,0,4,2,0.0,27,1.0,0,0.947368421,0.666666667,0,0,12.0,1,0.5
13,1,0,0,30,4,0,0,11,0.733333333,238,0.8,2,0.0,0.375,0,0,16.92307692,4,1.4615
25,1,0,8,90,112,4,7,21,0.907738095,1160,0.357142857,1,0.0,0.239583333,0,0,44.84,29,2.96
9,1,0,4,18,14,3,1,4,0.65625,88,1.0,0,0.0,0.518518519,0,0,8.333333333,1,0.8889
16,4,0,8,43,86,0,8,16,0.857142857,226,1.0,0,0.765625,0.359375,2,4,12.6875,1,0.9375
6,1,0,2,13,0,0,2,6,0.4,51,1.0,0,0.0,0.833333333,0,0,7.166666667,1,0.8333
4,3,2,4,12,6,4,0,4,1.333333333,111,0.0,0,0.951219512,0.357142857,1,3,26.0,6,1.75
4,1,0,24,104,0,2,22,3,0.333333333,763,1.0,2,0.0,0.375,0,0,189.25,1,0.75
3,1,0,0,13,3,0,0,3,2.0,57,0.0,0,0.0,0.444444444,0,0,18.0,1,0.6667
4,1,0,3,5,6,1,2,3,1.0,15,0.0,1,0.0,0.533333333,0,0,2.5,1,0.5
3,1,0,1,9,0,1,1,2,0.0,67,1.0,1,0.0,0.5,0,0,20.0,3,1.6667
7,1,0,2,12,9,2,0,7,0.333333333,47,1.0,0,0.0,0.476190476,0,0,5.428571429,1,0.7143
29,3,0,15,48,146,9,7,27,0.977891156,538,0.238095238,4,0.307692308,0.252873563,1,4,16.10344828,2,0.9655
12,1,0,3,22,44,1,2,5,0.805194805,156,1.0,1,0.0,0.261904762,0,0,11.41666667,4,1.25
2,4,0,10,10,1,0,10,2,2.0,31,0.0,0,0.989690722,0.6,2,5,14.5,1,0.5
10,1,0,14,10,45,11,3,10,2.0,10,0.0,0,0.0,0.366666667,0,0,0.0,1,1.0
9,4,0,2,15,36,0,2,9,2.0,52,0.0,0,0.921568627,0.416666667,0,0,4.777777778,1,0.8889
3,3,0,0,4,1,0,0,2,0.5,260,0.0,0,0.974358974,1.0,0,0,85.33333333,1,0.3333
23,4,0,3,26,253,0,3,23,2.0,127,0.0,0,0.788461538,0.52173913,1,6,4.52173913,1,0.9565
2,2,0,1,5,1,0,1,2,2.0,14,0.0,0,0.923076923,0.75,0,0,6.0,1,0.5
8,1,0,8,17,28,2,6,5,2.0,75,0.0,0,0.0,0.416666667,0,0,8.375,3,1.125
20,1,0,16,45,188,1,16,19,0.052631579,184,1.0,2,0.0,0.172222222,0,0,8.1,4,1.1
8,1,0,6,25,0,5,1,7,0.6,169,1.0,0,0.0,0.416666667,0,0,19.5,7,1.875
3,1,0,11,22,3,0,11,3,2.0,101,0.0,0,0.0,0.416666667,0,0,32.66666667,2,1.3333
13,3,3,11,19,62,3,8,13,0.638888889,95,1.0,1,0.936170213,0.346153846,1,3,6.076923077,3,1.1538
13,4,0,3,16,78,0,3,13,2.0,72,0.0,0,0.872340426,0.538461538,1,4,4.538461538,1,0.9231
13,2,0,18,112,76,3,17,1,0.875,1000,1.0,1,0.4,0.272727273,1,1,75.76923077,10,5.2308
27,3,1,19,80,249,4,15,18,0.869230769,607,1.0,2,0.587301587,0.166666667,0,0,20.92592593,3,1.1481
3,5,1,6,14,3,5,2,3,2.0,52,0.0,0,0.96875,0.555555556,1,1,16.33333333,3,1.6667
5,3,0,9,17,8,1,8,5,0.5,92,1.0,0,0.904761905,0.4,1,6,17.2,8,2.4
4,1,1,4,12,6,3,1,4,0.666666667,37,1.0,1,0.0,0.5,0,0,8.0,1,0.75
1,1,0,2,1,0,2,0,1,2.0,1,0.0,0,0.0,1.0,0,0,0.0,1,1.0
7,1,0,5,19,21,2,3,7,2.0,105,0.0,0,0.0,0.2,1,1,14.0,8,2.4286
2,1,0,4,2,1,4,0,2,2.0,2,0.0,0,0.0,1.0,0,0,0.0,1,1.0
20,2,0,8,30,144,2,8,20,0.879699248,148,1.0,0,0.575,0.20625,0,0,6.05,2,0.95
19,4,0,3,24,171,0,3,19,2.0,107,0.0,0,0.82,0.394736842,1,6,4.631578947,1,0.9474
4,1,0,2,6,0,1,1,4,0.333333333,35,1.0,2,0.0,0.5,0,0,7.25,3,1.25
0,1,0,1,0,0,1,0,0,2.0,179,0.0,0,0.0,0.0,0,0,0.0,0,0.0
14,3,0,10,44,0,0,10,14,0.730769231,199,1.0,1,0.74,0.255102041,2,4,12.92857143,2,1.4286
14,3,0,6,34,65,0,6,14,0.91025641,378,1.0,1,0.74,0.595238095,1,1,25.14285714,2,1.0
5,2,0,9,10,10,3,6,5,2.0,30,0.0,0,0.926829268,0.36,1,1,5.0,1,0.6
5,2,2,22,6,10,17,5,5,2.0,26,0.0,0,0.636363636,0.9,0,0,4.2,1,0.8
13,3,0,7,52,48,0,7,7,0.892857143,355,1.0,1,0.755102041,0.195804196,1,1,25.76923077,2,1.0769
9,1,1,7,17,34,1,6,4,0.6875,93,1.0,2,0.0,0.351851852,0,0,9.111111111,1,0.8889
20,2,0,5,35,114,1,4,18,0.855263158,359,0.625,0,0.392857143,0.45,1,6,16.55,2,0.9
1,3,0,1,2,0,0,1,1,2.0,4,0.0,0,1.0,1.0,0,0,3.0,0,0.0
1,1,0,1,1,0,0,1,1,2.0,1,0.0,0,0.0,1.0,0,0,0.0,1,1.0
5,6,0,7,46,4,1,7,1,0.568181818,395,1.0,2,0.994056464,0.5,2,4,75.8,6,3.2
32,3,2,16,97,362,2,14,32,0.941935484,941,0.76,3,0.544117647,0.201388889,3,3,27.625,45,2.625
35,4,0,3,43,595,0,3,35,2.0,200,0.0,0,0.734375,0.308571429,0,0,4.714285714,1,0.9714
5,2,0,17,33,0,4,15,5,0.25,292,1.0,0,0.9,0.466666667,1,2,57.0,1,0.6
4,1,0,8,8,4,1,7,2,0.666666667,32,1.0,1,0.0,0.5,0,0,6.75,2,0.75
5,2,0,3,13,4,2,3,5,1.0,61,1.0,3,0.904761905,0.5,1,1,10.0,1,0.4
6,1,0,10,47,7,1,9,4,0.466666667,258,1.0,0,0.0,0.416666667,0,0,41.5,5,2.1667
5,2,0,10,22,10,4,8,5,2.0,140,0.0,0,0.9,0.4,2,2,27.0,1,0.6
6,3,3,0,10,0,0,0,6,0.0,54,1.0,0,0.85,0.555555556,1,2,7.833333333,3,1.0
23,2,1,3,51,195,3,1,13,0.809090909,300,1.0,0,0.24137931,0.166007905,0,0,11.82608696,7,1.5652
6,3,0,8,37,3,1,8,4,0.666666667,151,1.0,1,0.814814815,0.305555556,1,1,23.66666667,1,0.8333
6,3,1,6,10,0,2,5,6,0.0,46,1.0,1,0.933333333,0.555555556,1,1,6.5,1,0.8333
9,1,0,16,50,24,1,15,1,0.375,239,1.0,0,0.5,0.416666667,1,4,25.44444444,10,2.1111
13,2,0,6,31,14,0,6,12,0.583333333,268,1.0,4,0.541666667,0.307692308,1,8,19.07692308,3,1.4615
4,2,1,6,19,0,1,6,4,0.333333333,164,1.0,1,0.823529412,0.5,1,4,39.75,11,3.25
51,3,0,11,99,1275,1,10,49,1.02,564,0.0,0,0.333333333,0.193277311,0,0,10.03921569,6,1.1765
14,4,0,16,48,35,4,12,14,2.0,328,0.0,0,0.868421053,0.2,1,1,22.42857143,1,0.7143
11,2,16,26,22,37,18,9,7,0.733333333,115,1.0,1,0.4375,0.309090909,1,1,9.181818182,2,0.9091
52,3,0,17,109,1318,1,17,49,0.607843137,435,0.5,1,0.319444444,0.101495726,1,2,7.288461538,5,1.0192
7,1,0,2,8,0,2,0,7,0.0,147,1.0,0,0.0,0.342857143,1,1,19.85714286,4,1.0
19,3,1,24,85,91,5,20,17,0.805555556,502,0.5,2,0.91588785,0.127819549,2,6,25.10526316,4,1.2632
8,3,0,10,39,0,0,10,6,0.628571429,330,1.0,1,0.840909091,0.325,0,0,39.625,1,0.875
2,6,0,3,4,1,0,3,1,2.0,11,0.0,0,0.987179487,0.666666667,0,0,4.5,1,0.5
3,1,0,10,22,1,1,9,2,0.5,141,1.0,1,0.0,0.666666667,0,0,45.33333333,6,2.0
11,4,0,19,42,0,1,19,11,0.64,380,1.0,3,0.879518072,0.204545455,2,7,33.09090909,35,4.8182
37,1,0,24,111,666,12,15,14,2.0,1616,0.0,0,0.0,0.153846154,0,0,42.67567568,30,3.1622
1,1,0,3,1,0,3,0,1,2.0,1,0.0,0,0.0,1.0,0,0,0.0,1,1.0
12,1,0,6,39,46,1,5,3,0.8,510,1.0,2,0.0,0.227272727,0,0,41.08333333,11,3.5
3,4,0,27,5,3,27,0,3,2.0,16,0.0,0,1.0,0.555555556,0,0,4.333333333,0,0.0
4,1,0,8,4,6,8,0,4,2.0,4,0.0,0,0.0,1.0,0,0,0.0,1,1.0
87,2,29,95,125,3307,84,17,77,0.931007752,1275,0.733333333,3,0.558974359,0.09127789,1,12,13.48275862,7,1.4483
13,6,0,25,69,78,1,24,12,2.0,420,0.0,0,0.945273632,0.174825175,4,7,31.30769231,4,1.2308
6,2,0,4,19,15,1,4,6,2.0,93,0.0,0,0.807692308,0.5,1,3,14.5,2,1.0
5,2,1,3,16,0,1,2,5,0.5,102,1.0,1,0.2,0.4,1,1,19.0,2,1.0
7,1,0,4,24,0,0,4,6,0.566666667,186,1.0,1,0.0,0.619047619,0,0,24.85714286,6,2.2857
31,3,2,23,79,239,12,13,26,0.783333333,1095,0.333333333,2,0.641975309,0.180107527,2,9,34.12903226,17,3.0645
25,1,0,10,37,290,7,3,22,0.888888889,161,1.0,1,0.0,0.157407407,0,0,5.2,3,1.16
8,5,0,6,25,6,5,4,3,0.80952381,173,0.666666667,2,0.989393939,0.275,3,7,20.25,7,2.25
20,5,0,27,144,154,13,22,11,0.855263158,1034,0.75,2,0.979214781,0.157894737,3,12,50.3,40,4.25
13,1,0,3,49,64,1,2,0,0.916666667,699,0.833333333,0,0.0,0.3125,0,0,52.30769231,16,2.4615
3,4,0,17,19,1,0,17,3,0.5,107,1.0,1,0.979591837,0.444444444,3,14,34.0,1,0.6667
16,2,2,6,31,102,3,3,11,0.933333333,9849,0.75,1,0.176470588,0.19047619,0,0,614.0625,5,1.1875
6,3,0,16,31,7,2,16,3,0.733333333,108,1.0,1,0.84,0.4,1,1,16.5,3,1.0
10,6,0,35,46,1,2,33,10,0.518518519,302,1.0,2,0.925233645,0.242857143,3,4,28.9,8,1.6
25,1,0,11,63,230,0,11,22,0.65,316,1.0,2,0.0,0.13,0,0,11.44,3,1.04
8,1,5,36,11,28,34,2,7,1.0,26,0.0,0,0.0,0.571428571,0,0,2.0,1,0.75
11,2,0,5,17,25,2,3,8,0.8,126,0.5,0,0.578947368,0.568181818,1,5,10.27272727,3,1.2727
2,1,0,4,2,1,2,2,2,2.0,2,0.0,0,0.0,0.75,0,0,0.0,1,1.0
5,3,0,8,26,10,1,8,3,2.0,144,0.0,0,0.882352941,0.4,0,0,27.8,6,3.0
25,5,0,29,87,192,15,22,10,0.847222222,497,0.888888889,3,0.964549483,0.146666667,3,12,18.52,6,1.6
11,2,0,4,22,43,0,4,9,1.0,120,0.2,0,0.578947368,0.522727273,1,6,9.454545455,2,0.8182
3,1,0,4,9,1,1,3,3,0.0,47,1.0,0,0.0,0.5,0,0,14.33333333,2,1.0
9,2,0,9,23,36,9,9,0,2.0,82,0.0,0,0.529411765,0.444444444,0,0,8.111111111,1,0.8889
1,1,0,0,2,0,0,0,1,2.0,4,0.0,0,0.0,1.0,0,0,3.0,0,0.0
11,6,0,11,70,47,3,10,8,0.911111111,672,1.0,11,0.985272459,0.272727273,3,5,57.63636364,3,1.3636
2,1,0,2,2,1,2,1,2,2.0,2,0.0,0,0.0,0.75,0,0,0.0,1,1.0
2,1,0,3,20,1,0,3,2,2.0,85,0.0,0,0.0,0.5,0,0,41.5,6,3.0
23,3,0,7,34,137,3,6,21,0.772727273,230,1.0,0,0.660377358,0.402173913,2,6,8.782608696,4,0.9565
3,4,0,9,29,3,2,9,2,2.0,107,0.0,0,0.990566038,0.666666667,1,1,34.66666667,1,0.6667
25,3,0,18,91,218,0,18,18,0.889880952,671,1.0,2,0.616666667,0.325,1,1,25.28,10,1.56
4,3,0,5,9,4,0,5,3,0.666666667,31,1.0,0,0.818181818,0.666666667,0,0,6.5,1,0.5
4,2,0,3,16,0,0,3,4,0.333333333,59,1.0,0,0.842105263,0.875,1,1,13.5,5,1.75
2,4,0,3,4,1,2,1,2,2.0,12,1.0,0,1.0,0.833333333,0,0,4.5,0,0.0
4,3,0,2,8,6,2,0,4,1.333333333,21,1.0,0,1.0,0.666666667,0,0,4.0,0,0.0
30,2,59,138,52,361,135,7,20,0.86637931,318,1.0,4,0.236842105,0.195833333,1,3,9.333333333,4,1.2
24,3,0,21,96,246,9,13,20,0.722826087,610,0.875,1,0.566037736,0.154166667,1,1,24.08333333,14,2.5417
2,2,7,12,14,1,7,5,1,2.0,40,0.0,0,0.857142857,0.666666667,0,0,19.0,3,1.5
6,3,0,3,24,11,0,3,4,0.8,151,1.0,0,0.880952381,0.5,2,2,23.83333333,1,0.8333
51,4,0,25,131,927,18,15,48,0.971666667,923,0.138888889,5,0.92816092,0.130718954,3,21,16.39215686,7,1.6078
13,2,0,14,44,54,1,13,4,0.708333333,223,1.0,1,0.565217391,0.305555556,1,1,15.84615385,3,1.1538
3,6,0,2,17,1,0,2,3,0.5,325,1.0,0,0.997019374,1.0,2,4,104.0,6,2.3333
5,5,0,13,23,4,1,13,3,0.75,251,1.0,2,0.968992248,0.44,1,5,48.4,10,3.0
2,1,0,0,2,1,0,0,2,2.0,2,0.0,0,0.0,0.75,0,0,0.0,1,1.0
13,3,0,6,29,38,2,4,11,0.716666667,178,0.6,1,0.466666667,0.285714286,1,2,12.30769231,1,0.6154
79,2,3,23,196,1751,4,20,48,0.844230769,3344,0.8,4,0.527272727,0.150994575,2,14,41.07594937,14,1.8354
33,1,0,4,74,274,2,2,31,0.642857143,580,0.714285714,0,0.0,0.193939394,0,0,16.36363636,5,1.0606
1,1,0,6,2,0,6,0,0,2.0,32,0.0,0,0.0,1.0,0,0,24.0,0,0.0
10,1,2,6,14,19,3,4,6,0.611111111,71,1.0,2,0.0,0.325,0,0,5.9,3,1.3
17,1,0,24,39,0,22,2,17,0.5,415,0.5,0,0.0,0.426470588,0,0,23.29411765,5,2.5882
4,2,0,4,8,0,0,4,4,0.916666667,69,0.0,1,0.571428571,0.5,0,0,15.25,4,2.0
48,2,0,10,64,616,4,6,45,0.9,667,0.95,8,0.196428571,0.215805471,1,4,12.47916667,2,0.9583
14,6,0,10,56,35,2,10,1,0.538461538,708,1.0,3,0.980938416,0.5,1,3,48.21428571,3,1.3571
39,2,0,10,72,277,1,9,2,1.0,804,1.0,0,0.571428571,0.184210526,1,12,19.46153846,12,1.5641
6,1,0,0,6,15,0,0,6,2.0,6,0.0,0,0.0,0.5,0,0,0.0,1,1.0
2,3,0,9,4,1,9,0,2,2.0,9,0.0,0,1.0,0.75,0,0,3.5,0,0.0
10,5,0,9,16,27,1,8,9,0.844444444,79,1.0,0,0.945205479,0.263888889,2,5,6.4,2,0.9
2,2,2,6,6,1,2,4,1,2.0,19,0.0,0,0.875,0.75,0,0,8.5,2,1.0
13,2,0,5,22,66,2,3,11,0.805555556,140,0.666666667,0,0.523809524,0.4,1,6,9.538461538,2,0.8462
2,4,0,10,12,1,0,10,2,2.0,39,0.0,0,0.989690722,0.6,2,4,18.5,2,1.0
4,1,0,7,4,6,6,1,4,2.0,4,0.0,0,0.0,0.7,0,0,0.0,1,1.0
5,3,0,28,42,4,0,28,4,0.5,253,1.0,1,0.933333333,0.333333333,1,6,49.4,4,1.6
15,2,1,14,53,61,3,11,11,0.8,307,1.0,2,0.277777778,0.333333333,1,1,19.13333333,18,2.6
4,3,0,5,32,2,0,5,4,0.666666667,215,1.0,0,0.925,0.75,1,1,52.25,1,0.75
6,4,0,9,48,5,0,9,5,0.666666667,300,1.0,0,0.939759036,0.458333333,4,5,48.5,10,2.3333
5,1,3,13,6,10,10,3,0,2.0,8,0.0,0,0.0,0.6,0,0,0.6,1,0.8
27,1,0,1,43,13,1,0,13,0.600961538,1174,1.0,0,0.0,0.25308642,0,0,42.18518519,26,5.7407
2,1,0,6,6,0,1,5,2,0.0,22,1.0,0,0.0,0.6,0,0,9.5,1,0.5
8,1,0,10,27,28,5,0,4,2.0,198,0.0,0,0.0,0.71875,0,0,23.75,2,1.0
2,1,0,14,16,0,1,14,2,0.0,102,1.0,0,0.0,0.75,0,0,49.5,6,3.0
74,3,2,47,119,2539,37,17,70,0.966051221,1136,0.913043478,4,0.728624535,0.073443008,3,19,14.04054054,16,1.8378
4,3,0,5,13,0,1,5,1,0.666666667,60,0.5,0,0.952380952,0.5,2,7,13.5,2,1.0
2,4,0,8,11,1,0,8,2,2.0,44,0.0,0,0.979591837,0.75,1,6,21.0,1,0.5
8,1,0,17,38,20,1,17,3,0.642857143,191,1.0,1,0.0,0.244897959,0,0,22.625,6,1.625
11,1,0,13,52,55,1,12,9,2.0,304,0.0,0,0.0,0.212121212,0,0,26.63636364,5,1.8182
0,1,0,1,0,0,1,0,0,2.0,24,0.0,0,0.0,0.0,0,0,0.0,0,0.0
5,1,0,6,34,10,2,4,5,2.0,198,0.0,0,0.0,0.3,0,0,38.6,1,0.8
2,4,0,13,13,1,0,13,2,2.0,43,0.0,0,0.989690722,0.6,2,4,20.5,2,1.0
1,3,0,4,2,0,1,3,1,2.0,9,0.0,0,1.0,1.0,0,0,7.0,0,0.0
3,3,0,0,4,1,0,0,2,0.5,1248,1.0,0,0.974358974,1.0,0,0,414.6666667,1,0.3333
25,1,0,4,29,0,4,0,24,0.388888889,629,1.0,0,0.0,0.36,1,1,24.04,9,2.6
11,2,0,4,16,55,2,3,11,1.1,96,0.333333333,0,0.25,0.272727273,0,0,7.454545455,1,0.8182
4,5,0,2,8,6,1,1,4,2.0,20,0.0,0,1.0,0.666666667,0,0,4.0,0,0.0
4,1,0,2,18,0,1,1,4,0.222222222,129,1.0,1,0.0,0.4375,1,1,30.5,6,2.5
9,1,0,12,32,0,12,0,8,0.6875,276,1.0,0,0.0,0.555555556,0,0,29.0,5,2.1111
12,1,0,29,64,38,1,28,11,0.818181818,394,1.0,2,0.0,0.238636364,0,0,31.33333333,11,2.0833
0,1,0,16,0,0,16,0,0,2.0,0,0.0,0,0.0,0.0,0,0,0.0,0,0.0
13,1,0,1,13,78,0,1,13,2.0,13,0.0,0,0.0,0.403846154,0,0,0.0,1,1.0
10,1,0,19,38,0,15,6,8,0.222222222,191,1.0,0,0.0,0.203703704,0,0,18.0,3,1.3
33,2,0,6,44,322,2,4,5,0.857469512,4238,0.780487805,1,0.138888889,0.257575758,1,1,126.1818182,32,5.6061
16,3,0,3,40,84,1,2,16,0.658333333,604,1.0,2,0.580645161,0.291666667,2,7,36.25,1,0.8125
45,1,0,3,84,990,0,3,37,1.022727273,1526,0.0,0,0.0,0.172222222,0,0,32.71111111,10,1.6
2,2,0,7,7,1,1,6,1,2.0,32,0.0,0,0.947368421,0.625,1,1,15.0,1,0.5
2,1,0,4,2,1,3,2,2,2.0,2,0.0,0,0.0,1.0,0,0,0.0,1,1.0
3,2,1,4,5,3,3,1,3,2.0,18,0.0,0,0.875,0.555555556,1,1,5.0,1,0.3333
2,1,0,4,4,1,2,2,2,2.0,8,0.0,0,0.0,0.75,0,0,3.0,1,0.5
2,3,0,3,6,0,0,3,2,0.0,41,0.0,0,0.8,0.666666667,0,0,18.5,1,0.5
11,4,0,3,14,55,0,3,11,2.0,61,0.0,0,0.891304348,0.545454545,1,6,4.545454545,1,0.9091
15,4,0,243,27,0,242,1,15,0.392857143,157,1.0,1,0.619047619,0.322222222,1,3,9.333333333,2,0.6667
1,4,0,26,2,0,25,1,1,2.0,5,0.0,0,1.0,1.0,0,0,4.0,0,0.0
11,2,0,6,39,21,2,4,10,0.92,256,1.0,0,0.615384615,0.409090909,1,2,21.81818182,4,2.2727
5,2,0,2,18,8,1,1,5,0.75,88,0.5,0,0.764705882,0.45,1,2,15.8,1,0.8
15,3,0,3,37,41,1,2,14,0.696428571,437,0.75,1,0.454545455,0.311111111,1,2,27.33333333,1,0.8
6,1,2,6,25,3,5,1,6,0.56,424,0.0,1,0.0,0.375,0,0,68.83333333,8,2.8333
